cohort,image,effort,distance,cpu,batch,gpu,mode,power,variant,selected,metric,n,median,mean,p10,p90,min,max
ac_trace,alpine24,1,1.9,8,1,1,trace,ac,2,2,workflow.quantization.cpu,16,40.63775,41.0091694375,40.3247505,42.005416999999994,40.076667,43.473167
ac_trace,alpine24,1,1.9,8,1,1,trace,ac,2,2,dc.prepare.cpu,16,3.3824585000000003,3.397453125,3.3498954999999997,3.4596875000000002,3.3335,3.54625
ac_trace,alpine24,1,1.9,8,1,1,trace,ac,2,2,token.population_reduce.cpu,16,1.154333,1.1651484375,1.1359789999999998,1.198833,1.126375,1.286667
ac_trace,alpine24,1,1.9,8,1,1,trace,ac,2,2,entropy.dc.cpu,16,5.701874999999999,5.73315625,5.5833125,5.8833745,5.565292,6.125333
ac_trace,alpine24,1,1.9,8,1,1,trace,ac,2,2,entropy.ac.cpu,16,5.6421455,5.6176458125,5.429479,5.751271,5.398625,5.781291
ac_trace,alpine24,1,1.9,8,1,1,trace,ac,2,2,workflow.serializer.cpu,16,23.080646,23.0628463125,22.721145999999997,23.4052915,22.261666,23.558167
ac_trace,alpine24,1,1.9,8,1,1,trace,ac,2,2,gpu_ready_to_reduction,16,0.097,0.0979244375,0.080125,0.119812,0.075375,0.120708
ac_trace,alpine24,1,1.9,8,1,1,trace,ac,2,2,gpu_ready_to_ac_model,16,1.250292,1.2636249375,1.2202285000000002,1.3168745,1.21,1.381167
ac_trace,alpine24,1,1.9,8,1,1,trace,ac,2,2,dc_ready_to_dc_model,16,0.0002915,0.0002448125,0.000125,0.000334,4.2e-05,0.0005
ac_trace,alpine24,1,1.9,8,1,1,trace,ac,2,2,begin_to_models_done,16,10.8392085,10.8233933125,10.553229,11.157834000000001,10.176417,11.336666
ac_trace,alpine24,1,1.9,8,1,1,trace,ac,2,2,dc_group_threads,16,6.0,6,6.0,6.0,6,6
ac_trace,alpine24,1,1.9,8,1,1,trace,ac,0,0,workflow.quantization.cpu,16,41.065250000000006,41.12410675,40.2421875,42.000625,39.942292,42.548083
ac_trace,alpine24,1,1.9,8,1,1,trace,ac,0,0,dc.prepare.cpu,16,3.4388335,3.434101625,3.3603959999999997,3.4805205,3.348,3.586875
ac_trace,alpine24,1,1.9,8,1,1,trace,ac,0,0,token.population_reduce.cpu,16,1.133208,1.146796875,1.1095835,1.1814585,1.106459,1.281542
ac_trace,alpine24,1,1.9,8,1,1,trace,ac,0,0,entropy.ac.cpu,16,5.4974795,5.5098776874999995,5.3895205,5.629125,5.304792,5.747208
ac_trace,alpine24,1,1.9,8,1,1,trace,ac,0,0,entropy.dc.cpu,16,5.658542,5.683073,5.584021,5.8130835,5.494542,5.965875
ac_trace,alpine24,1,1.9,8,1,1,trace,ac,0,0,workflow.serializer.cpu,16,23.6317915,23.6209791875,23.3692915,23.834375,23.343125,24.0925
ac_trace,alpine24,1,1.9,8,1,1,trace,ac,0,0,gpu_ready_to_reduction,16,0.614188,0.6431093125,0.521896,0.9337915,0.179292,1.000041
ac_trace,alpine24,1,1.9,8,1,1,trace,ac,0,0,gpu_ready_to_ac_model,16,1.776271,1.828963375,1.6908745,2.1506875,1.385417,2.230416
ac_trace,alpine24,1,1.9,8,1,1,trace,ac,0,0,dc_ready_to_dc_model,16,1.165333,1.18219775,1.145104,1.2185205,1.137458,1.319
ac_trace,alpine24,1,1.9,8,1,1,trace,ac,0,0,begin_to_models_done,16,11.337875,11.3793750625,11.236458500000001,11.5534375,11.182708,11.693417
ac_trace,alpine24,1,1.9,8,1,1,trace,ac,0,0,dc_group_threads,16,6.0,6,6.0,6.0,6,6
ac_trace,alpine24,1,1.9,8,1,1,trace,ac,1,1,workflow.quantization.cpu,16,41.3904375,41.336991999999995,40.534521,41.945958,40.094416,42.394625
ac_trace,alpine24,1,1.9,8,1,1,trace,ac,1,1,dc.prepare.cpu,16,3.377125,3.6502735,3.358542,3.481375,3.334166,7.480542
ac_trace,alpine24,1,1.9,8,1,1,trace,ac,1,1,token.population_reduce.cpu,16,1.1614375,1.283585875,1.1513335,1.210375,1.142042,3.025875
ac_trace,alpine24,1,1.9,8,1,1,trace,ac,1,1,entropy.ac.cpu,16,5.498729,5.5184895625,5.4239165,5.602979,5.395959,5.870875
ac_trace,alpine24,1,1.9,8,1,1,trace,ac,1,1,entropy.dc.cpu,16,5.7482495,5.717658875,5.5667705000000005,5.852354500000001,5.488042,5.857459
ac_trace,alpine24,1,1.9,8,1,1,trace,ac,1,1,workflow.serializer.cpu,16,23.092437500000003,23.3614585,22.7723755,23.530500500000002,22.715667,27.684583
ac_trace,alpine24,1,1.9,8,1,1,trace,ac,1,1,gpu_ready_to_reduction,16,0.098125,0.099041625,0.084562,0.11529149999999999,0.082084,0.126709
ac_trace,alpine24,1,1.9,8,1,1,trace,ac,1,1,gpu_ready_to_ac_model,16,1.3162495,1.56119775,1.29775,1.374646,1.287083,5.114375
ac_trace,alpine24,1,1.9,8,1,1,trace,ac,1,1,dc_ready_to_dc_model,16,0.706396,0.671158875,0.389625,0.8020835,0.083708,1.17225
ac_trace,alpine24,1,1.9,8,1,1,trace,ac,1,1,begin_to_models_done,16,10.9170205,11.1373985,10.6162295,11.305771,10.512292,14.651708
ac_trace,alpine24,1,1.9,8,1,1,trace,ac,1,1,dc_group_threads,16,6.0,6,6.0,6.0,6,6
ac_trace,alpine24,7,1.9,8,1,1,trace,ac,2,2,workflow.quantization.cpu,16,279.07604200000003,279.33422925,274.974042,283.917917,274.555958,285.86825
ac_trace,alpine24,7,1.9,8,1,1,trace,ac,2,2,token.population_reduce.cpu,16,1.199625,1.214609375,1.163396,1.2941665,1.161208,1.307417
ac_trace,alpine24,7,1.9,8,1,1,trace,ac,2,2,dc.prepare.cpu,16,3.8392085,3.8145703125,3.188583,4.6045835,3.184584,4.893917
ac_trace,alpine24,7,1.9,8,1,1,trace,ac,2,2,entropy.dc.cpu,16,4.0247085,4.256122375,3.9758335000000002,4.919479,3.8805,5.033708
ac_trace,alpine24,7,1.9,8,1,1,trace,ac,2,2,entropy.ac.cpu,16,10.043208,10.544648375,9.8293335,12.156437,9.811875,12.439291
ac_trace,alpine24,7,1.9,8,1,1,trace,ac,2,2,workflow.serializer.cpu,16,26.4355625,27.4132760625,26.2048125,30.208750000000002,25.9095,31.0245
ac_trace,alpine24,7,1.9,8,1,1,trace,ac,2,2,gpu_ready_to_reduction,16,0.097875,0.1033253125,0.087708,0.12131249999999999,0.082416,0.141125
ac_trace,alpine24,7,1.9,8,1,1,trace,ac,2,2,gpu_ready_to_ac_model,16,1.2910620000000002,1.3183018125000001,1.2582915,1.4089999999999998,1.249791,1.417625
ac_trace,alpine24,7,1.9,8,1,1,trace,ac,2,2,dc_ready_to_dc_model,16,0.000209,0.00022393750000000002,0.00010400000000000001,0.00033350000000000003,8.3e-05,0.000417
ac_trace,alpine24,7,1.9,8,1,1,trace,ac,2,2,begin_to_models_done,16,14.8067085,15.3895780625,14.5266665,17.215457999999998,14.227791,17.703583
ac_trace,alpine24,7,1.9,8,1,1,trace,ac,2,2,dc_group_threads,16,6.0,6,6.0,6.0,6,6
ac_trace,alpine24,7,1.9,8,1,1,trace,ac,0,0,workflow.quantization.cpu,16,277.5709375,278.6432656875,274.70668750000004,284.1447085,274.426084,284.800375
ac_trace,alpine24,7,1.9,8,1,1,trace,ac,0,0,dc.prepare.cpu,16,3.4442295,3.65965125,3.204917,4.371896,3.204042,5.245917
ac_trace,alpine24,7,1.9,8,1,1,trace,ac,0,0,token.population_reduce.cpu,16,1.174437,1.1946744375,1.1521045,1.2752495000000001,1.150834,1.354541
ac_trace,alpine24,7,1.9,8,1,1,trace,ac,0,0,entropy.dc.cpu,16,3.8657295,4.012528625,3.769958,4.524583,3.735292,5.139958
ac_trace,alpine24,7,1.9,8,1,1,trace,ac,0,0,entropy.ac.cpu,16,9.927625500000001,10.26245575,9.74125,11.255146,9.724416,13.01875
ac_trace,alpine24,7,1.9,8,1,1,trace,ac,0,0,workflow.serializer.cpu,16,27.267437,28.168796874999998,26.79475,31.356042000000002,26.71225,34.311875
ac_trace,alpine24,7,1.9,8,1,1,trace,ac,0,0,gpu_ready_to_reduction,16,1.0533540000000001,1.1839165,0.6269374999999999,1.832333,0.571416,3.002625
ac_trace,alpine24,7,1.9,8,1,1,trace,ac,0,0,gpu_ready_to_ac_model,16,2.2926659999999996,2.41243725,1.821354,3.128208,1.76725,4.393875
ac_trace,alpine24,7,1.9,8,1,1,trace,ac,0,0,dc_ready_to_dc_model,16,1.202604,1.228117125,1.1826875000000001,1.307625,1.177875,1.393875
ac_trace,alpine24,7,1.9,8,1,1,trace,ac,0,0,begin_to_models_done,16,15.5545625,16.1622864375,15.204438,18.515666500000002,15.120083,20.32725
ac_trace,alpine24,7,1.9,8,1,1,trace,ac,0,0,dc_group_threads,16,6.0,6,6.0,6.0,6,6
ac_trace,alpine24,7,1.9,8,1,1,trace,ac,1,1,workflow.quantization.cpu,16,278.9538745,279.3492705625,276.1543955,283.1659165,275.410791,286.3655
ac_trace,alpine24,7,1.9,8,1,1,trace,ac,1,1,dc.prepare.cpu,16,3.5355,3.7581979375,3.2228125,4.7375,3.209875,4.915625
ac_trace,alpine24,7,1.9,8,1,1,trace,ac,1,1,token.population_reduce.cpu,16,1.2446875,1.26919275,1.1608545000000001,1.3606665,1.083458,1.635083
ac_trace,alpine24,7,1.9,8,1,1,trace,ac,1,1,entropy.dc.cpu,16,4.0799585,4.4458905625,3.842667,5.422729,3.743083,5.505792
ac_trace,alpine24,7,1.9,8,1,1,trace,ac,1,1,entropy.ac.cpu,16,9.86975,10.8919974375,9.7775,13.059021000000001,9.743042,13.236416
ac_trace,alpine24,7,1.9,8,1,1,trace,ac,1,1,workflow.serializer.cpu,16,26.646438,28.6128593125,25.9847705,33.4970415,25.746584,33.927625
ac_trace,alpine24,7,1.9,8,1,1,trace,ac,1,1,gpu_ready_to_reduction,16,0.11554149999999999,0.1192576875,0.090833,0.145,0.087334,0.174208
ac_trace,alpine24,7,1.9,8,1,1,trace,ac,1,1,gpu_ready_to_ac_model,16,1.3997495,1.6299946875,1.3293335,2.277896,1.249833,2.43575
ac_trace,alpine24,7,1.9,8,1,1,trace,ac,1,1,dc_ready_to_dc_model,16,0.279,0.3435468125,0.027604,0.794604,0.02725,1.031541
ac_trace,alpine24,7,1.9,8,1,1,trace,ac,1,1,begin_to_models_done,16,14.93925,16.1028073125,14.380875,19.299396,14.183208,19.661958
ac_trace,alpine24,7,1.9,8,1,1,trace,ac,1,1,dc_group_threads,16,6.0,6,6.0,6.0,6,6
ac_trace,campus12,7,1.9,8,1,1,trace,ac,2,2,workflow.quantization.cpu,16,155.13354149999998,155.3260285625,153.4536665,157.48141700000002,153.369042,158.584541
ac_trace,campus12,7,1.9,8,1,1,trace,ac,2,2,token.population_reduce.cpu,16,1.185646,1.2154374374999999,1.171333,1.3052705,1.159917,1.353709
ac_trace,campus12,7,1.9,8,1,1,trace,ac,2,2,dc.prepare.cpu,16,3.272875,3.40429675,3.208729,3.849958,3.178458,4.474583
ac_trace,campus12,7,1.9,8,1,1,trace,ac,2,2,entropy.dc.cpu,16,2.6937085,2.7798019375,2.635208,3.0166245,2.610125,3.651
ac_trace,campus12,7,1.9,8,1,1,trace,ac,2,2,entropy.ac.cpu,16,11.0394165,11.342041625,10.634562,12.492604499999999,10.586584,14.15425
ac_trace,campus12,7,1.9,8,1,1,trace,ac,2,2,workflow.serializer.cpu,16,23.266562,23.7909400625,22.7470415,25.5895625,22.315917,28.062875
ac_trace,campus12,7,1.9,8,1,1,trace,ac,2,2,gpu_ready_to_reduction,16,0.091333,0.0929216875,0.08410400000000001,0.10783300000000001,0.068916,0.1235
ac_trace,campus12,7,1.9,8,1,1,trace,ac,2,2,gpu_ready_to_ac_model,16,1.2929165,1.3087758125,1.258375,1.3989159999999998,1.244833,1.446208
ac_trace,campus12,7,1.9,8,1,1,trace,ac,2,2,dc_ready_to_dc_model,16,0.0002085,0.000219,8.4e-05,0.000375,0.0,0.000417
ac_trace,campus12,7,1.9,8,1,1,trace,ac,2,2,begin_to_models_done,16,14.562667,14.9118229375,14.114583,16.3517505,13.802291,17.836417
ac_trace,campus12,7,1.9,8,1,1,trace,ac,2,2,dc_group_threads,16,6.0,6,6.0,6.0,6,6
ac_trace,campus12,7,1.9,8,1,1,trace,ac,0,0,workflow.quantization.cpu,16,154.8684585,155.1215445,153.42206249999998,157.1845835,153.287292,157.567334
ac_trace,campus12,7,1.9,8,1,1,trace,ac,0,0,dc.prepare.cpu,16,3.327146,3.5145808125,3.2432499999999997,3.9852290000000004,3.220458,4.259917
ac_trace,campus12,7,1.9,8,1,1,trace,ac,0,0,token.population_reduce.cpu,16,1.1776665,1.2090781875,1.1542914999999998,1.3226875,1.093042,1.373084
ac_trace,campus12,7,1.9,8,1,1,trace,ac,0,0,entropy.dc.cpu,16,2.7358754999999997,2.8220001875,2.5392710000000003,3.254021,2.486792,3.45725
ac_trace,campus12,7,1.9,8,1,1,trace,ac,0,0,entropy.ac.cpu,16,11.0848125,11.3800913125,10.734874999999999,12.3468125,10.671042,13.236584
ac_trace,campus12,7,1.9,8,1,1,trace,ac,0,0,workflow.serializer.cpu,16,25.155604,25.78234625,24.476937,27.665229500000002,24.282416,29.6215
ac_trace,campus12,7,1.9,8,1,1,trace,ac,0,0,gpu_ready_to_reduction,16,1.8053955,1.907708,1.4043955000000001,2.4421454999999996,1.158875,2.615834
ac_trace,campus12,7,1.9,8,1,1,trace,ac,0,0,gpu_ready_to_ac_model,16,3.029187,3.15061425,2.574583,3.785708,2.344208,4.0295
ac_trace,campus12,7,1.9,8,1,1,trace,ac,0,0,dc_ready_to_dc_model,16,1.205521,1.241304625,1.188146,1.3575,1.128166,1.4125
ac_trace,campus12,7,1.9,8,1,1,trace,ac,0,0,begin_to_models_done,16,16.3374585,16.879049625,15.8612705,18.3831045,15.791542,19.788959
ac_trace,campus12,7,1.9,8,1,1,trace,ac,0,0,dc_group_threads,16,6.0,6,6.0,6.0,6,6
ac_trace,campus12,7,1.9,8,1,1,trace,ac,1,1,workflow.quantization.cpu,16,155.613271,155.4548228125,153.3372495,157.25204150000002,153.284292,158.780541
ac_trace,campus12,7,1.9,8,1,1,trace,ac,1,1,token.population_reduce.cpu,16,1.1877909999999998,1.1973539375,1.1762085,1.2367705,1.155208,1.240291
ac_trace,campus12,7,1.9,8,1,1,trace,ac,1,1,dc.prepare.cpu,16,3.3026465,3.3820001875,3.2095000000000002,3.6474789999999997,3.188958,3.871625
ac_trace,campus12,7,1.9,8,1,1,trace,ac,1,1,entropy.dc.cpu,16,2.6984375,2.7171795625,2.5732495,2.900271,2.431125,2.962
ac_trace,campus12,7,1.9,8,1,1,trace,ac,1,1,entropy.ac.cpu,16,10.903186999999999,11.010713625,10.657937,11.538125,10.640917,11.743084
ac_trace,campus12,7,1.9,8,1,1,trace,ac,1,1,workflow.serializer.cpu,16,23.682958499999998,23.889036375,23.286853999999998,24.8334165,23.23,25.021666
ac_trace,campus12,7,1.9,8,1,1,trace,ac,1,1,gpu_ready_to_reduction,16,0.09172949999999999,0.0938019375,0.078437,0.10668749999999999,0.071666,0.147375
ac_trace,campus12,7,1.9,8,1,1,trace,ac,1,1,gpu_ready_to_ac_model,16,1.8099375,1.8862236875,1.686083,2.1381870000000003,1.303,2.7555
ac_trace,campus12,7,1.9,8,1,1,trace,ac,1,1,dc_ready_to_dc_model,16,0.0249585,0.0262993125,0.0221245,0.031396,0.021416,0.040083
ac_trace,campus12,7,1.9,8,1,1,trace,ac,1,1,begin_to_models_done,16,15.0172295,15.1549038125,14.654833499999999,15.80925,14.592208,16.160167
ac_trace,campus12,7,1.9,8,1,1,trace,ac,1,1,dc_group_threads,16,6.0,6,6.0,6.0,6,6
ac_trace,clic_a,1,1.9,8,1,1,trace,ac,2,2,workflow.quantization.cpu,16,5.1577705,5.4355571875,4.9597705,6.1243125,4.883541,7.117459
ac_trace,clic_a,1,1.9,8,1,1,trace,ac,2,2,token.population_reduce.cpu,16,1.087625,1.04298425,0.8806875,1.1357495000000002,0.849708,1.192875
ac_trace,clic_a,1,1.9,8,1,1,trace,ac,2,2,dc.prepare.cpu,16,2.3417079999999997,2.340786375,2.3009165,2.4024375,2.287583,2.413
ac_trace,clic_a,1,1.9,8,1,1,trace,ac,2,2,entropy.dc.cpu,16,1.206271,1.2161953125,1.1581045,1.2690835,1.14725,1.391083
ac_trace,clic_a,1,1.9,8,1,1,trace,ac,2,2,entropy.ac.cpu,16,2.4714169999999998,2.50454425,2.4233124999999998,2.661271,2.337708,2.751542
ac_trace,clic_a,1,1.9,8,1,1,trace,ac,2,2,workflow.serializer.cpu,16,7.0214165,6.9780053125,6.6509789999999995,7.267334,6.496,7.337584
ac_trace,clic_a,1,1.9,8,1,1,trace,ac,2,2,gpu_ready_to_reduction,16,0.0753745,0.0755909375,0.0669995,0.0824165,0.064834,0.094583
ac_trace,clic_a,1,1.9,8,1,1,trace,ac,2,2,gpu_ready_to_ac_model,16,1.1665835,1.1187940625,0.9555415,1.208604,0.930583,1.272416
ac_trace,clic_a,1,1.9,8,1,1,trace,ac,2,2,dc_ready_to_dc_model,16,6.25e-05,6.518749999999999e-05,0.0,0.0001255,0.0,0.00025
ac_trace,clic_a,1,1.9,8,1,1,trace,ac,2,2,begin_to_models_done,16,4.359166999999999,4.2913541875,4.0061455,4.5436250000000005,3.912875,4.588916
ac_trace,clic_a,1,1.9,8,1,1,trace,ac,2,2,dc_group_threads,16,1.0,1,1.0,1.0,1,1
ac_trace,clic_a,1,1.9,8,1,1,trace,ac,0,0,workflow.quantization.cpu,16,5.099479,5.4328618749999995,4.96475,6.168146,4.8195,8.121459
ac_trace,clic_a,1,1.9,8,1,1,trace,ac,0,0,dc.prepare.cpu,16,2.2996665,2.299812375,2.2791040000000002,2.3206875,2.274833,2.348833
ac_trace,clic_a,1,1.9,8,1,1,trace,ac,0,0,token.population_reduce.cpu,16,1.082959,1.0695366875,0.944167,1.2036250000000002,0.941625,1.259
ac_trace,clic_a,1,1.9,8,1,1,trace,ac,0,0,entropy.dc.cpu,16,1.1383745,1.1434844375,1.117417,1.1729585,1.112125,1.215875
ac_trace,clic_a,1,1.9,8,1,1,trace,ac,0,0,entropy.ac.cpu,16,2.410542,2.42096375,2.3791665,2.4884795,2.340375,2.516584
ac_trace,clic_a,1,1.9,8,1,1,trace,ac,0,0,workflow.serializer.cpu,16,8.7520415,8.705492125,8.450771,8.9220625,8.441625,8.955625
ac_trace,clic_a,1,1.9,8,1,1,trace,ac,0,0,gpu_ready_to_reduction,16,1.868458,1.73251025,1.4832085,1.8987500000000002,0.983708,1.951375
ac_trace,clic_a,1,1.9,8,1,1,trace,ac,0,0,gpu_ready_to_ac_model,16,2.8696665,2.8348071249999998,2.631417,3.091917,2.120541,3.19825
ac_trace,clic_a,1,1.9,8,1,1,trace,ac,0,0,dc_ready_to_dc_model,16,1.1141044999999998,1.0975026875,0.970979,1.2327715000000001,0.9655,1.291959
ac_trace,clic_a,1,1.9,8,1,1,trace,ac,0,0,begin_to_models_done,16,5.986396,5.9845313125,5.829854,6.1443545,5.818,6.191084
ac_trace,clic_a,1,1.9,8,1,1,trace,ac,0,0,dc_group_threads,16,1.0,1,1.0,1.0,1,1
ac_trace,clic_a,1,1.9,8,1,1,trace,ac,1,1,workflow.quantization.cpu,16,5.118354500000001,5.4024869375,4.9248125,6.2705205,4.885875,6.557666
ac_trace,clic_a,1,1.9,8,1,1,trace,ac,1,1,token.population_reduce.cpu,16,1.0692914999999998,1.0526171874999999,0.937562,1.132104,0.901667,1.141167
ac_trace,clic_a,1,1.9,8,1,1,trace,ac,1,1,dc.prepare.cpu,16,2.3046664999999997,2.31330475,2.2877715,2.345479,2.282958,2.406375
ac_trace,clic_a,1,1.9,8,1,1,trace,ac,1,1,entropy.dc.cpu,16,1.1644375,1.1731301875,1.1523955,1.2019380000000002,1.141708,1.258666
ac_trace,clic_a,1,1.9,8,1,1,trace,ac,1,1,entropy.ac.cpu,16,2.4092705,2.4102214375,2.3551245,2.4465215000000002,2.353833,2.548708
ac_trace,clic_a,1,1.9,8,1,1,trace,ac,1,1,workflow.serializer.cpu,16,7.6332085,7.6489713125,7.5106665,7.6923545,7.475875,8.163208
ac_trace,clic_a,1,1.9,8,1,1,trace,ac,1,1,gpu_ready_to_reduction,16,0.0687295,0.0717316875,0.0609375,0.08175,0.05775,0.101416
ac_trace,clic_a,1,1.9,8,1,1,trace,ac,1,1,gpu_ready_to_ac_model,16,1.9243540000000001,1.8753045,1.701416,1.9662705,1.614667,1.97475
ac_trace,clic_a,1,1.9,8,1,1,trace,ac,1,1,dc_ready_to_dc_model,16,0.021313,0.0206171875,0.017437,0.0228955,0.016292,0.024417
ac_trace,clic_a,1,1.9,8,1,1,trace,ac,1,1,begin_to_models_done,16,4.899438,4.9270599375,4.855625,4.9883334999999995,4.847083,5.205
ac_trace,clic_a,1,1.9,8,1,1,trace,ac,1,1,dc_group_threads,16,1.0,1,1.0,1.0,1,1
ac_trace,clic_a,7,1.9,8,1,1,trace,ac,2,2,workflow.quantization.cpu,16,44.4593125,44.5399375625,44.135979000000006,44.804292000000004,44.075334,45.59475
ac_trace,clic_a,7,1.9,8,1,1,trace,ac,2,2,token.population_reduce.cpu,16,1.147687,1.137703125,1.0841455,1.1841460000000001,1.031958,1.219041
ac_trace,clic_a,7,1.9,8,1,1,trace,ac,2,2,dc.prepare.cpu,16,2.1032919999999997,2.1838543125,2.091354,2.2726249999999997,2.089041,2.720917
ac_trace,clic_a,7,1.9,8,1,1,trace,ac,2,2,entropy.dc.cpu,16,0.9479375,0.9748255,0.922021,1.0363125000000002,0.915875,1.200667
ac_trace,clic_a,7,1.9,8,1,1,trace,ac,2,2,entropy.ac.cpu,16,3.457417,3.504210875,3.2891250000000003,3.665667,3.27,4.41825
ac_trace,clic_a,7,1.9,8,1,1,trace,ac,2,2,workflow.serializer.cpu,16,7.589771,7.71219,7.3518954999999995,8.045874999999999,7.242833,9.256375
ac_trace,clic_a,7,1.9,8,1,1,trace,ac,2,2,gpu_ready_to_reduction,16,0.07060350000000001,0.0798853125,0.067375,0.097,0.064375,0.16125
ac_trace,clic_a,7,1.9,8,1,1,trace,ac,2,2,gpu_ready_to_ac_model,16,1.222167,1.2178125,1.1531875,1.2900625,1.098958,1.345375
ac_trace,clic_a,7,1.9,8,1,1,trace,ac,2,2,dc_ready_to_dc_model,16,4.2e-05,6.5e-05,0.0,0.0001455,0.0,0.000208
ac_trace,clic_a,7,1.9,8,1,1,trace,ac,2,2,begin_to_models_done,16,5.1296255,5.161369875,4.8846875,5.4182085,4.850042,6.189167
ac_trace,clic_a,7,1.9,8,1,1,trace,ac,2,2,dc_group_threads,16,1.0,1,1.0,1.0,1,1
ac_trace,clic_a,7,1.9,8,1,1,trace,ac,0,0,workflow.quantization.cpu,16,44.4879375,44.5153046875,44.2779375,44.7705415,44.164417,45.022958
ac_trace,clic_a,7,1.9,8,1,1,trace,ac,0,0,dc.prepare.cpu,16,2.089917,2.1488178749999998,2.068542,2.3724584999999996,2.065834,2.527125
ac_trace,clic_a,7,1.9,8,1,1,trace,ac,0,0,token.population_reduce.cpu,16,1.133521,1.1406589375,1.097,1.1948125,1.060667,1.222958
ac_trace,clic_a,7,1.9,8,1,1,trace,ac,0,0,entropy.dc.cpu,16,0.9515,0.972601625,0.9245415,1.0709795,0.917875,1.120375
ac_trace,clic_a,7,1.9,8,1,1,trace,ac,0,0,entropy.ac.cpu,16,3.4040005,3.5061431875,3.3363750000000003,3.8881035,3.325625,4.124042
ac_trace,clic_a,7,1.9,8,1,1,trace,ac,0,0,workflow.serializer.cpu,16,9.260874999999999,9.5305286875,9.151,10.545396,9.127875,11.03375
ac_trace,clic_a,7,1.9,8,1,1,trace,ac,0,0,gpu_ready_to_reduction,16,1.7931245,1.84219,1.758458,2.04925,1.736833,2.194375
ac_trace,clic_a,7,1.9,8,1,1,trace,ac,0,0,gpu_ready_to_ac_model,16,2.9609579999999998,3.0163280625,2.9031665,3.2787295,2.872583,3.453916
ac_trace,clic_a,7,1.9,8,1,1,trace,ac,0,0,dc_ready_to_dc_model,16,1.1627079999999999,1.1693279375,1.124271,1.2246455,1.09175,1.254417
ac_trace,clic_a,7,1.9,8,1,1,trace,ac,0,0,begin_to_models_done,16,6.7626035,6.95897125,6.719875,7.642583,6.688125,8.058333
ac_trace,clic_a,7,1.9,8,1,1,trace,ac,0,0,dc_group_threads,16,1.0,1,1.0,1.0,1,1
ac_trace,clic_a,7,1.9,8,1,1,trace,ac,1,1,workflow.quantization.cpu,16,44.228375,44.3510365,43.998979500000004,44.842417,43.849375,44.989916
ac_trace,clic_a,7,1.9,8,1,1,trace,ac,1,1,token.population_reduce.cpu,16,1.1539380000000001,1.1708045,1.1044165000000001,1.2625625,1.078291,1.330417
ac_trace,clic_a,7,1.9,8,1,1,trace,ac,1,1,dc.prepare.cpu,16,2.1117084999999998,2.2711823125,2.0835415,2.727875,2.07825,2.923834
ac_trace,clic_a,7,1.9,8,1,1,trace,ac,1,1,entropy.dc.cpu,16,0.9573545,1.0082186874999999,0.9297295,1.162687,0.921791,1.2715
ac_trace,clic_a,7,1.9,8,1,1,trace,ac,1,1,entropy.ac.cpu,16,3.4279165000000003,3.6084503750000003,3.3271665,4.2756665,3.263583,4.601084
ac_trace,clic_a,7,1.9,8,1,1,trace,ac,1,1,workflow.serializer.cpu,16,8.1938335,8.66897675,8.0489165,10.1673335,7.993375,10.952083
ac_trace,clic_a,7,1.9,8,1,1,trace,ac,1,1,gpu_ready_to_reduction,16,0.07264599999999999,0.0733515625,0.06618750000000001,0.08056250000000001,0.06275,0.081959
ac_trace,clic_a,7,1.9,8,1,1,trace,ac,1,1,gpu_ready_to_ac_model,16,1.852709,1.9765103124999999,1.827729,2.392125,1.825875,2.459916
ac_trace,clic_a,7,1.9,8,1,1,trace,ac,1,1,dc_ready_to_dc_model,16,0.0220005,0.028401125,0.019417,0.028187499999999997,0.01925,0.114958
ac_trace,clic_a,7,1.9,8,1,1,trace,ac,1,1,begin_to_models_done,16,5.7228125,6.0654765,5.602021,7.1825624999999995,5.54575,7.73875
ac_trace,clic_a,7,1.9,8,1,1,trace,ac,1,1,dc_group_threads,16,1.0,1,1.0,1.0,1,1
batch_trace,alpine24,1,1.9,8,4,1,trace,ac,2,2,workflow.quantization.cpu,10,149.525375,152.1925291,145.6208584,159.105183,144.976084,165.466833
batch_trace,alpine24,1,1.9,8,4,1,trace,ac,2,2,dc.prepare.cpu,10,4.9978755,5.3135584,3.43655,6.812583099999999,3.431375,10.064959
batch_trace,alpine24,1,1.9,8,4,1,trace,ac,2,2,entropy.dc.cpu,10,5.714499999999999,5.7330416,5.5131753,5.962366599999999,5.361375,6.002791
batch_trace,alpine24,1,1.9,8,4,1,trace,ac,2,2,token.population_reduce.cpu,10,1.1961045000000001,1.3884208,1.137225,1.9701333,1.095375,1.979208
batch_trace,alpine24,1,1.9,8,4,1,trace,ac,2,2,entropy.ac.cpu,10,5.881125,5.9711958,5.7858,6.3023923,5.71425,6.308542
batch_trace,alpine24,1,1.9,8,4,1,trace,ac,2,2,workflow.serializer.cpu,10,65.6437295,78.9629086,52.4441169,123.44830420000001,47.526291,124.861792
batch_trace,alpine24,1,1.9,8,4,1,trace,ac,2,2,gpu_ready_to_reduction,10,0.09933349999999999,2.2586874,0.0760538,5.542979199999996,0.071291,16.116667
batch_trace,alpine24,1,1.9,8,4,1,trace,ac,2,2,gpu_ready_to_ac_model,10,1.3579370000000002,3.6476999,1.2485422,7.486941099999996,1.167166,17.823667
batch_trace,alpine24,1,1.9,8,4,1,trace,ac,2,2,dc_ready_to_dc_model,10,0.0003545,0.0004249,0.00019969999999999998,0.0006877999999999999,0.000125,0.000875
batch_trace,alpine24,1,1.9,8,4,1,trace,ac,2,2,begin_to_models_done,10,27.7958745,31.8505917,18.512479499999998,49.4793125,16.833417,50.38325
batch_trace,alpine24,1,1.9,8,4,1,trace,ac,2,2,dc_group_threads,10,5.5,4.9,3.8,6.0,2,6
batch_trace,alpine24,1,1.9,8,4,1,trace,ac,0,0,workflow.quantization.cpu,12,152.69127049999997,152.48097916666666,144.2129542,156.55159220000002,142.884333,164.307542
batch_trace,alpine24,1,1.9,8,4,1,trace,ac,0,0,dc.prepare.cpu,12,3.997146,5.932611166666667,3.494208,7.424191400000001,3.443542,20.059083
batch_trace,alpine24,1,1.9,8,4,1,trace,ac,0,0,token.population_reduce.cpu,12,1.199604,1.5090903333333334,1.1769161,2.0834083999999997,1.168209,2.116459
batch_trace,alpine24,1,1.9,8,4,1,trace,ac,0,0,entropy.dc.cpu,12,5.931812000000001,6.0508784166666665,5.825749999999999,6.3080959000000005,5.81675,6.685292
batch_trace,alpine24,1,1.9,8,4,1,trace,ac,0,0,entropy.ac.cpu,12,6.303062499999999,6.2497568333333335,5.5861872,6.7495708,5.555375,7.548375
batch_trace,alpine24,1,1.9,8,4,1,trace,ac,0,0,workflow.serializer.cpu,12,63.806521000000004,71.60297575,48.8379292,105.9920994,40.972583,119.189167
batch_trace,alpine24,1,1.9,8,4,1,trace,ac,0,0,gpu_ready_to_reduction,12,0.100708,4.64798275,0.0804628,10.2971833,0.078584,27.63
batch_trace,alpine24,1,1.9,8,4,1,trace,ac,0,0,gpu_ready_to_ac_model,12,5.367292,8.185941,1.3893039,14.885603600000001,1.297292,35.369958
batch_trace,alpine24,1,1.9,8,4,1,trace,ac,0,0,dc_ready_to_dc_model,12,18.8082705,17.985059,2.5074834,30.241174400000002,2.227292,37.392667
batch_trace,alpine24,1,1.9,8,4,1,trace,ac,0,0,begin_to_models_done,12,35.2035,34.04403108333333,22.1227042,42.5425958,20.72075,54.753416
batch_trace,alpine24,1,1.9,8,4,1,trace,ac,0,0,dc_group_threads,12,6.0,5,3.0,6.0,1,6
batch_trace,alpine24,1,1.9,8,4,1,trace,ac,1,1,workflow.quantization.cpu,12,154.770625,154.42317041666666,146.7135337,157.9804923,146.179417,169.538
batch_trace,alpine24,1,1.9,8,4,1,trace,ac,1,1,dc.prepare.cpu,12,6.3019375,9.547236083333333,3.4066756000000002,19.4586413,3.399542,19.658458
batch_trace,alpine24,1,1.9,8,4,1,trace,ac,1,1,token.population_reduce.cpu,12,1.244771,1.3995936666666666,1.1590327,1.8815789,1.149334,2.027958
batch_trace,alpine24,1,1.9,8,4,1,trace,ac,1,1,entropy.dc.cpu,12,6.1291875000000005,6.255795083333333,5.8360625,6.864825,5.648958,6.905458
batch_trace,alpine24,1,1.9,8,4,1,trace,ac,1,1,entropy.ac.cpu,12,6.293479,6.305003666666667,5.5905084,7.0095956,5.560333,7.135209
batch_trace,alpine24,1,1.9,8,4,1,trace,ac,1,1,workflow.serializer.cpu,12,63.2552085,71.67730216666666,49.2992667,94.9673789,47.4975,126.479416
batch_trace,alpine24,1,1.9,8,4,1,trace,ac,1,1,gpu_ready_to_reduction,12,0.110125,5.4018576666666664,0.0775084,15.922703500000003,0.068625,27.10375
batch_trace,alpine24,1,1.9,8,4,1,trace,ac,1,1,gpu_ready_to_ac_model,12,10.3235005,10.730131833333333,1.3980041,17.4841038,1.324792,28.422167
batch_trace,alpine24,1,1.9,8,4,1,trace,ac,1,1,dc_ready_to_dc_model,12,11.3761245,15.887722083333333,0.0134955,36.5822545,0.011209,40.63875
batch_trace,alpine24,1,1.9,8,4,1,trace,ac,1,1,begin_to_models_done,12,33.371770999999995,35.06709033333333,22.2524711,48.7013792,18.299917,52.330625
batch_trace,alpine24,1,1.9,8,4,1,trace,ac,1,1,dc_group_threads,12,5.0,4.083333333333333,1.0,6.0,1,6
batch_trace,alpine24,1,1.9,8,4,1,trace,ac,2,0,workflow.quantization.cpu,2,160.0586255,160.0586255,154.7526923,165.3645587,153.426209,166.691042
batch_trace,alpine24,1,1.9,8,4,1,trace,ac,2,0,dc.prepare.cpu,2,19.6357085,19.6357085,19.4923753,19.7790417,19.456542,19.814875
batch_trace,alpine24,1,1.9,8,4,1,trace,ac,2,0,token.population_reduce.cpu,2,1.182646,1.182646,1.1810964,1.1841956,1.180709,1.184583
batch_trace,alpine24,1,1.9,8,4,1,trace,ac,2,0,entropy.dc.cpu,2,6.0575,6.0575,6.0166,6.0984,6.006375,6.108625
batch_trace,alpine24,1,1.9,8,4,1,trace,ac,2,0,entropy.ac.cpu,2,6.0975,6.0975,6.0290672,6.1659328,6.011959,6.183041
batch_trace,alpine24,1,1.9,8,4,1,trace,ac,2,0,workflow.serializer.cpu,2,75.5465625,75.5465625,52.4170125,98.6761125,46.634625,104.4585
batch_trace,alpine24,1,1.9,8,4,1,trace,ac,2,0,gpu_ready_to_reduction,2,6.1686665000000005,6.1686665000000005,5.1384661000000005,7.1988669000000005,4.880916,7.456417
batch_trace,alpine24,1,1.9,8,4,1,trace,ac,2,0,gpu_ready_to_ac_model,2,7.3891875,7.3891875,6.3606375,8.417737500000001,6.1035,8.674875
batch_trace,alpine24,1,1.9,8,4,1,trace,ac,2,0,dc_ready_to_dc_model,2,1.2212710000000002,1.2212710000000002,1.2163878000000001,1.2261542,1.215167,1.227375
batch_trace,alpine24,1,1.9,8,4,1,trace,ac,2,0,begin_to_models_done,2,31.1483125,31.1483125,30.989562499999998,31.3070625,30.949875,31.34675
batch_trace,alpine24,1,1.9,8,4,1,trace,ac,2,0,dc_group_threads,2,1.0,1,1.0,1.0,1,1
batch_trace,alpine24,7,1.9,8,4,1,trace,ac,2,2,workflow.quantization.cpu,12,603.5877915,578.0048368333333,403.5921417,675.6566578000001,398.86575,683.983334
batch_trace,alpine24,7,1.9,8,4,1,trace,ac,2,2,dc.prepare.cpu,12,4.2347915,4.298440833333333,3.2657244,5.27365,3.206292,5.385666
batch_trace,alpine24,7,1.9,8,4,1,trace,ac,2,2,entropy.dc.cpu,12,4.6722079999999995,4.647118083333333,3.977317,5.5019077,3.927958,5.574459
batch_trace,alpine24,7,1.9,8,4,1,trace,ac,2,2,token.population_reduce.cpu,12,1.2757915,1.3427083333333334,1.1818334,1.4462798,1.176292,1.956333
batch_trace,alpine24,7,1.9,8,4,1,trace,ac,2,2,entropy.ac.cpu,12,10.9447705,11.270302166666667,9.8869628,13.3435164,9.805084,14.095084
batch_trace,alpine24,7,1.9,8,4,1,trace,ac,2,2,workflow.serializer.cpu,12,30.647646,38.622826333333336,27.053454100000003,49.6176703,26.396625,71.278541
batch_trace,alpine24,7,1.9,8,4,1,trace,ac,2,2,gpu_ready_to_reduction,12,0.1106665,0.23748933333333333,0.0853744,0.1336881,0.075291,1.674875
batch_trace,alpine24,7,1.9,8,4,1,trace,ac,2,2,gpu_ready_to_ac_model,12,1.4216455,1.5810343333333332,1.2781288,2.0196119,1.251791,2.887291
batch_trace,alpine24,7,1.9,8,4,1,trace,ac,2,2,dc_ready_to_dc_model,12,0.0003545,0.00036116666666666665,0.00017109999999999998,0.0006083000000000001,8.4e-05,0.000792
batch_trace,alpine24,7,1.9,8,4,1,trace,ac,2,2,begin_to_models_done,12,17.462688,24.7602985,15.0307288,34.926608,14.647125,53.269416
batch_trace,alpine24,7,1.9,8,4,1,trace,ac,2,2,dc_group_threads,12,6.0,5.916666666666667,6.0,6.0,5,6
batch_trace,alpine24,7,1.9,8,4,1,trace,ac,0,0,workflow.quantization.cpu,12,617.0019585,560.8083020833334,395.34572940000004,661.3909083,316.336167,669.01575
batch_trace,alpine24,7,1.9,8,4,1,trace,ac,0,0,dc.prepare.cpu,12,4.0293125,3.9547324166666664,3.2846333,4.5058786,3.192958,4.762541
batch_trace,alpine24,7,1.9,8,4,1,trace,ac,0,0,token.population_reduce.cpu,12,1.256354,1.28003475,1.1748006,1.4209459000000002,1.157458,1.43775
batch_trace,alpine24,7,1.9,8,4,1,trace,ac,0,0,entropy.dc.cpu,12,4.142250000000001,4.331357666666666,3.9030244,4.913357700000001,3.890417,5.157709
batch_trace,alpine24,7,1.9,8,4,1,trace,ac,0,0,entropy.ac.cpu,12,11.1186245,11.245847333333334,9.8765792,13.228167,9.782875,13.295042
batch_trace,alpine24,7,1.9,8,4,1,trace,ac,0,0,workflow.serializer.cpu,12,38.6389585,39.23720483333334,27.8334125,49.7314169,27.241083,63.4585
batch_trace,alpine24,7,1.9,8,4,1,trace,ac,0,0,gpu_ready_to_reduction,12,0.585833,1.567906,0.08707440000000001,1.7990994000000002,0.083333,11.124625
batch_trace,alpine24,7,1.9,8,4,1,trace,ac,0,0,gpu_ready_to_ac_model,12,1.948708,2.8893121666666666,1.351091,3.0239247,1.324291,12.534041
batch_trace,alpine24,7,1.9,8,4,1,trace,ac,0,0,dc_ready_to_dc_model,12,8.327895999999999,9.663666666666666,1.2149003,16.9424122,1.200541,34.335667
batch_trace,alpine24,7,1.9,8,4,1,trace,ac,0,0,begin_to_models_done,12,25.441125,26.128947916666668,16.1723545,35.705033,15.684084,49.889583
batch_trace,alpine24,7,1.9,8,4,1,trace,ac,0,0,dc_group_threads,12,6.0,6,6.0,6.0,6,6
batch_trace,alpine24,7,1.9,8,4,1,trace,ac,1,1,workflow.quantization.cpu,12,580.342896,555.1210313333333,401.1012994,689.6824881,398.834667,698.934
batch_trace,alpine24,7,1.9,8,4,1,trace,ac,1,1,dc.prepare.cpu,12,3.7186665,3.836593833333333,3.2056538999999997,4.6581298,3.161208,5.121
batch_trace,alpine24,7,1.9,8,4,1,trace,ac,1,1,token.population_reduce.cpu,12,1.306084,1.3072048333333333,1.1646830000000001,1.4144458,1.1305,1.6055
batch_trace,alpine24,7,1.9,8,4,1,trace,ac,1,1,entropy.dc.cpu,12,4.5443750000000005,4.832656333333333,3.8501923,5.7122253,3.807167,6.938417
batch_trace,alpine24,7,1.9,8,4,1,trace,ac,1,1,entropy.ac.cpu,12,11.0279995,11.863051916666667,10.0177497,13.408758599999999,9.788083,15.933125
batch_trace,alpine24,7,1.9,8,4,1,trace,ac,1,1,workflow.serializer.cpu,12,43.5920415,89.594236,30.8769663,242.3829661,26.570791,248.988125
batch_trace,alpine24,7,1.9,8,4,1,trace,ac,1,1,gpu_ready_to_reduction,12,0.116396,46.06888525,0.0933327,172.1629369,0.086458,205.896875
batch_trace,alpine24,7,1.9,8,4,1,trace,ac,1,1,gpu_ready_to_ac_model,12,2.2433955,47.951479,1.3411206,173.69979550000002,1.300083,207.320958
batch_trace,alpine24,7,1.9,8,4,1,trace,ac,1,1,dc_ready_to_dc_model,12,15.299166499999998,57.067906083333334,0.13229580000000007,197.1560083,0.029792,214.7585
batch_trace,alpine24,7,1.9,8,4,1,trace,ac,1,1,begin_to_models_done,12,30.998291000000002,74.52336083333333,18.0713036,217.32561629999998,14.975375,232.8305
batch_trace,alpine24,7,1.9,8,4,1,trace,ac,1,1,dc_group_threads,12,6.0,6,6.0,6.0,6,6
batch_trace,clic_a,1,1.9,8,4,1,trace,ac,2,2,workflow.quantization.cpu,9,14.213125,12.566606444444444,8.2840668,15.075691800000001,8.214666,15.126791
batch_trace,clic_a,1,1.9,8,4,1,trace,ac,2,2,dc.prepare.cpu,9,2.417834,2.3949906666666667,2.3104752,2.4453994000000003,2.304208,2.457333
batch_trace,clic_a,1,1.9,8,4,1,trace,ac,2,2,entropy.dc.cpu,9,1.212458,1.2725462222222221,1.19645,1.3636172000000002,1.18025,1.65825
batch_trace,clic_a,1,1.9,8,4,1,trace,ac,2,2,token.population_reduce.cpu,9,1.225584,1.381162,1.1673248,1.7301832,1.111292,1.752916
batch_trace,clic_a,1,1.9,8,4,1,trace,ac,2,2,entropy.ac.cpu,9,2.89625,2.835800888888889,2.5768164,3.0601668,2.52075,3.136334
batch_trace,clic_a,1,1.9,8,4,1,trace,ac,2,2,workflow.serializer.cpu,9,11.628791,11.691166555555556,9.814383600000001,13.543675200000001,9.80675,13.827208
batch_trace,clic_a,1,1.9,8,4,1,trace,ac,2,2,gpu_ready_to_reduction,9,0.070583,0.242935,0.057075,0.5315750000000001,0.056375,0.955875
batch_trace,clic_a,1,1.9,8,4,1,trace,ac,2,2,gpu_ready_to_ac_model,9,1.289125,1.6246294444444445,1.2338664000000001,2.2589330000000003,1.169,2.575833
batch_trace,clic_a,1,1.9,8,4,1,trace,ac,2,2,dc_ready_to_dc_model,9,8.4e-05,0.00017144444444444444,4.18e-05,0.000342,4.1e-05,0.000542
batch_trace,clic_a,1,1.9,8,4,1,trace,ac,2,2,begin_to_models_done,9,6.826917,7.678384222222222,5.8764836,9.9762746,5.51575,10.514541
batch_trace,clic_a,1,1.9,8,4,1,trace,ac,2,2,dc_group_threads,9,1,1,1.0,1.0,1,1
batch_trace,clic_a,1,1.9,8,4,1,trace,ac,2,0,workflow.quantization.cpu,3,15.168917,15.287944666666666,15.0377834,15.585716999999999,15.005,15.689917
batch_trace,clic_a,1,1.9,8,4,1,trace,ac,2,0,dc.prepare.cpu,3,2.402291,2.3997916666666668,2.3932918,2.4052917999999996,2.391042,2.406042
batch_trace,clic_a,1,1.9,8,4,1,trace,ac,2,0,token.population_reduce.cpu,3,1.173125,1.1558886666666668,1.1105914000000001,1.1942914,1.094958,1.199583
batch_trace,clic_a,1,1.9,8,4,1,trace,ac,2,0,entropy.dc.cpu,3,1.2065,1.2464583333333332,1.2031328,1.3057672,1.202291,1.330584
batch_trace,clic_a,1,1.9,8,4,1,trace,ac,2,0,entropy.ac.cpu,3,2.782375,2.717375,2.607075,2.8016750000000004,2.56325,2.8065
batch_trace,clic_a,1,1.9,8,4,1,trace,ac,2,0,workflow.serializer.cpu,3,9.682041,9.646291333333334,9.4024746,9.8758082,9.332583,9.92425
batch_trace,clic_a,1,1.9,8,4,1,trace,ac,2,0,gpu_ready_to_reduction,3,1.008542,0.9427083333333334,0.7812084,1.0778748,0.724375,1.095208
batch_trace,clic_a,1,1.9,8,4,1,trace,ac,2,0,gpu_ready_to_ac_model,3,2.153875,2.1374163333333334,1.9964078,2.2718414,1.957041,2.301333
batch_trace,clic_a,1,1.9,8,4,1,trace,ac,2,0,dc_ready_to_dc_model,3,1.197916,1.188889,1.1505168000000001,1.2236504,1.138667,1.230084
batch_trace,clic_a,1,1.9,8,4,1,trace,ac,2,0,begin_to_models_done,3,6.764083,6.792041333333334,6.580716600000001,7.0145494,6.534875,7.077166
batch_trace,clic_a,1,1.9,8,4,1,trace,ac,2,0,dc_group_threads,3,1,1,1.0,1.0,1,1
batch_trace,clic_a,1,1.9,8,4,1,trace,ac,0,0,workflow.quantization.cpu,12,15.0476875,13.575128583333333,8.8384795,15.368533900000001,8.6085,15.752167
batch_trace,clic_a,1,1.9,8,4,1,trace,ac,0,0,dc.prepare.cpu,12,2.3812290000000003,2.385517166666667,2.3324089,2.4346161,2.326583,2.453958
batch_trace,clic_a,1,1.9,8,4,1,trace,ac,0,0,token.population_reduce.cpu,12,1.1779169999999999,1.3089758333333334,1.131475,1.7045548000000001,1.125208,1.840625
batch_trace,clic_a,1,1.9,8,4,1,trace,ac,0,0,entropy.dc.cpu,12,1.1910625,1.1948366666666668,1.10335,1.2495497,1.101917,1.439458
batch_trace,clic_a,1,1.9,8,4,1,trace,ac,0,0,entropy.ac.cpu,12,2.69875,2.6471596666666666,2.5154917,2.7480955000000002,2.45925,2.764292
batch_trace,clic_a,1,1.9,8,4,1,trace,ac,0,0,workflow.serializer.cpu,12,9.833520499999999,10.424913333333333,9.1824215,12.6211923,9.073125,13.269083
batch_trace,clic_a,1,1.9,8,4,1,trace,ac,0,0,gpu_ready_to_reduction,12,0.7338535,0.9016246666666667,0.25730800000000004,1.6749294000000001,0.080666,1.956458
batch_trace,clic_a,1,1.9,8,4,1,trace,ac,0,0,gpu_ready_to_ac_model,12,2.3032705,2.2531595833333333,1.4475916,2.8598464,1.30175,3.1385
batch_trace,clic_a,1,1.9,8,4,1,trace,ac,0,0,dc_ready_to_dc_model,12,1.202125,2.099705,1.1651417,4.4211417,1.161958,5.123375
batch_trace,clic_a,1,1.9,8,4,1,trace,ac,0,0,begin_to_models_done,12,6.751521,7.454427083333334,6.3463913000000005,9.7900497,6.305792,10.336
batch_trace,clic_a,1,1.9,8,4,1,trace,ac,0,0,dc_group_threads,12,1.0,1,1.0,1.0,1,1
batch_trace,clic_a,1,1.9,8,4,1,trace,ac,1,1,workflow.quantization.cpu,12,14.594395500000001,13.612979083333332,9.0736455,15.3647792,8.599542,16.132583
batch_trace,clic_a,1,1.9,8,4,1,trace,ac,1,1,dc.prepare.cpu,12,2.3954375,2.39247575,2.3574458,2.4275253,2.340125,2.438167
batch_trace,clic_a,1,1.9,8,4,1,trace,ac,1,1,token.population_reduce.cpu,12,1.208771,1.2721215833333333,1.1397040999999999,1.4760792,1.118083,1.711083
batch_trace,clic_a,1,1.9,8,4,1,trace,ac,1,1,entropy.dc.cpu,12,1.2579164999999999,1.29495825,1.1866711,1.5241250000000002,1.1605,1.554625
batch_trace,clic_a,1,1.9,8,4,1,trace,ac,1,1,entropy.ac.cpu,12,2.717792,2.72740625,2.5566536,2.9712372,2.400333,3.025209
batch_trace,clic_a,1,1.9,8,4,1,trace,ac,1,1,workflow.serializer.cpu,12,11.940249999999999,11.220281333333332,8.6009542,13.0122503,8.187417,13.171375
batch_trace,clic_a,1,1.9,8,4,1,trace,ac,1,1,gpu_ready_to_reduction,12,0.07860400000000001,0.55538525,0.0618869,2.147899700000001,0.058,2.407541
batch_trace,clic_a,1,1.9,8,4,1,trace,ac,1,1,gpu_ready_to_ac_model,12,1.8218745,2.0716976666666667,1.2721875,3.6164330000000002,1.264209,3.839416
batch_trace,clic_a,1,1.9,8,4,1,trace,ac,1,1,dc_ready_to_dc_model,12,0.8848125,1.63657275,0.1028952,4.0869747,0.025833,4.310583
batch_trace,clic_a,1,1.9,8,4,1,trace,ac,1,1,begin_to_models_done,12,6.866083,7.257614583333333,5.5081753,9.5892333,5.292292,9.911459
batch_trace,clic_a,1,1.9,8,4,1,trace,ac,1,1,dc_group_threads,12,1.0,1,1.0,1.0,1,1
batch_trace,clic_a,7,1.9,8,4,1,trace,ac,2,2,workflow.quantization.cpu,12,162.259521,145.88565275,90.7227166,167.7136125,87.051458,176.733125
batch_trace,clic_a,7,1.9,8,4,1,trace,ac,2,2,dc.prepare.cpu,12,2.4155835,2.440798666666667,2.1241578,2.795225,2.102875,3.050584
batch_trace,clic_a,7,1.9,8,4,1,trace,ac,2,2,entropy.dc.cpu,12,1.12175,1.1457049166666666,0.9930913,1.3000214,0.95625,1.390834
batch_trace,clic_a,7,1.9,8,4,1,trace,ac,2,2,token.population_reduce.cpu,12,1.2876664999999998,1.3311941666666667,1.2334039,1.5055038,1.191916,1.694583
batch_trace,clic_a,7,1.9,8,4,1,trace,ac,2,2,entropy.ac.cpu,12,3.95275,4.043944416666666,3.7245081,4.5394414,3.639458,4.75825
batch_trace,clic_a,7,1.9,8,4,1,trace,ac,2,2,workflow.serializer.cpu,12,15.6344785,22.695694333333332,10.6527042,44.0000792,8.788958,59.166875
batch_trace,clic_a,7,1.9,8,4,1,trace,ac,2,2,gpu_ready_to_reduction,12,0.5091665000000001,10.75616325,0.07193809999999999,30.813103899999998,0.062417,49.890125
batch_trace,clic_a,7,1.9,8,4,1,trace,ac,2,2,gpu_ready_to_ac_model,12,1.9646245,12.0877845,1.3337211,32.046928900000005,1.263292,51.141166
batch_trace,clic_a,7,1.9,8,4,1,trace,ac,2,2,dc_ready_to_dc_model,12,0.00016649999999999998,0.00022216666666666665,4.11e-05,0.0005705,0.0,0.000584
batch_trace,clic_a,7,1.9,8,4,1,trace,ac,2,2,begin_to_models_done,12,12.5345835,19.0912915,7.8900036,38.638249699999996,6.024041,55.514458
batch_trace,clic_a,7,1.9,8,4,1,trace,ac,2,2,dc_group_threads,12,1.0,1,1.0,1.0,1,1
batch_trace,clic_a,7,1.9,8,4,1,trace,ac,0,0,workflow.quantization.cpu,12,172.03375,147.42448275,90.4560962,175.5600619,84.092959,176.796709
batch_trace,clic_a,7,1.9,8,4,1,trace,ac,0,0,dc.prepare.cpu,12,2.5562915,2.713715166666667,2.3419413,3.2118337,2.1595,3.229541
batch_trace,clic_a,7,1.9,8,4,1,trace,ac,0,0,token.population_reduce.cpu,12,1.3360625000000002,1.3412811666666666,1.2714503,1.4311625,1.252708,1.447208
batch_trace,clic_a,7,1.9,8,4,1,trace,ac,0,0,entropy.dc.cpu,12,1.3067915,1.3316943333333333,1.0861744,1.5920253,1.020542,1.598166
batch_trace,clic_a,7,1.9,8,4,1,trace,ac,0,0,entropy.ac.cpu,12,4.501271,4.5408055,4.0313547,5.0789121999999995,3.726167,5.23675
batch_trace,clic_a,7,1.9,8,4,1,trace,ac,0,0,workflow.serializer.cpu,12,15.363395999999998,25.938645916666665,11.1271994,67.15811310000001,10.135834,75.273125
batch_trace,clic_a,7,1.9,8,4,1,trace,ac,0,0,gpu_ready_to_reduction,12,0.1441875,7.065277583333334,0.06871690000000001,20.978886900000013,0.045333,56.742709
batch_trace,clic_a,7,1.9,8,4,1,trace,ac,0,0,gpu_ready_to_ac_model,12,1.595875,8.45369425,1.3827,22.313733000000006,1.360041,58.260875
batch_trace,clic_a,7,1.9,8,4,1,trace,ac,0,0,dc_ready_to_dc_model,12,3.558604,14.187510583333333,1.4094837,55.01376250000001,1.365792,60.348292
batch_trace,clic_a,7,1.9,8,4,1,trace,ac,0,0,begin_to_models_done,12,10.757562499999999,21.77828825,8.416858999999999,62.860237200000014,7.569583,68.157083
batch_trace,clic_a,7,1.9,8,4,1,trace,ac,0,0,dc_group_threads,12,1.0,1,1.0,1.0,1,1
batch_trace,clic_a,7,1.9,8,4,1,trace,ac,1,1,workflow.quantization.cpu,12,148.17587500000002,141.08158325,109.8334122,162.9856327,88.701834,173.36525
batch_trace,clic_a,7,1.9,8,4,1,trace,ac,1,1,token.population_reduce.cpu,12,1.378708,1.38185075,1.3073834000000002,1.4464952,1.241292,1.482209
batch_trace,clic_a,7,1.9,8,4,1,trace,ac,1,1,dc.prepare.cpu,12,2.7433750000000003,2.7900868333333335,2.5813327,3.0758581,2.417875,3.099583
batch_trace,clic_a,7,1.9,8,4,1,trace,ac,1,1,entropy.dc.cpu,12,1.8026455000000001,1.9228506666666667,1.3097708000000001,2.695275,1.0505,2.805708
batch_trace,clic_a,7,1.9,8,4,1,trace,ac,1,1,entropy.ac.cpu,12,4.830771,4.937413083333333,4.1754205,5.617403800000001,3.995417,5.664875
batch_trace,clic_a,7,1.9,8,4,1,trace,ac,1,1,workflow.serializer.cpu,12,24.8128125,32.52210783333333,12.2570083,66.0829628,9.359375,71.511042
batch_trace,clic_a,7,1.9,8,4,1,trace,ac,1,1,gpu_ready_to_reduction,12,10.4654995,16.75879833333333,0.0744413,50.01732440000001,0.065041,54.577583
batch_trace,clic_a,7,1.9,8,4,1,trace,ac,1,1,gpu_ready_to_ac_model,12,11.87675,18.544367916666666,1.4807875,51.63872850000001,1.369583,56.084833
batch_trace,clic_a,7,1.9,8,4,1,trace,ac,1,1,dc_ready_to_dc_model,12,11.844562499999999,19.329486083333332,1.6189331,52.8852333,0.03075,56.285
batch_trace,clic_a,7,1.9,8,4,1,trace,ac,1,1,begin_to_models_done,12,19.75125,27.718340333333334,9.2748042,61.18083270000001,6.650584,64.499833
batch_trace,clic_a,7,1.9,8,4,1,trace,ac,1,1,dc_group_threads,12,1.0,1,1.0,1.0,1,1
cpu_tokens,alpine24,1,1.9,8,1,0,trace,ac,2,0,workflow.quantization.cpu,6,42.2764795,42.106993,41.418625,42.625874499999995,40.9965,42.675166
cpu_tokens,alpine24,1,1.9,8,1,0,trace,ac,2,0,dc.prepare.cpu,6,3.4202494999999997,3.4299231666666667,3.3892705000000003,3.4802495,3.38675,3.502416
cpu_tokens,alpine24,1,1.9,8,1,0,trace,ac,2,0,entropy.ac.cpu,6,5.4786255,5.482785,5.4619795,5.50775,5.456792,5.51475
cpu_tokens,alpine24,1,1.9,8,1,0,trace,ac,2,0,entropy.dc.cpu,6,5.8150625,5.800541666666667,5.7161875,5.870375,5.702667,5.882583
cpu_tokens,alpine24,1,1.9,8,1,0,trace,ac,2,0,workflow.serializer.cpu,6,33.321625,33.34415283333333,33.2271455,33.483688,33.221041,33.544042
cpu_tokens,alpine24,1,1.9,8,1,0,trace,ac,2,0,dc_ready_to_dc_model,6,12.360625500000001,12.3815835,12.304458499999999,12.4796665,12.272417,12.504667
cpu_tokens,alpine24,1,1.9,8,1,0,trace,ac,2,0,dc_group_threads,6,6.0,6,6.0,6.0,6,6
cpu_tokens,alpine24,1,1.9,8,1,0,trace,ac,0,0,workflow.quantization.cpu,6,41.642270499999995,41.581089999999996,41.345541499999996,41.755458,41.288958,41.75675
cpu_tokens,alpine24,1,1.9,8,1,0,trace,ac,0,0,dc.prepare.cpu,6,3.4018335,3.4042986666666666,3.3653750000000002,3.4456875,3.358958,3.464792
cpu_tokens,alpine24,1,1.9,8,1,0,trace,ac,0,0,entropy.ac.cpu,6,5.4969585,5.5033055,5.4145205,5.598437499999999,5.377791,5.609583
cpu_tokens,alpine24,1,1.9,8,1,0,trace,ac,0,0,entropy.dc.cpu,6,5.8057085,5.7830623333333335,5.6332284999999995,5.91025,5.614541,5.9415
cpu_tokens,alpine24,1,1.9,8,1,0,trace,ac,0,0,workflow.serializer.cpu,6,33.340354500000004,33.289257,33.081333,33.4460835,32.856208,33.500792
cpu_tokens,alpine24,1,1.9,8,1,0,trace,ac,0,0,dc_ready_to_dc_model,6,12.358062499999999,12.380486,12.285250000000001,12.4981455,12.280917,12.610125
cpu_tokens,alpine24,1,1.9,8,1,0,trace,ac,0,0,dc_group_threads,6,6.0,6,6.0,6.0,6,6
cpu_tokens,alpine24,1,1.9,8,1,0,trace,ac,1,0,workflow.quantization.cpu,6,41.6095835,41.785506833333336,41.097312,42.649625,40.856958,42.812333
cpu_tokens,alpine24,1,1.9,8,1,0,trace,ac,1,0,dc.prepare.cpu,6,3.4004375,3.4072988333333334,3.3722505,3.4492085,3.368667,3.45025
cpu_tokens,alpine24,1,1.9,8,1,0,trace,ac,1,0,entropy.dc.cpu,6,5.803250500000001,5.7643545000000005,5.55475,5.9350629999999995,5.4965,6.017459
cpu_tokens,alpine24,1,1.9,8,1,0,trace,ac,1,0,entropy.ac.cpu,6,5.515791999999999,5.537194666666666,5.421417,5.6743749999999995,5.419542,5.707708
cpu_tokens,alpine24,1,1.9,8,1,0,trace,ac,1,0,workflow.serializer.cpu,6,33.2820415,33.30693733333333,33.1133125,33.525458,33.031375,33.616
cpu_tokens,alpine24,1,1.9,8,1,0,trace,ac,1,0,dc_ready_to_dc_model,6,12.363062,12.350187,12.291937,12.395562,12.236541,12.425208
cpu_tokens,alpine24,1,1.9,8,1,0,trace,ac,1,0,dc_group_threads,6,6.0,6,6.0,6.0,6,6
cpu_tokens,alpine24,7,1.9,8,1,0,trace,ac,2,0,workflow.quantization.cpu,6,280.784458,280.57759016666665,279.7145,281.2338125,279.496292,281.369959
cpu_tokens,alpine24,7,1.9,8,1,0,trace,ac,2,0,dc.prepare.cpu,6,3.2626875,3.6965486666666667,3.2325,4.5944585,3.222458,5.3985
cpu_tokens,alpine24,7,1.9,8,1,0,trace,ac,2,0,entropy.dc.cpu,6,4.034395999999999,4.100104166666666,3.9380205,4.327896,3.874625,4.601167
cpu_tokens,alpine24,7,1.9,8,1,0,trace,ac,2,0,entropy.ac.cpu,6,10.04325,10.265541666666667,9.9836875,10.7696875,9.9685,11.44825
cpu_tokens,alpine24,7,1.9,8,1,0,trace,ac,2,0,workflow.serializer.cpu,6,39.4447915,40.5313055,39.285624999999996,42.8635,39.210292,46.120042
cpu_tokens,alpine24,7,1.9,8,1,0,trace,ac,2,0,dc_ready_to_dc_model,6,14.9920205,15.331208,14.747208,16.2543955,14.65575,17.427125
cpu_tokens,alpine24,7,1.9,8,1,0,trace,ac,2,0,dc_group_threads,6,6.0,6,6.0,6.0,6,6
cpu_tokens,alpine24,7,1.9,8,1,0,trace,ac,0,0,workflow.quantization.cpu,6,280.3754375,279.86807650000003,277.345375,281.883417,275.925083,282.070292
cpu_tokens,alpine24,7,1.9,8,1,0,trace,ac,0,0,dc.prepare.cpu,6,3.4552505,3.6289308333333334,3.2109170000000002,4.220625,3.19775,4.41425
cpu_tokens,alpine24,7,1.9,8,1,0,trace,ac,0,0,entropy.dc.cpu,6,3.9931455,4.120812333333333,3.8126249999999997,4.5566665,3.796834,4.656542
cpu_tokens,alpine24,7,1.9,8,1,0,trace,ac,0,0,entropy.ac.cpu,6,10.0134165,10.270861,9.920604,10.8785625,9.855167,11.059959
cpu_tokens,alpine24,7,1.9,8,1,0,trace,ac,0,0,workflow.serializer.cpu,6,39.513854,40.868229,39.165020999999996,43.925812,39.155375,45.097583
cpu_tokens,alpine24,7,1.9,8,1,0,trace,ac,0,0,dc_ready_to_dc_model,6,14.979728999999999,15.670222166666667,14.860875,17.1700625,14.848125,17.687708
cpu_tokens,alpine24,7,1.9,8,1,0,trace,ac,0,0,dc_group_threads,6,6.0,6,6.0,6.0,6,6
cpu_tokens,alpine24,7,1.9,8,1,0,trace,ac,1,0,workflow.quantization.cpu,6,281.7512295,281.5208681666667,280.22725,282.584125,279.796208,282.745792
cpu_tokens,alpine24,7,1.9,8,1,0,trace,ac,1,0,dc.prepare.cpu,6,3.4642920000000004,3.525507,3.2265835000000003,3.8856455000000003,3.193292,4.017458
cpu_tokens,alpine24,7,1.9,8,1,0,trace,ac,1,0,entropy.dc.cpu,6,4.022958,3.9877081666666667,3.8201454999999997,4.120021,3.69125,4.144167
cpu_tokens,alpine24,7,1.9,8,1,0,trace,ac,1,0,entropy.ac.cpu,6,10.053396,10.199486,9.9738125,10.5712495,9.95225,11.049333
cpu_tokens,alpine24,7,1.9,8,1,0,trace,ac,1,0,workflow.serializer.cpu,6,39.5334165,40.1066735,39.2701455,41.5164585,39.247041,43.268084
cpu_tokens,alpine24,7,1.9,8,1,0,trace,ac,1,0,dc_ready_to_dc_model,6,14.9340625,15.235965166666666,14.872854,15.900979,14.867708,16.743875
cpu_tokens,alpine24,7,1.9,8,1,0,trace,ac,1,0,dc_group_threads,6,6.0,6,6.0,6.0,6,6
cpu_tokens,clic_a,1,1.9,8,1,0,trace,ac,2,0,workflow.quantization.cpu,6,5.3239585,5.9904098333333335,4.8937919999999995,7.7534790000000005,4.848667,9.658958
cpu_tokens,clic_a,1,1.9,8,1,0,trace,ac,2,0,dc.prepare.cpu,6,2.2894585000000003,2.2843335,2.2665625,2.2969795,2.256458,2.298375
cpu_tokens,clic_a,1,1.9,8,1,0,trace,ac,2,0,entropy.dc.cpu,6,1.1703125,1.1796248333333332,1.162812,1.20575,1.162458,1.236541
cpu_tokens,clic_a,1,1.9,8,1,0,trace,ac,2,0,entropy.ac.cpu,6,2.4484375,2.45259,2.428604,2.4807284999999997,2.410125,2.490541
cpu_tokens,clic_a,1,1.9,8,1,0,trace,ac,2,0,workflow.serializer.cpu,6,8.600334,8.650784999999999,8.5198125,8.8322085,8.4935,8.963417
cpu_tokens,clic_a,1,1.9,8,1,0,trace,ac,2,0,dc_ready_to_dc_model,6,1.290979,1.3621736666666666,1.2818334999999998,1.5137085,1.278875,1.6895
cpu_tokens,clic_a,1,1.9,8,1,0,trace,ac,2,0,dc_group_threads,6,1.0,1,1.0,1.0,1,1
cpu_tokens,clic_a,1,1.9,8,1,0,trace,ac,0,0,workflow.quantization.cpu,6,5.336104,5.9520415,5.09,7.4300204999999995,5.088458,8.015333
cpu_tokens,clic_a,1,1.9,8,1,0,trace,ac,0,0,dc.prepare.cpu,6,2.2843125,2.2858888333333334,2.2642705,2.3090835,2.25675,2.312583
cpu_tokens,clic_a,1,1.9,8,1,0,trace,ac,0,0,entropy.dc.cpu,6,1.1755624999999998,1.1763541666666666,1.1639374999999998,1.1895625,1.156583,1.190875
cpu_tokens,clic_a,1,1.9,8,1,0,trace,ac,0,0,entropy.ac.cpu,6,2.445229,2.4535833333333334,2.4106875,2.5048335,2.400875,2.525417
cpu_tokens,clic_a,1,1.9,8,1,0,trace,ac,0,0,workflow.serializer.cpu,6,8.581854,8.6066805,8.477478999999999,8.7607085,8.477291,8.794333
cpu_tokens,clic_a,1,1.9,8,1,0,trace,ac,0,0,dc_ready_to_dc_model,6,1.2183959999999998,1.2475901666666667,1.137958,1.3864165000000002,1.125375,1.390708
cpu_tokens,clic_a,1,1.9,8,1,0,trace,ac,0,0,dc_group_threads,6,1.0,1,1.0,1.0,1,1
cpu_tokens,clic_a,1,1.9,8,1,0,trace,ac,1,0,workflow.quantization.cpu,6,5.2596665,5.290812333333333,4.978854,5.6339165,4.929583,5.832833
cpu_tokens,clic_a,1,1.9,8,1,0,trace,ac,1,0,dc.prepare.cpu,6,2.295542,2.3235555,2.2830415,2.392083,2.277208,2.481333
cpu_tokens,clic_a,1,1.9,8,1,0,trace,ac,1,0,entropy.dc.cpu,6,1.1738335,1.1505833333333333,1.098229,1.1796875,1.066,1.183959
cpu_tokens,clic_a,1,1.9,8,1,0,trace,ac,1,0,entropy.ac.cpu,6,2.4562915,2.4537221666666666,2.4170415,2.4878335,2.409625,2.499542
cpu_tokens,clic_a,1,1.9,8,1,0,trace,ac,1,0,workflow.serializer.cpu,6,8.6094995,8.620263833333333,8.445167000000001,8.806125,8.432667,8.884625
cpu_tokens,clic_a,1,1.9,8,1,0,trace,ac,1,0,dc_ready_to_dc_model,6,1.233,1.277271,1.163896,1.434917,1.149084,1.574917
cpu_tokens,clic_a,1,1.9,8,1,0,trace,ac,1,0,dc_group_threads,6,1.0,1,1.0,1.0,1,1
cpu_tokens,clic_a,7,1.9,8,1,0,trace,ac,2,0,workflow.quantization.cpu,6,44.662979,44.6259165,44.2765,44.9382705,44.224375,44.942583
cpu_tokens,clic_a,7,1.9,8,1,0,trace,ac,2,0,dc.prepare.cpu,6,2.0893955,2.1181735,2.07425,2.190875,2.071708,2.24975
cpu_tokens,clic_a,7,1.9,8,1,0,trace,ac,2,0,entropy.dc.cpu,6,0.948083,0.9484511666666666,0.8974584999999999,0.999812,0.858584,1.002291
cpu_tokens,clic_a,7,1.9,8,1,0,trace,ac,2,0,entropy.ac.cpu,6,3.4633130000000003,3.4708405,3.3614585000000003,3.5877499999999998,3.358417,3.619375
cpu_tokens,clic_a,7,1.9,8,1,0,trace,ac,2,0,workflow.serializer.cpu,6,9.471896,9.440923666666666,9.166478999999999,9.684396,9.15475,9.797125
cpu_tokens,clic_a,7,1.9,8,1,0,trace,ac,2,0,dc_ready_to_dc_model,6,1.4935209999999999,1.499507,1.44225,1.5627499999999999,1.435708,1.615167
cpu_tokens,clic_a,7,1.9,8,1,0,trace,ac,2,0,dc_group_threads,6,1.0,1,1.0,1.0,1,1
cpu_tokens,clic_a,7,1.9,8,1,0,trace,ac,0,0,workflow.quantization.cpu,6,44.6804585,44.636416833333335,44.115521,45.113271,43.981209,45.164125
cpu_tokens,clic_a,7,1.9,8,1,0,trace,ac,0,0,dc.prepare.cpu,6,2.081375,2.1956528333333334,2.067625,2.4379584999999997,2.061667,2.698292
cpu_tokens,clic_a,7,1.9,8,1,0,trace,ac,0,0,entropy.dc.cpu,6,0.9507915,0.982111,0.9135625,1.081979,0.888042,1.160541
cpu_tokens,clic_a,7,1.9,8,1,0,trace,ac,0,0,entropy.ac.cpu,6,3.4127085,3.5700693333333335,3.3502910000000004,3.9472085000000003,3.322166,4.1195
cpu_tokens,clic_a,7,1.9,8,1,0,trace,ac,0,0,workflow.serializer.cpu,6,9.45375,9.7550415,9.2225,10.5888745,9.216583,11.439916
cpu_tokens,clic_a,7,1.9,8,1,0,trace,ac,0,0,dc_ready_to_dc_model,6,1.578271,1.6271390000000001,1.4566664999999999,1.8464795,1.39975,1.883917
cpu_tokens,clic_a,7,1.9,8,1,0,trace,ac,0,0,dc_group_threads,6,1.0,1,1.0,1.0,1,1
cpu_tokens,clic_a,7,1.9,8,1,0,trace,ac,1,0,workflow.quantization.cpu,6,44.388562,44.5645205,44.2744165,45.030583,44.250958,45.17025
cpu_tokens,clic_a,7,1.9,8,1,0,trace,ac,1,0,dc.prepare.cpu,6,2.271167,2.328708333333333,2.063104,2.651854,2.053375,2.74675
cpu_tokens,clic_a,7,1.9,8,1,0,trace,ac,1,0,entropy.dc.cpu,6,1.0416455,1.052382,0.903542,1.2119585000000002,0.859084,1.213375
cpu_tokens,clic_a,7,1.9,8,1,0,trace,ac,1,0,entropy.ac.cpu,6,3.866958,3.8051318333333333,3.3466875,4.2017500000000005,3.343,4.308125
cpu_tokens,clic_a,7,1.9,8,1,0,trace,ac,1,0,workflow.serializer.cpu,6,10.050042000000001,10.210354166666667,9.264958,11.316062500000001,9.161375,11.579792
cpu_tokens,clic_a,7,1.9,8,1,0,trace,ac,1,0,dc_ready_to_dc_model,6,1.6136875,1.6089303333333334,1.4528955,1.760208,1.401291,1.781458
cpu_tokens,clic_a,7,1.9,8,1,0,trace,ac,1,0,dc_group_threads,6,1.0,1,1.0,1.0,1,1
cpu_trace,alpine24,1,1.9,2,1,1,trace,ac,2,2,workflow.quantization.cpu,6,40.653999999999996,40.6485765,40.114188,41.177541500000004,40.034459,41.302083
cpu_trace,alpine24,1,1.9,2,1,1,trace,ac,2,2,token.population_reduce.cpu,6,1.1413540000000002,1.1655275,1.125562,1.2296665,1.120458,1.290625
cpu_trace,alpine24,1,1.9,2,1,1,trace,ac,2,2,entropy.ac.cpu,6,5.5487915,5.580326166666667,5.433083,5.759104000000001,5.43,5.790625
cpu_trace,alpine24,1,1.9,2,1,1,trace,ac,2,2,dc.prepare.cpu,6,18.720292,18.826805666666665,18.600729,19.159396,18.557333,19.291208
cpu_trace,alpine24,1,1.9,2,1,1,trace,ac,2,2,entropy.dc.cpu,6,5.5932705,5.6470345,5.5255415,5.8222915,5.511208,5.974125
cpu_trace,alpine24,1,1.9,2,1,1,trace,ac,2,2,workflow.serializer.cpu,6,63.4876875,63.2197085,61.793771,64.377667,61.39325,64.44275
cpu_trace,alpine24,1,1.9,2,1,1,trace,ac,2,2,gpu_ready_to_reduction,6,0.102229,0.102771,0.091834,0.11425,0.084459,0.116209
cpu_trace,alpine24,1,1.9,2,1,1,trace,ac,2,2,gpu_ready_to_ac_model,6,1.249625,1.2686321666666667,1.2185835,1.337688,1.215459,1.407084
cpu_trace,alpine24,1,1.9,2,1,1,trace,ac,2,2,dc_ready_to_dc_model,6,0.0003545,0.0003195,0.0001875,0.0004165,0.000167,0.000458
cpu_trace,alpine24,1,1.9,2,1,1,trace,ac,2,2,begin_to_models_done,6,25.385562,25.578853833333334,25.207250000000002,26.1437495,25.191084,26.431416
cpu_trace,alpine24,1,1.9,2,1,1,trace,ac,2,2,dc_group_threads,6,1.0,1,1.0,1.0,1,1
cpu_trace,alpine24,1,1.9,2,1,1,trace,ac,0,0,workflow.quantization.cpu,6,40.345604,40.3792635,39.9459785,40.846208000000004,39.738041,40.855125
cpu_trace,alpine24,1,1.9,2,1,1,trace,ac,0,0,dc.prepare.cpu,6,9.5302705,9.531104,9.4196665,9.643374999999999,9.411833,9.683458
cpu_trace,alpine24,1,1.9,2,1,1,trace,ac,0,0,token.population_reduce.cpu,6,1.1234375,1.1270485,1.1209164999999999,1.1367915,1.119375,1.146958
cpu_trace,alpine24,1,1.9,2,1,1,trace,ac,0,0,entropy.ac.cpu,6,5.514979,5.539868,5.4810415,5.6235835000000005,5.46075,5.626417
cpu_trace,alpine24,1,1.9,2,1,1,trace,ac,0,0,entropy.dc.cpu,6,5.6022289999999995,5.646645833333333,5.4729375000000005,5.864771,5.463459,5.954417
cpu_trace,alpine24,1,1.9,2,1,1,trace,ac,0,0,workflow.serializer.cpu,6,55.804021000000006,55.47251416666667,54.205938,56.4075835,54.102084,56.516458
cpu_trace,alpine24,1,1.9,2,1,1,trace,ac,0,0,gpu_ready_to_reduction,6,6.575479,6.556743166666667,6.2845835,6.810167,6.062709,6.8625
cpu_trace,alpine24,1,1.9,2,1,1,trace,ac,0,0,gpu_ready_to_ac_model,6,7.7581045,7.7468683333333335,7.476167,8.0063335,7.256459,8.044
cpu_trace,alpine24,1,1.9,2,1,1,trace,ac,0,0,dc_ready_to_dc_model,6,1.1529165,1.1557916666666668,1.1460415,1.168417,1.14375,1.178917
cpu_trace,alpine24,1,1.9,2,1,1,trace,ac,0,0,begin_to_models_done,6,17.422229,17.441930666666668,17.2149795,17.6885835,17.173459,17.778917
cpu_trace,alpine24,1,1.9,2,1,1,trace,ac,0,0,dc_group_threads,6,2.0,2,2.0,2.0,2,2
cpu_trace,alpine24,1,1.9,2,1,1,trace,ac,1,1,workflow.quantization.cpu,6,40.8354995,40.78518716666667,40.230833000000004,41.289229,39.801041,41.64375
cpu_trace,alpine24,1,1.9,2,1,1,trace,ac,1,1,token.population_reduce.cpu,6,1.142271,1.1676181666666667,1.128417,1.2321665,1.127792,1.316625
cpu_trace,alpine24,1,1.9,2,1,1,trace,ac,1,1,dc.prepare.cpu,6,18.5754165,18.6541945,18.534229500000002,18.8529375,18.532625,18.884292
cpu_trace,alpine24,1,1.9,2,1,1,trace,ac,1,1,entropy.ac.cpu,6,5.4994995,5.527486,5.463625,5.6193335,5.4465,5.645125
cpu_trace,alpine24,1,1.9,2,1,1,trace,ac,1,1,entropy.dc.cpu,6,5.670937,5.6791176666666665,5.5622705,5.8041455,5.552208,5.832083
cpu_trace,alpine24,1,1.9,2,1,1,trace,ac,1,1,workflow.serializer.cpu,6,64.34829149999999,63.6859445,61.9943125,64.71522949999999,61.558375,64.796417
cpu_trace,alpine24,1,1.9,2,1,1,trace,ac,1,1,gpu_ready_to_reduction,6,0.094,0.0946875,0.08906249999999999,0.101,0.087708,0.103334
cpu_trace,alpine24,1,1.9,2,1,1,trace,ac,1,1,gpu_ready_to_ac_model,6,16.00425,15.995264,15.7961045,16.1854375,15.736959,16.2175
cpu_trace,alpine24,1,1.9,2,1,1,trace,ac,1,1,dc_ready_to_dc_model,6,0.029062499999999998,0.029736166666666668,0.026312500000000003,0.0338335,0.024833,0.034125
cpu_trace,alpine24,1,1.9,2,1,1,trace,ac,1,1,begin_to_models_done,6,25.4672915,25.46590966666667,25.360187500000002,25.57025,25.337875,25.652
cpu_trace,alpine24,1,1.9,2,1,1,trace,ac,1,1,dc_group_threads,6,1.0,1,1.0,1.0,1,1
cpu_trace,alpine24,1,1.9,4,1,1,trace,ac,2,2,workflow.quantization.cpu,6,40.265603999999996,40.46935416666666,39.87075,41.2717085,39.758292,41.404958
cpu_trace,alpine24,1,1.9,4,1,1,trace,ac,2,2,token.population_reduce.cpu,6,1.1680419999999998,1.1703265,1.15375,1.1891875,1.152292,1.195834
cpu_trace,alpine24,1,1.9,4,1,1,trace,ac,2,2,dc.prepare.cpu,6,6.4985420000000005,6.502909833333334,6.4263125,6.583875,6.404625,6.6
cpu_trace,alpine24,1,1.9,4,1,1,trace,ac,2,2,entropy.ac.cpu,6,5.524917,5.518625,5.4750205,5.5559375,5.438958,5.577667
cpu_trace,alpine24,1,1.9,4,1,1,trace,ac,2,2,entropy.dc.cpu,6,5.7076665,5.7265485,5.569,5.902979,5.524292,5.935375
cpu_trace,alpine24,1,1.9,4,1,1,trace,ac,2,2,workflow.serializer.cpu,6,34.1385415,34.277222333333334,33.822167,34.8709585,33.773834,34.89675
cpu_trace,alpine24,1,1.9,4,1,1,trace,ac,2,2,gpu_ready_to_reduction,6,0.10052050000000001,0.10883999999999999,0.0936665,0.13233299999999998,0.088,0.160625
cpu_trace,alpine24,1,1.9,4,1,1,trace,ac,2,2,gpu_ready_to_ac_model,6,1.2685624999999998,1.2796456666666667,1.2502495,1.320125,1.243833,1.356959
cpu_trace,alpine24,1,1.9,4,1,1,trace,ac,2,2,dc_ready_to_dc_model,6,0.0002085,0.00021516666666666667,0.000125,0.000312,0.000125,0.000333
cpu_trace,alpine24,1,1.9,4,1,1,trace,ac,2,2,begin_to_models_done,6,13.2654785,13.324687333333333,13.1297085,13.578875,13.062875,13.586167
cpu_trace,alpine24,1,1.9,4,1,1,trace,ac,2,2,dc_group_threads,6,3.0,3,3.0,3.0,3,3
cpu_trace,alpine24,1,1.9,4,1,1,trace,ac,0,0,workflow.quantization.cpu,6,40.6755835,40.739437333333335,40.282833,41.2598955,40.280625,41.382083
cpu_trace,alpine24,1,1.9,4,1,1,trace,ac,0,0,dc.prepare.cpu,6,6.312417,6.315673833333333,6.247291499999999,6.387313000000001,6.243541,6.404084
cpu_trace,alpine24,1,1.9,4,1,1,trace,ac,0,0,token.population_reduce.cpu,6,1.1181875,1.1204235,1.1123125,1.1307705000000001,1.111917,1.137083
cpu_trace,alpine24,1,1.9,4,1,1,trace,ac,0,0,entropy.ac.cpu,6,5.4850625,5.521375,5.388979000000001,5.6900835,5.37025,5.732542
cpu_trace,alpine24,1,1.9,4,1,1,trace,ac,0,0,entropy.dc.cpu,6,5.7525205,5.6578401666666664,5.4253545,5.7956455,5.398792,5.806208
cpu_trace,alpine24,1,1.9,4,1,1,trace,ac,0,0,workflow.serializer.cpu,6,35.1061665,35.245222166666665,35.0274165,35.6020835,35.004333,35.701333
cpu_trace,alpine24,1,1.9,4,1,1,trace,ac,0,0,gpu_ready_to_reduction,6,3.5821875,3.6527708333333333,3.5474164999999998,3.8287085000000003,3.538,3.837875
cpu_trace,alpine24,1,1.9,4,1,1,trace,ac,0,0,gpu_ready_to_ac_model,6,4.75925,4.816756833333333,4.698187,4.9928335,4.682666,5.000792
cpu_trace,alpine24,1,1.9,4,1,1,trace,ac,0,0,dc_ready_to_dc_model,6,1.1496875000000002,1.1573541666666667,1.146,1.1763750000000002,1.145375,1.194333
cpu_trace,alpine24,1,1.9,4,1,1,trace,ac,0,0,begin_to_models_done,6,14.2878955,14.302006666666667,14.2265415,14.391583,14.211333,14.401708
cpu_trace,alpine24,1,1.9,4,1,1,trace,ac,0,0,dc_group_threads,6,4.0,4,4.0,4.0,4,4
cpu_trace,alpine24,1,1.9,4,1,1,trace,ac,1,1,workflow.quantization.cpu,6,40.3324375,40.56778466666667,40.0106665,41.36025,39.926166,41.58625
cpu_trace,alpine24,1,1.9,4,1,1,trace,ac,1,1,token.population_reduce.cpu,6,1.157021,1.2195486666666666,1.1421459999999999,1.3594789999999999,1.132,1.55175
cpu_trace,alpine24,1,1.9,4,1,1,trace,ac,1,1,dc.prepare.cpu,6,6.5476665,6.536000166666667,6.4714375,6.588896500000001,6.459375,6.601209
cpu_trace,alpine24,1,1.9,4,1,1,trace,ac,1,1,entropy.ac.cpu,6,5.6480835,5.693451666666666,5.4831045,5.949166999999999,5.399334,6.140667
cpu_trace,alpine24,1,1.9,4,1,1,trace,ac,1,1,entropy.dc.cpu,6,5.653854000000001,5.632909833333334,5.442125000000001,5.8027505,5.352,5.847709
cpu_trace,alpine24,1,1.9,4,1,1,trace,ac,1,1,workflow.serializer.cpu,6,34.71425,34.61515983333334,33.905979,35.2252505,33.800333,35.384042
cpu_trace,alpine24,1,1.9,4,1,1,trace,ac,1,1,gpu_ready_to_reduction,6,0.107459,0.10947950000000001,0.094688,0.1262915,0.090917,0.130083
cpu_trace,alpine24,1,1.9,4,1,1,trace,ac,1,1,gpu_ready_to_ac_model,6,3.7910209999999998,3.8008541666666664,3.7511455,3.8603959999999997,3.74525,3.87675
cpu_trace,alpine24,1,1.9,4,1,1,trace,ac,1,1,dc_ready_to_dc_model,6,0.026395500000000002,0.026194333333333333,0.0232705,0.028916999999999998,0.022458,0.029292
cpu_trace,alpine24,1,1.9,4,1,1,trace,ac,1,1,begin_to_models_done,6,13.359375,13.401632166666666,13.149125,13.696396499999999,13.115833,13.817584
cpu_trace,alpine24,1,1.9,4,1,1,trace,ac,1,1,dc_group_threads,6,3.0,3,3.0,3.0,3,3
cpu_trace,alpine24,7,1.9,2,1,1,trace,ac,2,2,workflow.quantization.cpu,6,277.32762449999996,277.72505533333333,275.1375415,280.71,275.090291,281.764708
cpu_trace,alpine24,7,1.9,2,1,1,trace,ac,2,2,token.population_reduce.cpu,6,1.1878755,1.2165835,1.168354,1.2935210000000001,1.166958,1.34375
cpu_trace,alpine24,7,1.9,2,1,1,trace,ac,2,2,entropy.ac.cpu,6,10.2541665,10.7072085,9.8860625,11.981396499999999,9.85675,12.534834
cpu_trace,alpine24,7,1.9,2,1,1,trace,ac,2,2,dc.prepare.cpu,6,17.5823335,18.6380485,17.359104000000002,20.972707999999997,17.316792,21.804875
cpu_trace,alpine24,7,1.9,2,1,1,trace,ac,2,2,entropy.dc.cpu,6,4.0038125,4.078861333333333,3.9001669999999997,4.3326045,3.845167,4.429334
cpu_trace,alpine24,7,1.9,2,1,1,trace,ac,2,2,workflow.serializer.cpu,6,57.544125,59.07471533333333,56.0971045,63.582916499999996,55.906542,64.696125
cpu_trace,alpine24,7,1.9,2,1,1,trace,ac,2,2,gpu_ready_to_reduction,6,0.087437,0.093583,0.08389550000000001,0.1094165,0.083666,0.117667
cpu_trace,alpine24,7,1.9,2,1,1,trace,ac,2,2,gpu_ready_to_ac_model,6,1.294,1.310444,1.257041,1.3802910000000002,1.254041,1.427666
cpu_trace,alpine24,7,1.9,2,1,1,trace,ac,2,2,dc_ready_to_dc_model,6,0.0002295,0.0002986666666666667,0.0001875,0.00047900000000000004,0.000167,0.0005
cpu_trace,alpine24,7,1.9,2,1,1,trace,ac,2,2,begin_to_models_done,6,22.516584,23.7963685,22.250375,26.6221465,22.244625,27.625709
cpu_trace,alpine24,7,1.9,2,1,1,trace,ac,2,2,dc_group_threads,6,1.0,1,1.0,1.0,1,1
cpu_trace,alpine24,7,1.9,2,1,1,trace,ac,0,0,workflow.quantization.cpu,6,276.6221045,275.8779168333333,272.8004585,278.2111875,272.5315,278.979833
cpu_trace,alpine24,7,1.9,2,1,1,trace,ac,0,0,dc.prepare.cpu,6,8.692666,8.743097,8.6828125,8.8538125,8.679125,8.8625
cpu_trace,alpine24,7,1.9,2,1,1,trace,ac,0,0,token.population_reduce.cpu,6,1.1530835000000002,1.1566598333333333,1.145625,1.171271,1.145542,1.17725
cpu_trace,alpine24,7,1.9,2,1,1,trace,ac,0,0,entropy.dc.cpu,6,3.8508329999999997,3.85625,3.763125,3.9547920000000003,3.713625,4.055792
cpu_trace,alpine24,7,1.9,2,1,1,trace,ac,0,0,entropy.ac.cpu,6,9.807271,9.880305666666667,9.755417,10.078229,9.735292,10.091667
cpu_trace,alpine24,7,1.9,2,1,1,trace,ac,0,0,workflow.serializer.cpu,6,56.742354,56.690090166666664,56.282061999999996,57.045854500000004,56.116041,57.3055
cpu_trace,alpine24,7,1.9,2,1,1,trace,ac,0,0,gpu_ready_to_reduction,6,6.215208,6.180006666666666,5.8887915,6.4360205,5.8785,6.53175
cpu_trace,alpine24,7,1.9,2,1,1,trace,ac,0,0,gpu_ready_to_ac_model,6,7.5344785000000005,7.5007494999999995,7.2229785,7.7447915,7.220916,7.839833
cpu_trace,alpine24,7,1.9,2,1,1,trace,ac,0,0,dc_ready_to_dc_model,6,1.1829375,1.1849793333333334,1.1749375,1.197063,1.172083,1.204917
cpu_trace,alpine24,7,1.9,2,1,1,trace,ac,0,0,begin_to_models_done,6,20.848104,20.899013833333335,20.728645999999998,21.1202915,20.717708,21.178
cpu_trace,alpine24,7,1.9,2,1,1,trace,ac,0,0,dc_group_threads,6,2.0,2,2.0,2.0,2,2
cpu_trace,alpine24,7,1.9,2,1,1,trace,ac,1,1,workflow.quantization.cpu,6,277.0346455,277.6750901666667,275.287229,280.703396,275.127542,281.195125
cpu_trace,alpine24,7,1.9,2,1,1,trace,ac,1,1,token.population_reduce.cpu,6,1.1775829999999998,1.2221456666666666,1.165187,1.323667,1.158666,1.342542
cpu_trace,alpine24,7,1.9,2,1,1,trace,ac,1,1,dc.prepare.cpu,6,17.1983955,18.6946805,17.1437915,21.741854500000002,17.118583,22.795584
cpu_trace,alpine24,7,1.9,2,1,1,trace,ac,1,1,entropy.dc.cpu,6,4.0096255,4.121986333333333,3.8828335,4.4735,3.840375,4.487917
cpu_trace,alpine24,7,1.9,2,1,1,trace,ac,1,1,entropy.ac.cpu,6,9.8790205,10.232090166666666,9.802916499999998,11.0143335,9.778583,11.252542
cpu_trace,alpine24,7,1.9,2,1,1,trace,ac,1,1,workflow.serializer.cpu,6,63.5271665,65.45390283333333,62.839687999999995,69.994854,62.651292,71.493792
cpu_trace,alpine24,7,1.9,2,1,1,trace,ac,1,1,gpu_ready_to_reduction,6,0.092854,0.10408333333333333,0.077604,0.141792,0.072708,0.170459
cpu_trace,alpine24,7,1.9,2,1,1,trace,ac,1,1,gpu_ready_to_ac_model,6,14.9148125,16.320979,14.817812499999999,19.230311999999998,14.782375,20.545291
cpu_trace,alpine24,7,1.9,2,1,1,trace,ac,1,1,dc_ready_to_dc_model,6,0.0318125,0.03284016666666667,0.026354,0.040354,0.025042,0.042333
cpu_trace,alpine24,7,1.9,2,1,1,trace,ac,1,1,begin_to_models_done,6,28.1492915,30.193722166666667,28.12875,34.303125,28.128333,35.709125
cpu_trace,alpine24,7,1.9,2,1,1,trace,ac,1,1,dc_group_threads,6,1.0,1,1.0,1.0,1,1
cpu_trace,alpine24,7,1.9,4,1,1,trace,ac,2,2,workflow.quantization.cpu,6,274.2876875,274.724757,273.69237499999997,276.1942085,273.466625,277.919042
cpu_trace,alpine24,7,1.9,4,1,1,trace,ac,2,2,token.population_reduce.cpu,6,1.1884165,1.2211388333333333,1.180354,1.294646,1.179708,1.30025
cpu_trace,alpine24,7,1.9,4,1,1,trace,ac,2,2,dc.prepare.cpu,6,5.990978999999999,6.315694333333333,5.9427710000000005,7.013332999999999,5.923625,7.694833
cpu_trace,alpine24,7,1.9,4,1,1,trace,ac,2,2,entropy.dc.cpu,6,3.9771039999999998,4.1457223333333335,3.9479585,4.5121044999999995,3.933875,5.0085
cpu_trace,alpine24,7,1.9,4,1,1,trace,ac,2,2,entropy.ac.cpu,6,10.1114795,10.4912295,9.9550835,11.4071255,9.827334,12.524542
cpu_trace,alpine24,7,1.9,4,1,1,trace,ac,2,2,workflow.serializer.cpu,6,34.1850415,34.876861,33.652021000000005,36.7935205,33.632167,39.102916
cpu_trace,alpine24,7,1.9,4,1,1,trace,ac,2,2,gpu_ready_to_reduction,6,0.099146,0.10206966666666667,0.094042,0.113021,0.092375,0.121583
cpu_trace,alpine24,7,1.9,4,1,1,trace,ac,2,2,gpu_ready_to_ac_model,6,1.2966875,1.3236041666666667,1.2787705,1.3953545,1.276875,1.405167
cpu_trace,alpine24,7,1.9,4,1,1,trace,ac,2,2,dc_ready_to_dc_model,6,0.0002295,0.00027100000000000003,0.00018800000000000002,0.0003955,0.000167,0.000458
cpu_trace,alpine24,7,1.9,4,1,1,trace,ac,2,2,begin_to_models_done,6,14.946229500000001,15.320153,14.6353125,16.378917,14.400583,17.755667
cpu_trace,alpine24,7,1.9,4,1,1,trace,ac,2,2,dc_group_threads,6,3.0,3,3.0,3.0,3,3
cpu_trace,alpine24,7,1.9,4,1,1,trace,ac,0,0,workflow.quantization.cpu,6,275.0826045,275.69062533333334,273.3880835,278.601188,272.746458,281.391834
cpu_trace,alpine24,7,1.9,4,1,1,trace,ac,0,0,dc.prepare.cpu,6,5.7916875,6.148152666666666,5.674458,6.9783124999999995,5.669875,7.904
cpu_trace,alpine24,7,1.9,4,1,1,trace,ac,0,0,token.population_reduce.cpu,6,1.1657915,1.1896666666666667,1.1525414999999999,1.250667,1.1455,1.285
cpu_trace,alpine24,7,1.9,4,1,1,trace,ac,0,0,entropy.dc.cpu,6,3.945646,4.093361166666667,3.8341455,4.500292,3.807625,4.975375
cpu_trace,alpine24,7,1.9,4,1,1,trace,ac,0,0,entropy.ac.cpu,6,9.958958500000001,10.321625166666667,9.806917,11.199,9.790584,12.25525
cpu_trace,alpine24,7,1.9,4,1,1,trace,ac,0,0,workflow.serializer.cpu,6,37.23725,38.445889,36.948770999999994,41.151646,36.901084,44.149625
cpu_trace,alpine24,7,1.9,4,1,1,trace,ac,0,0,gpu_ready_to_reduction,6,3.2773545,3.6231668333333333,3.1727920000000003,4.419354,3.141875,5.457958
cpu_trace,alpine24,7,1.9,4,1,1,trace,ac,0,0,gpu_ready_to_ac_model,6,4.4813545,4.851715333333333,4.3633955,5.710395999999999,4.319541,6.789375
cpu_trace,alpine24,7,1.9,4,1,1,trace,ac,0,0,dc_ready_to_dc_model,6,1.2023335,1.2261458333333333,1.1859790000000001,1.290125,1.17675,1.33025
cpu_trace,alpine24,7,1.9,4,1,1,trace,ac,0,0,begin_to_models_done,6,17.862896,18.725597333333333,17.6626045,20.6512915,17.579584,22.825
cpu_trace,alpine24,7,1.9,4,1,1,trace,ac,0,0,dc_group_threads,6,4.0,4,4.0,4.0,4,4
cpu_trace,alpine24,7,1.9,4,1,1,trace,ac,1,1,workflow.quantization.cpu,6,274.761375,275.2383331666666,273.792729,277.1608955,273.359,278.550916
cpu_trace,alpine24,7,1.9,4,1,1,trace,ac,1,1,token.population_reduce.cpu,6,1.186125,1.1990414999999999,1.145375,1.2656245,1.113708,1.338958
cpu_trace,alpine24,7,1.9,4,1,1,trace,ac,1,1,dc.prepare.cpu,6,6.002771,6.302701333333333,5.9359375,6.9693955,5.927125,7.839333
cpu_trace,alpine24,7,1.9,4,1,1,trace,ac,1,1,entropy.dc.cpu,6,4.058542,4.2475695,4.026332999999999,4.657833500000001,4.011875,5.220459
cpu_trace,alpine24,7,1.9,4,1,1,trace,ac,1,1,entropy.ac.cpu,6,9.9379375,10.313916666666668,9.851895500000001,11.151917000000001,9.842916,12.313792
cpu_trace,alpine24,7,1.9,4,1,1,trace,ac,1,1,workflow.serializer.cpu,6,36.1957915,37.4469445,35.8982295,40.2468125,35.770584,43.684
cpu_trace,alpine24,7,1.9,4,1,1,trace,ac,1,1,gpu_ready_to_reduction,6,0.1011665,0.09668750000000001,0.08335400000000001,0.105542,0.06925,0.109625
cpu_trace,alpine24,7,1.9,4,1,1,trace,ac,1,1,gpu_ready_to_ac_model,6,3.583708,3.8944165,3.5080834999999997,4.591458,3.472333,5.407833
cpu_trace,alpine24,7,1.9,4,1,1,trace,ac,1,1,dc_ready_to_dc_model,6,0.026104,0.027368,0.0239375,0.0320625,0.023916,0.033917
cpu_trace,alpine24,7,1.9,4,1,1,trace,ac,1,1,begin_to_models_done,6,16.9514585,17.675159666666666,16.798624500000003,19.275396,16.783791,21.5175
cpu_trace,alpine24,7,1.9,4,1,1,trace,ac,1,1,dc_group_threads,6,3.0,3,3.0,3.0,3,3
cpu_trace,clic_a,1,1.9,2,1,1,trace,ac,2,2,workflow.quantization.cpu,6,4.898562500000001,4.9424513333333335,4.8455829999999995,5.0832085,4.801291,5.260958
cpu_trace,clic_a,1,1.9,2,1,1,trace,ac,2,2,token.population_reduce.cpu,6,0.9321459999999999,0.9475071666666667,0.852104,1.0582715,0.819291,1.088209
cpu_trace,clic_a,1,1.9,2,1,1,trace,ac,2,2,dc.prepare.cpu,6,2.320875,2.356284666666667,2.306458,2.441521,2.304041,2.5135
cpu_trace,clic_a,1,1.9,2,1,1,trace,ac,2,2,entropy.dc.cpu,6,1.185854,1.1946875000000001,1.166375,1.2318335,1.155958,1.235709
cpu_trace,clic_a,1,1.9,2,1,1,trace,ac,2,2,entropy.ac.cpu,6,2.5021459999999998,2.5140208333333334,2.432625,2.6072914999999997,2.406417,2.665708
cpu_trace,clic_a,1,1.9,2,1,1,trace,ac,2,2,workflow.serializer.cpu,6,7.8258125,7.8321735,7.6994165,7.9712914999999995,7.685,7.9945
cpu_trace,clic_a,1,1.9,2,1,1,trace,ac,2,2,gpu_ready_to_reduction,6,0.07045799999999999,0.06948583333333333,0.0638745,0.074125,0.062041,0.0765
cpu_trace,clic_a,1,1.9,2,1,1,trace,ac,2,2,gpu_ready_to_ac_model,6,1.0015625,1.0171943333333333,0.9211245,1.1288960000000001,0.891166,1.157958
cpu_trace,clic_a,1,1.9,2,1,1,trace,ac,2,2,dc_ready_to_dc_model,6,6.3e-05,0.00012483333333333332,4.1e-05,0.0002705,4.1e-05,0.000375
cpu_trace,clic_a,1,1.9,2,1,1,trace,ac,2,2,begin_to_models_done,6,4.10475,4.0864515,3.9153545,4.23925,3.84975,4.242833
cpu_trace,clic_a,1,1.9,2,1,1,trace,ac,2,2,dc_group_threads,6,1.0,1,1.0,1.0,1,1
cpu_trace,clic_a,1,1.9,2,1,1,trace,ac,0,0,workflow.quantization.cpu,6,4.983646,4.9615,4.879583,5.0212710000000005,4.814791,5.041375
cpu_trace,clic_a,1,1.9,2,1,1,trace,ac,0,0,dc.prepare.cpu,6,2.302625,2.3003821666666666,2.291188,2.3073335,2.283959,2.307709
cpu_trace,clic_a,1,1.9,2,1,1,trace,ac,0,0,token.population_reduce.cpu,6,1.0755,1.050854,0.9066455,1.1704165,0.888583,1.253958
cpu_trace,clic_a,1,1.9,2,1,1,trace,ac,0,0,entropy.dc.cpu,6,1.1474585,1.1691251666666667,1.1061670000000001,1.2537500000000001,1.082959,1.28875
cpu_trace,clic_a,1,1.9,2,1,1,trace,ac,0,0,entropy.ac.cpu,6,2.459333,2.462333166666667,2.4025205,2.525146,2.392541,2.56125
cpu_trace,clic_a,1,1.9,2,1,1,trace,ac,0,0,workflow.serializer.cpu,6,9.684729,9.760103833333334,9.673207999999999,9.9223745,9.67075,9.983208
cpu_trace,clic_a,1,1.9,2,1,1,trace,ac,0,0,gpu_ready_to_reduction,6,1.9120625,1.9070558333333334,1.8886669999999999,1.9204379999999999,1.865959,1.926084
cpu_trace,clic_a,1,1.9,2,1,1,trace,ac,0,0,gpu_ready_to_ac_model,6,3.0345625,2.9950763333333335,2.8285,3.1221665,2.822792,3.207458
cpu_trace,clic_a,1,1.9,2,1,1,trace,ac,0,0,dc_ready_to_dc_model,6,1.09775,1.0713123333333334,0.926104,1.190083,0.908208,1.274916
cpu_trace,clic_a,1,1.9,2,1,1,trace,ac,0,0,begin_to_models_done,6,5.9869164999999995,6.010597,5.878125,6.1667495,5.865416,6.194791
cpu_trace,clic_a,1,1.9,2,1,1,trace,ac,0,0,dc_group_threads,6,1.0,1,1.0,1.0,1,1
cpu_trace,clic_a,1,1.9,2,1,1,trace,ac,1,1,workflow.quantization.cpu,6,4.9203125,4.9357223333333335,4.847771,5.0390835,4.836375,5.114667
cpu_trace,clic_a,1,1.9,2,1,1,trace,ac,1,1,token.population_reduce.cpu,6,0.9298955,0.9179236666666667,0.8114375,1.012438,0.770125,1.059584
cpu_trace,clic_a,1,1.9,2,1,1,trace,ac,1,1,dc.prepare.cpu,6,2.2943125,2.295993333333333,2.2909585,2.302709,2.290625,2.303709
cpu_trace,clic_a,1,1.9,2,1,1,trace,ac,1,1,entropy.dc.cpu,6,1.159146,1.1599028333333334,1.152187,1.1683755,1.148541,1.173667
cpu_trace,clic_a,1,1.9,2,1,1,trace,ac,1,1,entropy.ac.cpu,6,2.382,2.3815695,2.3541875,2.4085210000000004,2.350167,2.420542
cpu_trace,clic_a,1,1.9,2,1,1,trace,ac,1,1,workflow.serializer.cpu,6,8.634146000000001,8.641715333333334,8.578687500000001,8.7123125,8.578125,8.740459
cpu_trace,clic_a,1,1.9,2,1,1,trace,ac,1,1,gpu_ready_to_reduction,6,0.0729585,0.074597,0.0676455,0.08318700000000001,0.065958,0.083291
cpu_trace,clic_a,1,1.9,2,1,1,trace,ac,1,1,gpu_ready_to_ac_model,6,1.947479,1.8821595,1.7451875000000001,1.953812,1.54525,1.956791
cpu_trace,clic_a,1,1.9,2,1,1,trace,ac,1,1,dc_ready_to_dc_model,6,0.012812,0.013103833333333334,0.0122915,0.014208,0.01225,0.014625
cpu_trace,clic_a,1,1.9,2,1,1,trace,ac,1,1,begin_to_models_done,6,4.882542,4.876736166666666,4.8455,4.9021665,4.83975,4.915125
cpu_trace,clic_a,1,1.9,2,1,1,trace,ac,1,1,dc_group_threads,6,1.0,1,1.0,1.0,1,1
cpu_trace,clic_a,1,1.9,4,1,1,trace,ac,2,2,workflow.quantization.cpu,6,6.200979,6.735361,5.026021,8.979083,4.970625,11.278541
cpu_trace,clic_a,1,1.9,4,1,1,trace,ac,2,2,token.population_reduce.cpu,6,1.1357914999999998,1.1177015,1.071084,1.146229,1.051834,1.146875
cpu_trace,clic_a,1,1.9,4,1,1,trace,ac,2,2,dc.prepare.cpu,6,2.3655,2.3700555,2.330813,2.4138535,2.310417,2.442166
cpu_trace,clic_a,1,1.9,4,1,1,trace,ac,2,2,entropy.dc.cpu,6,1.2202709999999999,1.225875,1.1919585000000001,1.2653955,1.16825,1.278458
cpu_trace,clic_a,1,1.9,4,1,1,trace,ac,2,2,entropy.ac.cpu,6,2.527959,2.538549,2.4557919999999998,2.6318960000000002,2.433792,2.67575
cpu_trace,clic_a,1,1.9,4,1,1,trace,ac,2,2,workflow.serializer.cpu,6,7.7159165,7.644645833333334,7.240937499999999,7.9770835,7.183,8.217542
cpu_trace,clic_a,1,1.9,4,1,1,trace,ac,2,2,gpu_ready_to_reduction,6,0.07835400000000001,0.07874966666666666,0.069937,0.087958,0.065041,0.089125
cpu_trace,clic_a,1,1.9,4,1,1,trace,ac,2,2,gpu_ready_to_ac_model,6,1.2143535,1.1966661666666667,1.147187,1.228458,1.117041,1.234958
cpu_trace,clic_a,1,1.9,4,1,1,trace,ac,2,2,dc_ready_to_dc_model,6,8.3e-05,8.35e-05,2.1e-05,0.00014649999999999998,0.0,0.000209
cpu_trace,clic_a,1,1.9,4,1,1,trace,ac,2,2,begin_to_models_done,6,4.6291665,4.610069666666667,4.2663545,4.9346879999999995,4.232292,5.195834
cpu_trace,clic_a,1,1.9,4,1,1,trace,ac,2,2,dc_group_threads,6,1.0,1,1.0,1.0,1,1
cpu_trace,clic_a,1,1.9,4,1,1,trace,ac,0,0,workflow.quantization.cpu,6,6.2414585,6.8151736666666665,4.9605,9.2435625,4.846417,10.605375
cpu_trace,clic_a,1,1.9,4,1,1,trace,ac,0,0,dc.prepare.cpu,6,2.3286045,2.3410766666666665,2.3235419999999998,2.3710835,2.323209,2.409792
cpu_trace,clic_a,1,1.9,4,1,1,trace,ac,0,0,token.population_reduce.cpu,6,1.1104375000000002,1.0858058333333334,1.0020004999999998,1.1449795,0.901459,1.155667
cpu_trace,clic_a,1,1.9,4,1,1,trace,ac,0,0,entropy.dc.cpu,6,1.1585625,1.1599443333333332,1.1436875,1.1775829999999998,1.135917,1.177833
cpu_trace,clic_a,1,1.9,4,1,1,trace,ac,0,0,entropy.ac.cpu,6,2.4828125,2.455604166666667,2.339896,2.544104,2.327417,2.561667
cpu_trace,clic_a,1,1.9,4,1,1,trace,ac,0,0,workflow.serializer.cpu,6,9.170853999999999,9.096763666666666,8.8444375,9.2749995,8.751958,9.293541
cpu_trace,clic_a,1,1.9,4,1,1,trace,ac,0,0,gpu_ready_to_reduction,6,1.7692290000000002,1.5211803333333334,0.8732915,1.9210205,0.773708,1.933875
cpu_trace,clic_a,1,1.9,4,1,1,trace,ac,0,0,gpu_ready_to_ac_model,6,2.8369165,2.6388193333333336,2.02925,3.0502915,1.921416,3.054625
cpu_trace,clic_a,1,1.9,4,1,1,trace,ac,0,0,dc_ready_to_dc_model,6,1.1383334999999999,1.1139791666666667,1.0301875,1.1734165,0.929417,1.184416
cpu_trace,clic_a,1,1.9,4,1,1,trace,ac,0,0,begin_to_models_done,6,6.1528125,6.082840166666667,5.8560625,6.2396455,5.77725,6.254791
cpu_trace,clic_a,1,1.9,4,1,1,trace,ac,0,0,dc_group_threads,6,1.0,1,1.0,1.0,1,1
cpu_trace,clic_a,1,1.9,4,1,1,trace,ac,1,1,workflow.quantization.cpu,6,5.7414165,6.776569333333334,4.8800835,9.708208,4.804417,11.95325
cpu_trace,clic_a,1,1.9,4,1,1,trace,ac,1,1,token.population_reduce.cpu,6,1.1274375,1.1319305,1.083354,1.185,1.081042,1.205125
cpu_trace,clic_a,1,1.9,4,1,1,trace,ac,1,1,dc.prepare.cpu,6,2.3097915,2.318617833333333,2.2984584999999997,2.3476035,2.297667,2.348541
cpu_trace,clic_a,1,1.9,4,1,1,trace,ac,1,1,entropy.dc.cpu,6,1.1979585,1.1893888333333333,1.1464995,1.2237084999999999,1.126833,1.240375
cpu_trace,clic_a,1,1.9,4,1,1,trace,ac,1,1,entropy.ac.cpu,6,2.4797915,2.4786390000000003,2.3704795,2.585646,2.333,2.61775
cpu_trace,clic_a,1,1.9,4,1,1,trace,ac,1,1,workflow.serializer.cpu,6,8.098854,8.039263833333333,7.7733954999999995,8.245542,7.702291,8.277709
cpu_trace,clic_a,1,1.9,4,1,1,trace,ac,1,1,gpu_ready_to_reduction,6,0.07170850000000001,0.0729445,0.06597900000000001,0.081146,0.063792,0.084125
cpu_trace,clic_a,1,1.9,4,1,1,trace,ac,1,1,gpu_ready_to_ac_model,6,1.7754159999999999,1.7749234999999999,1.5902085,1.959146,1.512417,1.96775
cpu_trace,clic_a,1,1.9,4,1,1,trace,ac,1,1,dc_ready_to_dc_model,6,0.0223125,0.0222085,0.019938,0.024375,0.019834,0.024667
cpu_trace,clic_a,1,1.9,4,1,1,trace,ac,1,1,begin_to_models_done,6,5.025937000000001,5.000562333333334,4.8578125,5.1179375,4.824833,5.121625
cpu_trace,clic_a,1,1.9,4,1,1,trace,ac,1,1,dc_group_threads,6,1.0,1,1.0,1.0,1,1
cpu_trace,clic_a,7,1.9,2,1,1,trace,ac,2,2,workflow.quantization.cpu,6,44.432874999999996,44.433680333333335,44.0675205,44.8006455,43.948,44.848625
cpu_trace,clic_a,7,1.9,2,1,1,trace,ac,2,2,token.population_reduce.cpu,6,1.1287289999999999,1.1589791666666667,1.1194790000000001,1.2287295,1.116125,1.270917
cpu_trace,clic_a,7,1.9,2,1,1,trace,ac,2,2,dc.prepare.cpu,6,2.108896,2.204979333333333,2.0795415,2.4265005,2.076708,2.712417
cpu_trace,clic_a,7,1.9,2,1,1,trace,ac,2,2,entropy.dc.cpu,6,0.925229,0.9710553333333334,0.9208540000000001,1.067083,0.918875,1.197041
cpu_trace,clic_a,7,1.9,2,1,1,trace,ac,2,2,entropy.ac.cpu,6,3.363604,3.4994165,3.3082705,3.826375,3.304083,4.2565
cpu_trace,clic_a,7,1.9,2,1,1,trace,ac,2,2,workflow.serializer.cpu,6,8.295396,8.602034999999999,8.2169585,9.2937505,8.145375,10.219292
cpu_trace,clic_a,7,1.9,2,1,1,trace,ac,2,2,gpu_ready_to_reduction,6,0.0788545,0.07837483333333334,0.07531199999999999,0.080958,0.074791,0.081
cpu_trace,clic_a,7,1.9,2,1,1,trace,ac,2,2,gpu_ready_to_ac_model,6,1.2068335000000001,1.2376733333333334,1.1991245,1.307062,1.197333,1.345916
cpu_trace,clic_a,7,1.9,2,1,1,trace,ac,2,2,dc_ready_to_dc_model,6,6.25e-05,6.25e-05,0.0,0.000125,0.0,0.000125
cpu_trace,clic_a,7,1.9,2,1,1,trace,ac,2,2,begin_to_models_done,6,4.993458,5.1638470000000005,4.924479,5.573604,4.921833,6.062833
cpu_trace,clic_a,7,1.9,2,1,1,trace,ac,2,2,dc_group_threads,6,1.0,1,1.0,1.0,1,1
cpu_trace,clic_a,7,1.9,2,1,1,trace,ac,0,0,workflow.quantization.cpu,6,44.209479,44.3208055,44.030125,44.7228125,44.011292,44.922083
cpu_trace,clic_a,7,1.9,2,1,1,trace,ac,0,0,dc.prepare.cpu,6,2.0772915000000003,2.188757,2.0743125,2.414667,2.073833,2.416542
cpu_trace,clic_a,7,1.9,2,1,1,trace,ac,0,0,token.population_reduce.cpu,6,1.174479,1.1710831666666666,1.1027915,1.235979,1.079791,1.279958
cpu_trace,clic_a,7,1.9,2,1,1,trace,ac,0,0,entropy.dc.cpu,6,0.9419795,0.9764306666666667,0.9169164999999999,1.0703960000000001,0.899666,1.073417
cpu_trace,clic_a,7,1.9,2,1,1,trace,ac,0,0,entropy.ac.cpu,6,3.3661665000000003,3.4355553333333333,3.2888745,3.651625,3.245333,3.719
cpu_trace,clic_a,7,1.9,2,1,1,trace,ac,0,0,workflow.serializer.cpu,6,10.2831455,10.492923333333334,9.9736875,11.221937,9.958667,11.467916
cpu_trace,clic_a,7,1.9,2,1,1,trace,ac,0,0,gpu_ready_to_reduction,6,1.781854,1.8063748333333334,1.5212495,2.116021,1.287958,2.117917
cpu_trace,clic_a,7,1.9,2,1,1,trace,ac,0,0,gpu_ready_to_ac_model,6,3.0882705,3.149812333333333,2.824354,3.5368125,2.62575,3.582125
cpu_trace,clic_a,7,1.9,2,1,1,trace,ac,0,0,dc_ready_to_dc_model,6,1.2037710000000001,1.1973956666666665,1.1261035,1.2623125,1.103041,1.30625
cpu_trace,clic_a,7,1.9,2,1,1,trace,ac,0,0,begin_to_models_done,6,6.9106455,7.0961665,6.7414369999999995,7.636417,6.721416,7.748875
cpu_trace,clic_a,7,1.9,2,1,1,trace,ac,0,0,dc_group_threads,6,1.0,1,1.0,1.0,1,1
cpu_trace,clic_a,7,1.9,2,1,1,trace,ac,1,1,workflow.quantization.cpu,6,44.2626875,44.42097233333333,44.195063000000005,44.8051665,44.184584,44.864667
cpu_trace,clic_a,7,1.9,2,1,1,trace,ac,1,1,token.population_reduce.cpu,6,1.128729,1.1317151666666667,1.1047295,1.1616870000000001,1.092167,1.166291
cpu_trace,clic_a,7,1.9,2,1,1,trace,ac,1,1,dc.prepare.cpu,6,2.099313,2.101361333333333,2.0868335,2.1179375,2.083917,2.125167
cpu_trace,clic_a,7,1.9,2,1,1,trace,ac,1,1,entropy.dc.cpu,6,0.9333125,0.9489166666666666,0.9232705,0.990167,0.922,0.990709
cpu_trace,clic_a,7,1.9,2,1,1,trace,ac,1,1,entropy.ac.cpu,6,3.3608335,3.3577291666666667,3.2503335,3.4620205000000004,3.239834,3.541291
cpu_trace,clic_a,7,1.9,2,1,1,trace,ac,1,1,workflow.serializer.cpu,6,9.0586465,9.092694666666667,8.9109585,9.308479,8.849917,9.398916
cpu_trace,clic_a,7,1.9,2,1,1,trace,ac,1,1,gpu_ready_to_reduction,6,0.0761255,0.07874316666666667,0.07452049999999999,0.0855835,0.073791,0.087917
cpu_trace,clic_a,7,1.9,2,1,1,trace,ac,1,1,gpu_ready_to_ac_model,6,1.9627080000000001,1.9642985,1.945667,1.9845205,1.939292,1.993791
cpu_trace,clic_a,7,1.9,2,1,1,trace,ac,1,1,dc_ready_to_dc_model,6,0.015354,0.015368,0.0140205,0.0167295,0.0135,0.016875
cpu_trace,clic_a,7,1.9,2,1,1,trace,ac,1,1,begin_to_models_done,6,5.757645999999999,5.755507,5.619542,5.889333000000001,5.612959,5.983583
cpu_trace,clic_a,7,1.9,2,1,1,trace,ac,1,1,dc_group_threads,6,1.0,1,1.0,1.0,1,1
cpu_trace,clic_a,7,1.9,4,1,1,trace,ac,2,2,workflow.quantization.cpu,6,44.400771,44.375298666666666,44.0415,44.683625,43.819708,44.828708
cpu_trace,clic_a,7,1.9,4,1,1,trace,ac,2,2,token.population_reduce.cpu,6,1.1684994999999998,1.173493,1.1371250000000002,1.2148545,1.128875,1.221334
cpu_trace,clic_a,7,1.9,4,1,1,trace,ac,2,2,dc.prepare.cpu,6,2.1540625,2.2283956666666667,2.101,2.4301245,2.097917,2.506958
cpu_trace,clic_a,7,1.9,4,1,1,trace,ac,2,2,entropy.dc.cpu,6,0.9841880000000001,0.97716,0.9089375,1.0383545,0.895833,1.062292
cpu_trace,clic_a,7,1.9,4,1,1,trace,ac,2,2,entropy.ac.cpu,6,3.4778330000000004,3.5479996666666667,3.3229375,3.8432285,3.3095,3.888541
cpu_trace,clic_a,7,1.9,4,1,1,trace,ac,2,2,workflow.serializer.cpu,6,8.0804165,8.1840485,7.7778335,8.6938955,7.698917,8.817041
cpu_trace,clic_a,7,1.9,4,1,1,trace,ac,2,2,gpu_ready_to_reduction,6,0.07677149999999999,0.07888183333333333,0.073687,0.086187,0.072708,0.088833
cpu_trace,clic_a,7,1.9,4,1,1,trace,ac,2,2,gpu_ready_to_ac_model,6,1.248625,1.252646,1.214521,1.294792,1.20375,1.305
cpu_trace,clic_a,7,1.9,4,1,1,trace,ac,2,2,dc_ready_to_dc_model,6,8.3e-05,0.00013183333333333333,6.2e-05,0.0002505,4.1e-05,0.000292
cpu_trace,clic_a,7,1.9,4,1,1,trace,ac,2,2,begin_to_models_done,6,5.182708,5.238902666666666,4.963542,5.570458,4.933292,5.638541
cpu_trace,clic_a,7,1.9,4,1,1,trace,ac,2,2,dc_group_threads,6,1.0,1,1.0,1.0,1,1
cpu_trace,clic_a,7,1.9,4,1,1,trace,ac,0,0,workflow.quantization.cpu,6,44.473437000000004,44.4766805,44.177271000000005,44.7793335,44.171875,44.863125
cpu_trace,clic_a,7,1.9,4,1,1,trace,ac,0,0,dc.prepare.cpu,6,2.1448545,2.2497916666666664,2.0867085,2.517812,2.07,2.838666
cpu_trace,clic_a,7,1.9,4,1,1,trace,ac,0,0,token.population_reduce.cpu,6,1.1398745,1.1422985,1.100813,1.1862080000000002,1.097417,1.225
cpu_trace,clic_a,7,1.9,4,1,1,trace,ac,0,0,entropy.dc.cpu,6,0.9604999999999999,1.0028543333333333,0.9313335,1.1167295,0.923958,1.199917
cpu_trace,clic_a,7,1.9,4,1,1,trace,ac,0,0,entropy.ac.cpu,6,3.509229,3.6450068333333334,3.439979,3.9858124999999998,3.4335,4.356292
cpu_trace,clic_a,7,1.9,4,1,1,trace,ac,0,0,workflow.serializer.cpu,6,9.719604499999999,10.124826666666667,9.678021,10.9768545,9.651708,12.029167
cpu_trace,clic_a,7,1.9,4,1,1,trace,ac,0,0,gpu_ready_to_reduction,6,1.8136875,1.9285971666666666,1.7724585,2.1996455,1.771458,2.525416
cpu_trace,clic_a,7,1.9,4,1,1,trace,ac,0,0,gpu_ready_to_ac_model,6,2.974125,3.1096735,2.9275415000000002,3.4273540000000002,2.906708,3.791958
cpu_trace,clic_a,7,1.9,4,1,1,trace,ac,0,0,dc_ready_to_dc_model,6,1.1750205,1.1768471666666667,1.1328334999999998,1.2226875,1.130167,1.260792
cpu_trace,clic_a,7,1.9,4,1,1,trace,ac,0,0,begin_to_models_done,6,6.9126245,7.220742833333333,6.8590205,7.8905835,6.845833,8.631709
cpu_trace,clic_a,7,1.9,4,1,1,trace,ac,0,0,dc_group_threads,6,1.0,1,1.0,1.0,1,1
cpu_trace,clic_a,7,1.9,4,1,1,trace,ac,1,1,workflow.quantization.cpu,6,44.8465,44.74233316666667,44.114228999999995,45.266270500000005,43.949417,45.45
cpu_trace,clic_a,7,1.9,4,1,1,trace,ac,1,1,token.population_reduce.cpu,6,1.1853125,1.2024445,1.1381044999999999,1.2839165000000001,1.126584,1.327333
cpu_trace,clic_a,7,1.9,4,1,1,trace,ac,1,1,dc.prepare.cpu,6,2.351125,2.3948333333333336,2.1668125,2.6665625,2.113042,2.840125
cpu_trace,clic_a,7,1.9,4,1,1,trace,ac,1,1,entropy.dc.cpu,6,1.0234375,1.0364998333333333,0.9501040000000001,1.135958,0.925583,1.199416
cpu_trace,clic_a,7,1.9,4,1,1,trace,ac,1,1,entropy.ac.cpu,6,3.8270835,3.837791666666667,3.5685830000000003,4.1177085,3.527708,4.333292
cpu_trace,clic_a,7,1.9,4,1,1,trace,ac,1,1,workflow.serializer.cpu,6,9.349250000000001,9.509166666666667,8.885042,10.293208,8.833875,10.816708
cpu_trace,clic_a,7,1.9,4,1,1,trace,ac,1,1,gpu_ready_to_reduction,6,0.0755835,0.07813183333333333,0.0719785,0.08683350000000001,0.071041,0.0915
cpu_trace,clic_a,7,1.9,4,1,1,trace,ac,1,1,gpu_ready_to_ac_model,6,2.098354,2.1429305,1.903708,2.4267295,1.834708,2.595417
cpu_trace,clic_a,7,1.9,4,1,1,trace,ac,1,1,dc_ready_to_dc_model,6,0.0344375,0.035097333333333335,0.029292,0.0415625,0.026167,0.045417
cpu_trace,clic_a,7,1.9,4,1,1,trace,ac,1,1,begin_to_models_done,6,6.3693124999999995,6.445395833333333,5.9633955,7.003479499999999,5.8605,7.405917
cpu_trace,clic_a,7,1.9,4,1,1,trace,ac,1,1,dc_group_threads,6,1.0,1,1.0,1.0,1,1
forced_retry,clic_a,7,1.9,8,1,1,trace,ac,2,2,workflow.quantization.cpu,4,44.9474795,45.02955225,44.6176752,45.5070875,44.605125,45.618125
forced_retry,clic_a,7,1.9,8,1,1,trace,ac,2,2,token.population_reduce.cpu,4,1.1554795,1.17216675,1.1520207,1.2056626,1.151958,1.22575
forced_retry,clic_a,7,1.9,8,1,1,trace,ac,2,2,dc.prepare.cpu,4,2.1481455,2.1402289999999997,2.1195625,2.1545623,2.10925,2.155375
forced_retry,clic_a,7,1.9,8,1,1,trace,ac,2,2,entropy.dc.cpu,4,0.9637915,0.97989575,0.9491705,1.0235044,0.944333,1.047667
forced_retry,clic_a,7,1.9,8,1,1,trace,ac,2,2,entropy.ac.cpu,4,3.4663545,3.47490625,3.4360081,3.5206458,3.426958,3.539958
forced_retry,clic_a,7,1.9,8,1,1,trace,ac,2,2,workflow.serializer.cpu,4,8.060354,8.04674975,7.9378706,8.1447455,7.907333,8.158958
forced_retry,clic_a,7,1.9,8,1,1,trace,ac,2,2,gpu_ready_to_reduction,4,0.0619995,0.06426025,0.058833,0.0714961,0.058458,0.074584
forced_retry,clic_a,7,1.9,8,1,1,trace,ac,2,2,gpu_ready_to_ac_model,4,1.2176665,1.2367185,1.2125412,1.2761374,1.210791,1.30075
forced_retry,clic_a,7,1.9,8,1,1,trace,ac,2,2,dc_ready_to_dc_model,4,6.3e-05,6.275e-05,1.2600000000000001e-05,0.0001127,0.0,0.000125
forced_retry,clic_a,7,1.9,8,1,1,trace,ac,2,2,begin_to_models_done,4,5.4552914999999995,5.460437499999999,5.3892374,5.5357544,5.387375,5.543792
forced_retry,clic_a,7,1.9,8,1,1,trace,ac,2,2,dc_group_threads,4,1.0,1,1.0,1.0,1,1
forced_retry,clic_a,7,1.9,8,1,1,trace,ac,0,0,workflow.quantization.cpu,4,44.983229,44.99946875,44.8463543,45.165575000000004,44.788667,45.24275
forced_retry,clic_a,7,1.9,8,1,1,trace,ac,0,0,dc.prepare.cpu,4,2.517896,2.5057187499999998,2.1566832,2.8450125,2.089833,2.89725
forced_retry,clic_a,7,1.9,8,1,1,trace,ac,0,0,token.population_reduce.cpu,4,1.308063,1.2804065,1.2256126999999999,1.3130751,1.190375,1.315125
forced_retry,clic_a,7,1.9,8,1,1,trace,ac,0,0,entropy.dc.cpu,4,1.0803125,1.08442725,0.9534213,1.218725,0.932334,1.24475
forced_retry,clic_a,7,1.9,8,1,1,trace,ac,0,0,entropy.ac.cpu,4,3.914854,3.8824375,3.4520293,4.2869125,3.353167,4.346875
forced_retry,clic_a,7,1.9,8,1,1,trace,ac,0,0,workflow.serializer.cpu,4,11.371187500000001,11.326614750000001,10.2079501,12.4096212,10.041625,12.522459
forced_retry,clic_a,7,1.9,8,1,1,trace,ac,0,0,gpu_ready_to_reduction,4,0.105625,0.10401025,0.07028770000000001,0.136441,0.064375,0.140416
forced_retry,clic_a,7,1.9,8,1,1,trace,ac,0,0,gpu_ready_to_ac_model,4,1.4536875,1.4218855000000001,1.3369546,1.4813748,1.292542,1.487625
forced_retry,clic_a,7,1.9,8,1,1,trace,ac,0,0,dc_ready_to_dc_model,4,1.960208,1.95264575,1.8585293,2.0407124,1.817042,2.073125
forced_retry,clic_a,7,1.9,8,1,1,trace,ac,0,0,begin_to_models_done,4,8.5443955,8.507677000000001,7.6719123,9.3140669,7.549125,9.392792
forced_retry,clic_a,7,1.9,8,1,1,trace,ac,0,0,dc_group_threads,4,1.0,1,1.0,1.0,1,1
forced_retry,clic_a,7,1.9,8,1,1,trace,ac,1,1,workflow.quantization.cpu,4,44.826021,44.89832275,44.679095700000005,45.1753912,44.639583,45.301666
forced_retry,clic_a,7,1.9,8,1,1,trace,ac,1,1,token.population_reduce.cpu,4,1.1625835,1.17885425,1.1477374999999999,1.2229876,1.1435,1.24675
forced_retry,clic_a,7,1.9,8,1,1,trace,ac,1,1,dc.prepare.cpu,4,2.119812,2.227062,2.1022454,2.4376786000000004,2.100458,2.568166
forced_retry,clic_a,7,1.9,8,1,1,trace,ac,1,1,entropy.dc.cpu,4,0.9479795,0.98623975,0.9294794,1.0736083,0.924917,1.124083
forced_retry,clic_a,7,1.9,8,1,1,trace,ac,1,1,entropy.ac.cpu,4,3.463792,3.576521,3.3096456,3.9335796,3.294333,4.084167
forced_retry,clic_a,7,1.9,8,1,1,trace,ac,1,1,workflow.serializer.cpu,4,8.342229,8.643166749999999,8.0951043,9.4319794,8.079417,9.808792
forced_retry,clic_a,7,1.9,8,1,1,trace,ac,1,1,gpu_ready_to_reduction,4,0.0614165,0.061833,0.059470699999999994,0.0645285,0.059333,0.065166
forced_retry,clic_a,7,1.9,8,1,1,trace,ac,1,1,gpu_ready_to_ac_model,4,1.5466875,1.65517675,1.5343285,1.8628164000000003,1.533166,1.994166
forced_retry,clic_a,7,1.9,8,1,1,trace,ac,1,1,dc_ready_to_dc_model,4,0.020770999999999998,0.020437499999999997,0.0185456,0.022062599999999998,0.018083,0.022125
forced_retry,clic_a,7,1.9,8,1,1,trace,ac,1,1,begin_to_models_done,4,5.763271,5.989219,5.5834418,6.575754600000001,5.567042,6.863292
forced_retry,clic_a,7,1.9,8,1,1,trace,ac,1,1,dc_group_threads,4,1.0,1,1.0,1.0,1,1
pilot,alpine24,1,1.9,8,1,1,trace,battery,2,2,workflow.quantization.cpu,6,52.4084165,52.15047916666667,49.3064375,54.736583499999995,48.89275,55.935334
pilot,alpine24,1,1.9,8,1,1,trace,battery,2,2,token.population_reduce.cpu,6,1.3068125,1.3044515,1.2909585,1.3155835,1.290292,1.316042
pilot,alpine24,1,1.9,8,1,1,trace,battery,2,2,dc.prepare.cpu,6,4.542167,4.544729333333334,4.5095,4.582521,4.507375,4.606833
pilot,alpine24,1,1.9,8,1,1,trace,battery,2,2,entropy.ac.cpu,6,7.5010829999999995,7.5236735,7.403396,7.6665415,7.373792,7.779375
pilot,alpine24,1,1.9,8,1,1,trace,battery,2,2,entropy.dc.cpu,6,7.824812,7.89175,7.7285835,8.121854500000001,7.709458,8.23975
pilot,alpine24,1,1.9,8,1,1,trace,battery,2,2,workflow.serializer.cpu,6,30.33625,30.418715333333335,30.29325,30.626646,30.289,30.750125
pilot,alpine24,1,1.9,8,1,1,trace,battery,2,2,gpu_ready_to_reduction,6,0.10768749999999999,0.12139566666666667,0.1048955,0.15160400000000002,0.104833,0.192333
pilot,alpine24,1,1.9,8,1,1,trace,battery,2,2,gpu_ready_to_ac_model,6,1.4194369999999998,1.4264721666666667,1.40125,1.4587295,1.401083,1.496125
pilot,alpine24,1,1.9,8,1,1,trace,battery,2,2,dc_ready_to_dc_model,6,0.000187,0.00018733333333333332,0.000125,0.00025,0.000125,0.000292
pilot,alpine24,1,1.9,8,1,1,trace,battery,2,2,begin_to_models_done,6,13.9571255,13.932173666666667,13.754,14.0853955,13.669709,14.176708
pilot,alpine24,1,1.9,8,1,1,trace,battery,2,2,dc_group_threads,6,6.0,6,6.0,6.0,6,6
pilot,alpine24,1,1.9,8,1,1,trace,battery,0,0,workflow.quantization.cpu,6,53.407,54.0171735,51.364271,57.2802495,51.031292,59.105583
pilot,alpine24,1,1.9,8,1,1,trace,battery,0,0,dc.prepare.cpu,6,4.5660004999999995,4.5632295,4.5528960000000005,4.570792,4.5435,4.572042
pilot,alpine24,1,1.9,8,1,1,trace,battery,0,0,token.population_reduce.cpu,6,1.274,1.2753403333333333,1.255396,1.2966250000000001,1.245042,1.3035
pilot,alpine24,1,1.9,8,1,1,trace,battery,0,0,entropy.ac.cpu,6,7.4027495000000005,7.441256666666667,7.382250000000001,7.5387705,7.377875,7.552333
pilot,alpine24,1,1.9,8,1,1,trace,battery,0,0,entropy.dc.cpu,6,8.016396,7.964423666666667,7.8134375,8.0634375,7.767667,8.080375
pilot,alpine24,1,1.9,8,1,1,trace,battery,0,0,workflow.serializer.cpu,6,31.748292,31.80590966666667,31.696625,31.972811999999998,31.687125,32.094958
pilot,alpine24,1,1.9,8,1,1,trace,battery,0,0,gpu_ready_to_reduction,6,1.744104,1.3582638333333334,0.529625,1.8010625,0.118166,1.809917
pilot,alpine24,1,1.9,8,1,1,trace,battery,0,0,gpu_ready_to_ac_model,6,3.0553545,2.6710765,1.8520625,3.1058125,1.458958,3.117541
pilot,alpine24,1,1.9,8,1,1,trace,battery,0,0,dc_ready_to_dc_model,6,1.3098125,1.3299928333333333,1.292937,1.387229,1.283291,1.450708
pilot,alpine24,1,1.9,8,1,1,trace,battery,0,0,begin_to_models_done,6,15.3039585,15.314513833333333,15.251104000000002,15.388479,15.231583,15.39325
pilot,alpine24,1,1.9,8,1,1,trace,battery,0,0,dc_group_threads,6,6.0,6,6.0,6.0,6,6
pilot,alpine24,1,1.9,8,1,1,trace,battery,1,1,workflow.quantization.cpu,6,53.336104,52.446194166666665,48.4586455,55.543833,47.3115,56.322333
pilot,alpine24,1,1.9,8,1,1,trace,battery,1,1,dc.prepare.cpu,6,4.547708500000001,4.5450835,4.5322499999999994,4.555292,4.527583,4.5565
pilot,alpine24,1,1.9,8,1,1,trace,battery,1,1,token.population_reduce.cpu,6,1.300125,1.2949235,1.273625,1.3110205000000001,1.26875,1.320583
pilot,alpine24,1,1.9,8,1,1,trace,battery,1,1,entropy.ac.cpu,6,7.425625,7.434736166666666,7.409437499999999,7.469146,7.395375,7.483917
pilot,alpine24,1,1.9,8,1,1,trace,battery,1,1,entropy.dc.cpu,6,8.087646,8.028395833333333,7.8480625,8.149479,7.681625,8.164
pilot,alpine24,1,1.9,8,1,1,trace,battery,1,1,workflow.serializer.cpu,6,30.739687500000002,30.827395833333334,30.306292,31.436208,30.055875,31.678375
pilot,alpine24,1,1.9,8,1,1,trace,battery,1,1,gpu_ready_to_reduction,6,0.11460400000000001,0.11609733333333333,0.1102085,0.12347949999999999,0.110125,0.12775
pilot,alpine24,1,1.9,8,1,1,trace,battery,1,1,gpu_ready_to_ac_model,6,1.6379584999999999,1.648243,1.4772500000000002,1.8295205,1.458458,1.84375
pilot,alpine24,1,1.9,8,1,1,trace,battery,1,1,dc_ready_to_dc_model,6,0.1315625,0.3452153333333333,0.028624999999999998,0.8754585,0.027,1.011417
pilot,alpine24,1,1.9,8,1,1,trace,battery,1,1,begin_to_models_done,6,14.2376045,14.377048833333333,13.910499999999999,14.983042000000001,13.682542,15.100875
pilot,alpine24,1,1.9,8,1,1,trace,battery,1,1,dc_group_threads,6,6.0,6,6.0,6.0,6,6
pilot,alpine24,7,1.9,8,1,1,trace,battery,2,2,workflow.quantization.cpu,6,458.32660350000003,470.725479,450.595167,503.2546665,450.014584,537.681708
pilot,alpine24,7,1.9,8,1,1,trace,battery,2,2,dc.prepare.cpu,6,4.811583499999999,4.770527833333333,4.4829375,5.0170625,4.481875,5.032833
pilot,alpine24,7,1.9,8,1,1,trace,battery,2,2,token.population_reduce.cpu,6,1.3231875,1.3467636666666667,1.3151869999999999,1.4019165,1.313666,1.424333
pilot,alpine24,7,1.9,8,1,1,trace,battery,2,2,entropy.dc.cpu,6,5.6200209999999995,5.782069666666667,5.5691875,6.1570005,5.552041,6.189042
pilot,alpine24,7,1.9,8,1,1,trace,battery,2,2,entropy.ac.cpu,6,13.977729,14.010180333333333,13.6401665,14.4126455,13.596708,14.486666
pilot,alpine24,7,1.9,8,1,1,trace,battery,2,2,workflow.serializer.cpu,6,35.821667,36.509277833333336,35.2849165,38.42125,35.154375,39.111208
pilot,alpine24,7,1.9,8,1,1,trace,battery,2,2,gpu_ready_to_reduction,6,0.12885449999999998,0.12915983333333333,0.114729,0.143896,0.1105,0.1475
pilot,alpine24,7,1.9,8,1,1,trace,battery,2,2,gpu_ready_to_ac_model,6,1.4620005,1.4762223333333333,1.4311875,1.535479,1.427583,1.543333
pilot,alpine24,7,1.9,8,1,1,trace,battery,2,2,dc_ready_to_dc_model,6,0.00022850000000000002,0.00020800000000000001,8.300000000000001e-05,0.0003125,4.1e-05,0.000333
pilot,alpine24,7,1.9,8,1,1,trace,battery,2,2,begin_to_models_done,6,20.2311875,20.6004165,19.713583,21.856479,19.651583,22.562917
pilot,alpine24,7,1.9,8,1,1,trace,battery,2,2,dc_group_threads,6,6.0,6,6.0,6.0,6,6
pilot,alpine24,7,1.9,8,1,1,trace,battery,0,0,workflow.quantization.cpu,6,466.8960005,470.45729216666666,446.0132505,498.4626255,442.833709,501.303917
pilot,alpine24,7,1.9,8,1,1,trace,battery,0,0,dc.prepare.cpu,6,4.859271,4.841298666666667,4.351125,5.3135,4.314708,5.65875
pilot,alpine24,7,1.9,8,1,1,trace,battery,0,0,token.population_reduce.cpu,6,1.344792,1.3903475,1.320167,1.5060835,1.305625,1.640458
pilot,alpine24,7,1.9,8,1,1,trace,battery,0,0,entropy.dc.cpu,6,5.3202295,5.408104166666667,5.253875,5.650208,5.232583,5.924666
pilot,alpine24,7,1.9,8,1,1,trace,battery,0,0,entropy.ac.cpu,6,13.725583,13.847576166666666,13.585125,14.2320205,13.565833,14.691875
pilot,alpine24,7,1.9,8,1,1,trace,battery,0,0,workflow.serializer.cpu,6,36.7745,37.48052083333333,36.502250000000004,39.1648125,36.45825,41.264709
pilot,alpine24,7,1.9,8,1,1,trace,battery,0,0,gpu_ready_to_reduction,6,1.5642915,1.419472,0.8972085000000001,1.796916,0.770042,1.808291
pilot,alpine24,7,1.9,8,1,1,trace,battery,0,0,gpu_ready_to_ac_model,6,3.069833,2.8460415,2.2582709999999997,3.2100205,2.153167,3.228791
pilot,alpine24,7,1.9,8,1,1,trace,battery,0,0,dc_ready_to_dc_model,6,1.3779789999999998,1.4244583333333334,1.3520205,1.5433755,1.335833,1.683209
pilot,alpine24,7,1.9,8,1,1,trace,battery,0,0,begin_to_models_done,6,21.1277085,21.533749833333335,20.775354,22.698187,20.735166,23.915458
pilot,alpine24,7,1.9,8,1,1,trace,battery,0,0,dc_group_threads,6,6.0,6,6.0,6.0,6,6
pilot,alpine24,7,1.9,8,1,1,trace,battery,1,1,workflow.quantization.cpu,6,449.9349375,458.8733888333333,439.8602915,486.82493750000003,438.882416,492.688417
pilot,alpine24,7,1.9,8,1,1,trace,battery,1,1,token.population_reduce.cpu,6,1.349396,1.3904236666666667,1.32125,1.5006249999999999,1.315875,1.563834
pilot,alpine24,7,1.9,8,1,1,trace,battery,1,1,dc.prepare.cpu,6,4.874791500000001,5.001333166666667,4.3865205,5.742687500000001,4.306666,5.856625
pilot,alpine24,7,1.9,8,1,1,trace,battery,1,1,entropy.dc.cpu,6,5.6258955,5.876027666666666,5.459979000000001,6.5422085,5.35525,6.580958
pilot,alpine24,7,1.9,8,1,1,trace,battery,1,1,entropy.ac.cpu,6,13.820062,14.219076333333334,13.670417,15.16675,13.59475,15.1945
pilot,alpine24,7,1.9,8,1,1,trace,battery,1,1,workflow.serializer.cpu,6,35.806729,36.991152666666665,35.525687,39.641042,35.444416,40.224542
pilot,alpine24,7,1.9,8,1,1,trace,battery,1,1,gpu_ready_to_reduction,6,0.1215205,0.122118,0.102813,0.1420205,0.094709,0.149791
pilot,alpine24,7,1.9,8,1,1,trace,battery,1,1,gpu_ready_to_ac_model,6,1.5292080000000001,1.7666108333333335,1.506396,2.2642284999999998,1.497292,2.658541
pilot,alpine24,7,1.9,8,1,1,trace,battery,1,1,dc_ready_to_dc_model,6,0.0539375,0.19410433333333332,0.0334585,0.49491699999999994,0.032584,0.5025
pilot,alpine24,7,1.9,8,1,1,trace,battery,1,1,begin_to_models_done,6,20.0978745,20.933826166666666,19.9267085,22.7768955,19.80725,22.859833
pilot,alpine24,7,1.9,8,1,1,trace,battery,1,1,dc_group_threads,6,6.0,6,6.0,6.0,6,6
pilot,clic_a,1,1.9,8,1,1,trace,battery,2,2,workflow.quantization.cpu,6,6.2948545,6.403875333333334,6.0562505,6.860521,5.987042,6.909708
pilot,clic_a,1,1.9,8,1,1,trace,battery,2,2,token.population_reduce.cpu,6,0.9943120000000001,0.9938748333333334,0.9395415,1.047771,0.93775,1.060292
pilot,clic_a,1,1.9,8,1,1,trace,battery,2,2,dc.prepare.cpu,6,3.1991870000000002,3.2006455000000003,3.182354,3.2203955,3.177125,3.224958
pilot,clic_a,1,1.9,8,1,1,trace,battery,2,2,entropy.dc.cpu,6,1.5974789999999999,1.6047639999999999,1.5933959999999998,1.6234169999999999,1.590917,1.624375
pilot,clic_a,1,1.9,8,1,1,trace,battery,2,2,entropy.ac.cpu,6,3.189354,3.2134998333333336,3.161104,3.2900415,3.158291,3.368875
pilot,clic_a,1,1.9,8,1,1,trace,battery,2,2,workflow.serializer.cpu,6,8.9143545,8.880771,8.759792000000001,8.968166499999999,8.712667,8.993625
pilot,clic_a,1,1.9,8,1,1,trace,battery,2,2,gpu_ready_to_reduction,6,0.090709,0.08918066666666667,0.08189550000000001,0.09493750000000001,0.07775,0.096375
pilot,clic_a,1,1.9,8,1,1,trace,battery,2,2,gpu_ready_to_ac_model,6,1.078125,1.0831318333333333,1.0345205,1.1367500000000001,1.031291,1.146416
pilot,clic_a,1,1.9,8,1,1,trace,battery,2,2,dc_ready_to_dc_model,6,2.1e-05,2.7833333333333333e-05,0.0,6.25e-05,0.0,8.3e-05
pilot,clic_a,1,1.9,8,1,1,trace,battery,2,2,begin_to_models_done,6,5.2235205,5.218103833333333,5.1336455,5.2971455,5.092541,5.321833
pilot,clic_a,1,1.9,8,1,1,trace,battery,2,2,dc_group_threads,6,1.0,1,1.0,1.0,1,1
pilot,clic_a,1,1.9,8,1,1,trace,battery,0,0,workflow.quantization.cpu,6,6.187667,6.327534833333333,5.8748335,6.920104,5.637875,6.98075
pilot,clic_a,1,1.9,8,1,1,trace,battery,0,0,dc.prepare.cpu,6,3.2103124999999997,3.2015416666666665,3.1592710000000004,3.2350415,3.155625,3.249333
pilot,clic_a,1,1.9,8,1,1,trace,battery,0,0,token.population_reduce.cpu,6,0.974896,0.992625,0.9392915,1.0636875,0.933125,1.071917
pilot,clic_a,1,1.9,8,1,1,trace,battery,0,0,entropy.dc.cpu,6,1.532313,1.5316458333333334,1.516729,1.5458955,1.508333,1.550666
pilot,clic_a,1,1.9,8,1,1,trace,battery,0,0,entropy.ac.cpu,6,3.1399995,3.1455693333333334,3.1103955,3.186313,3.095958,3.190417
pilot,clic_a,1,1.9,8,1,1,trace,battery,0,0,workflow.serializer.cpu,6,11.231354,11.197833333333334,11.0842295,11.2779165,11.060125,11.294708
pilot,clic_a,1,1.9,8,1,1,trace,battery,0,0,gpu_ready_to_reduction,6,2.460333,2.4967635,2.4229995,2.6069579999999997,2.399416,2.729875
pilot,clic_a,1,1.9,8,1,1,trace,battery,0,0,gpu_ready_to_ac_model,6,3.4925620000000004,3.5193191666666666,3.4282079999999997,3.6371875,3.4105,3.7045
pilot,clic_a,1,1.9,8,1,1,trace,battery,0,0,dc_ready_to_dc_model,6,0.9980205,1.015868,0.9617295,1.087854,0.955292,1.094583
pilot,clic_a,1,1.9,8,1,1,trace,battery,0,0,begin_to_models_done,6,7.607479,7.584937333333333,7.5052495,7.6420835,7.479416,7.659417
pilot,clic_a,1,1.9,8,1,1,trace,battery,0,0,dc_group_threads,6,1.0,1,1.0,1.0,1,1
pilot,clic_a,1,1.9,8,1,1,trace,battery,1,1,workflow.quantization.cpu,6,6.5958125,6.546868,6.134437500000001,6.910354,6.106791,6.982125
pilot,clic_a,1,1.9,8,1,1,trace,battery,1,1,token.population_reduce.cpu,6,0.983021,0.9864168333333334,0.95425,1.0219795,0.94625,1.037959
pilot,clic_a,1,1.9,8,1,1,trace,battery,1,1,dc.prepare.cpu,6,3.2093335,3.202639,3.175375,3.2232085,3.164375,3.224625
pilot,clic_a,1,1.9,8,1,1,trace,battery,1,1,entropy.dc.cpu,6,1.5754584999999999,1.5763471666666666,1.564375,1.589208,1.559166,1.590625
pilot,clic_a,1,1.9,8,1,1,trace,battery,1,1,entropy.ac.cpu,6,3.1346255000000003,3.1312016666666667,3.0919585,3.167021,3.084,3.19025
pilot,clic_a,1,1.9,8,1,1,trace,battery,1,1,workflow.serializer.cpu,6,10.189458,10.188895666666667,10.101812500000001,10.275416499999999,10.047625,10.306958
pilot,clic_a,1,1.9,8,1,1,trace,battery,1,1,gpu_ready_to_reduction,6,0.0902705,0.089479,0.084896,0.0932705,0.084042,0.093625
pilot,clic_a,1,1.9,8,1,1,trace,battery,1,1,gpu_ready_to_ac_model,6,2.4898535,2.5245205,2.4048955000000003,2.6788125000000003,2.32675,2.864625
pilot,clic_a,1,1.9,8,1,1,trace,battery,1,1,dc_ready_to_dc_model,6,0.0203125,0.021506833333333333,0.0197495,0.0244585,0.019666,0.024917
pilot,clic_a,1,1.9,8,1,1,trace,battery,1,1,begin_to_models_done,6,6.6072295,6.588486166666667,6.5188125,6.639416499999999,6.515917,6.657583
pilot,clic_a,1,1.9,8,1,1,trace,battery,1,1,dc_group_threads,6,1.0,1,1.0,1.0,1,1
pilot,clic_a,7,1.9,8,1,1,trace,battery,2,2,workflow.quantization.cpu,6,65.8118125,66.04020833333333,60.794666500000005,71.514146,60.194,73.841917
pilot,clic_a,7,1.9,8,1,1,trace,battery,2,2,token.population_reduce.cpu,6,1.257479,1.2962916666666666,1.1287295,1.5026665000000001,1.082334,1.710583
pilot,clic_a,7,1.9,8,1,1,trace,battery,2,2,dc.prepare.cpu,6,2.9277290000000002,3.227694666666667,2.910834,3.8445210000000003,2.900584,4.735375
pilot,clic_a,7,1.9,8,1,1,trace,battery,2,2,entropy.dc.cpu,6,1.28125,1.3894653333333333,1.240146,1.6469999999999998,1.225542,1.946292
pilot,clic_a,7,1.9,8,1,1,trace,battery,2,2,entropy.ac.cpu,6,4.7404165,5.184437333333333,4.642458,6.1704375,4.58175,7.53075
pilot,clic_a,7,1.9,8,1,1,trace,battery,2,2,workflow.serializer.cpu,6,10.367479,11.1801805,9.9747915,13.198271,9.678625,15.941709
pilot,clic_a,7,1.9,8,1,1,trace,battery,2,2,gpu_ready_to_reduction,6,0.0910835,0.09265266666666666,0.0876245,0.09925,0.086458,0.104458
pilot,clic_a,7,1.9,8,1,1,trace,battery,2,2,gpu_ready_to_ac_model,6,1.3489375,1.3890486666666666,1.2199585000000002,1.5982500000000002,1.173375,1.815125
pilot,clic_a,7,1.9,8,1,1,trace,battery,2,2,dc_ready_to_dc_model,6,0.000166,0.0001595,4.15e-05,0.000271,4.1e-05,0.000375
pilot,clic_a,7,1.9,8,1,1,trace,battery,2,2,begin_to_models_done,6,6.9170205,7.349361166666667,6.4378125,8.693250500000001,6.303833,10.369459
pilot,clic_a,7,1.9,8,1,1,trace,battery,2,2,dc_group_threads,6,1.0,1,1.0,1.0,1,1
pilot,clic_a,7,1.9,8,1,1,trace,battery,0,0,workflow.quantization.cpu,6,70.453271,68.57706933333333,60.098791,75.179146,58.635416,75.620042
pilot,clic_a,7,1.9,8,1,1,trace,battery,0,0,dc.prepare.cpu,6,2.9405415,3.3318748333333335,2.9329165,4.1221665000000005,2.931291,4.672708
pilot,clic_a,7,1.9,8,1,1,trace,battery,0,0,token.population_reduce.cpu,6,1.235708,1.3331248333333332,1.155146,1.6085205,1.152792,1.9485
pilot,clic_a,7,1.9,8,1,1,trace,battery,0,0,entropy.dc.cpu,6,1.338396,1.452139,1.270625,1.7473960000000002,1.262375,2.099667
pilot,clic_a,7,1.9,8,1,1,trace,battery,0,0,entropy.ac.cpu,6,4.686583000000001,5.1734165,4.6326665,6.201,4.62625,7.373625
pilot,clic_a,7,1.9,8,1,1,trace,battery,0,0,workflow.serializer.cpu,6,12.4888955,13.837020666666666,12.349791499999998,16.672375,12.344375,19.733459
pilot,clic_a,7,1.9,8,1,1,trace,battery,0,0,gpu_ready_to_reduction,6,2.4002920000000003,2.606153,2.205083,3.213084,2.188791,3.587334
pilot,clic_a,7,1.9,8,1,1,trace,battery,0,0,gpu_ready_to_ac_model,6,3.6497710000000003,3.9770000000000003,3.420062,4.861167,3.372666,5.589875
pilot,clic_a,7,1.9,8,1,1,trace,battery,0,0,dc_ready_to_dc_model,6,1.2630625,1.3643333333333334,1.1804375,1.6495,1.1775,1.99575
pilot,clic_a,7,1.9,8,1,1,trace,battery,0,0,begin_to_models_done,6,9.0460835,10.071104166666666,8.952729,12.214500000000001,8.91875,14.322958
pilot,clic_a,7,1.9,8,1,1,trace,battery,0,0,dc_group_threads,6,1.0,1,1.0,1.0,1,1
pilot,clic_a,7,1.9,8,1,1,trace,battery,1,1,workflow.quantization.cpu,6,66.29620800000001,66.82986783333334,62.4804375,71.712958,62.1435,75.150416
pilot,clic_a,7,1.9,8,1,1,trace,battery,1,1,token.population_reduce.cpu,6,1.2840625,1.268729,1.1512915000000001,1.3708330000000002,1.134833,1.440333
pilot,clic_a,7,1.9,8,1,1,trace,battery,1,1,dc.prepare.cpu,6,2.9448545,3.043917,2.9173545,3.269542,2.9165,3.573042
pilot,clic_a,7,1.9,8,1,1,trace,battery,1,1,entropy.dc.cpu,6,1.281167,1.3196738333333333,1.261146,1.4167085,1.253709,1.541167
pilot,clic_a,7,1.9,8,1,1,trace,battery,1,1,entropy.ac.cpu,6,4.7675625,4.894882,4.712875,5.2042085,4.676,5.624833
pilot,clic_a,7,1.9,8,1,1,trace,battery,1,1,workflow.serializer.cpu,6,11.424354000000001,11.766430666666666,11.318979500000001,12.5559585,11.301125,13.674708
pilot,clic_a,7,1.9,8,1,1,trace,battery,1,1,gpu_ready_to_reduction,6,0.0872085,0.08489566666666667,0.076062,0.0914165,0.068583,0.091833
pilot,clic_a,7,1.9,8,1,1,trace,battery,1,1,gpu_ready_to_ac_model,6,2.446812,2.4955206666666667,2.2946665,2.7450835,2.292333,2.846583
pilot,clic_a,7,1.9,8,1,1,trace,battery,1,1,dc_ready_to_dc_model,6,0.0285415,0.028978833333333332,0.0276035,0.0307915,0.027041,0.032208
pilot,clic_a,7,1.9,8,1,1,trace,battery,1,1,begin_to_models_done,6,7.9337505,8.175757,7.889791499999999,8.703729,7.883833,9.460791
pilot,clic_a,7,1.9,8,1,1,trace,battery,1,1,dc_group_threads,6,1.0,1,1.0,1.0,1,1
rate_trace,alpine24,10,1.9,8,1,1,trace,ac,2,0,workflow.quantization.cpu,3,482.764708,482.9035833333333,482.2511752,483.61154159999995,482.122792,483.82325
rate_trace,alpine24,10,1.9,8,1,1,trace,ac,2,0,dc.prepare.cpu,3,4.108875,4.310222333333334,3.6191086,5.081875,3.496667,5.325125
rate_trace,alpine24,10,1.9,8,1,1,trace,ac,2,0,token.population_reduce.cpu,3,1.16725,1.2321526666666667,1.1604827999999998,1.3297836,1.158791,1.370417
rate_trace,alpine24,10,1.9,8,1,1,trace,ac,2,0,entropy.dc.cpu,3,53.443584,55.298042,52.9188832,58.418983999999995,52.787708,59.662834
rate_trace,alpine24,10,1.9,8,1,1,trace,ac,2,0,entropy.ac.cpu,3,81.054375,83.214819,80.3107742,86.9830414,80.124874,88.465208
rate_trace,alpine24,10,1.9,8,1,1,trace,ac,2,0,workflow.serializer.cpu,3,106.416333,109.31234733333334,106.2524002,113.5307002,106.211417,115.309292
rate_trace,alpine24,10,1.9,8,1,1,trace,ac,2,0,gpu_ready_to_reduction,3,1.474333,1.7550416666666666,1.0845666,2.5378002,0.987125,2.803667
rate_trace,alpine24,10,1.9,8,1,1,trace,ac,2,0,dc_group_threads,3,6,6,6.0,6.0,6,6
rate_trace,alpine24,10,1.9,8,1,1,trace,ac,0,0,workflow.quantization.cpu,3,481.711375,481.8141803333333,481.4393414,482.2301414,481.371333,482.359833
rate_trace,alpine24,10,1.9,8,1,1,trace,ac,0,0,dc.prepare.cpu,3,3.178708,3.193653,3.1745752,3.2187088,3.173542,3.228709
rate_trace,alpine24,10,1.9,8,1,1,trace,ac,0,0,token.population_reduce.cpu,3,1.149917,1.1447083333333334,1.1078834,1.1794498,1.097375,1.186833
rate_trace,alpine24,10,1.9,8,1,1,trace,ac,0,0,entropy.dc.cpu,3,53.079125,52.940264,52.7319586,53.093025,52.645167,53.0965
rate_trace,alpine24,10,1.9,8,1,1,trace,ac,0,0,entropy.ac.cpu,3,80.774791,80.70543033333333,80.5406582,80.8424582,80.482125,80.859375
rate_trace,alpine24,10,1.9,8,1,1,trace,ac,0,0,workflow.serializer.cpu,3,105.6,105.64772233333333,105.4306664,105.8838672,105.388333,105.954834
rate_trace,alpine24,10,1.9,8,1,1,trace,ac,0,0,gpu_ready_to_reduction,3,0.723542,0.8003333333333333,0.6591748,0.9722084000000001,0.643083,1.034375
rate_trace,alpine24,10,1.9,8,1,1,trace,ac,0,0,dc_group_threads,3,6,6,6.0,6.0,6,6
rate_trace,alpine24,10,1.9,8,1,1,trace,ac,1,1,workflow.quantization.cpu,3,481.34375,481.72906966666665,481.23251719999996,482.37975,481.204709,482.63875
rate_trace,alpine24,10,1.9,8,1,1,trace,ac,1,1,token.population_reduce.cpu,3,1.22625,1.3052083333333333,1.17885,1.4631500000000002,1.167,1.522375
rate_trace,alpine24,10,1.9,8,1,1,trace,ac,1,1,dc.prepare.cpu,3,4.142875,4.208583333333333,3.869475,4.573975,3.801125,4.68175
rate_trace,alpine24,10,1.9,8,1,1,trace,ac,1,1,entropy.dc.cpu,3,53.284582,54.801415999999996,53.1547828,57.0547828,53.122333,57.997333
rate_trace,alpine24,10,1.9,8,1,1,trace,ac,1,1,entropy.ac.cpu,3,81.190666,82.96116599999999,80.531966,86.098566,80.367291,87.325541
rate_trace,alpine24,10,1.9,8,1,1,trace,ac,1,1,workflow.serializer.cpu,3,105.81575,107.14719466666666,104.97871719999999,109.84825,104.769459,110.856375
rate_trace,alpine24,10,1.9,8,1,1,trace,ac,1,1,gpu_ready_to_reduction,3,0.126625,0.12361133333333332,0.1141922,0.131825,0.111084,0.133125
rate_trace,alpine24,10,1.9,8,1,1,trace,ac,1,1,dc_group_threads,3,6,6,6.0,6.0,6,6
rate_trace,alpine24,8,1.9,8,1,1,trace,ac,2,0,workflow.quantization.cpu,3,370.912708,370.79056933333334,370.26407520000004,371.268208,370.101917,371.357083
rate_trace,alpine24,8,1.9,8,1,1,trace,ac,2,0,dc.prepare.cpu,3,3.325417,3.549556,3.300417,3.8883506,3.294167,4.029084
rate_trace,alpine24,8,1.9,8,1,1,trace,ac,2,0,token.population_reduce.cpu,3,1.177208,1.214722,1.1666416,1.277808,1.164,1.302958
rate_trace,alpine24,8,1.9,8,1,1,trace,ac,2,0,entropy.dc.cpu,3,53.816292,54.44426433333334,53.2094256,55.930292,53.057709,56.458792
rate_trace,alpine24,8,1.9,8,1,1,trace,ac,2,0,entropy.ac.cpu,3,79.4205,80.73583333333333,79.3683336,82.6294664,79.355292,83.431708
rate_trace,alpine24,8,1.9,8,1,1,trace,ac,2,0,workflow.serializer.cpu,3,105.357333,106.459722,104.6888666,108.671533,104.52175,109.500083
rate_trace,alpine24,8,1.9,8,1,1,trace,ac,2,0,gpu_ready_to_reduction,3,0.885542,1.2094866666666666,0.8446756,1.7038756,0.834459,1.908459
rate_trace,alpine24,8,1.9,8,1,1,trace,ac,2,0,dc_group_threads,3,6,6,6.0,6.0,6,6
rate_trace,alpine24,8,1.9,8,1,1,trace,ac,0,0,workflow.quantization.cpu,3,371.321292,371.6736806666667,368.96459200000004,374.5237248,368.375417,375.324333
rate_trace,alpine24,8,1.9,8,1,1,trace,ac,0,0,dc.prepare.cpu,3,4.036666,4.060055,3.4096996,4.719766,3.252958,4.890541
rate_trace,alpine24,8,1.9,8,1,1,trace,ac,0,0,token.population_reduce.cpu,3,1.211667,1.2620836666666666,1.1790006,1.3653334000000001,1.170834,1.40375
rate_trace,alpine24,8,1.9,8,1,1,trace,ac,0,0,entropy.dc.cpu,3,53.625542,55.733361,53.3920748,58.917774800000004,53.333708,60.240833
rate_trace,alpine24,8,1.9,8,1,1,trace,ac,0,0,entropy.ac.cpu,3,81.093125,82.794209,79.7423922,86.52645940000001,79.404709,87.884793
rate_trace,alpine24,8,1.9,8,1,1,trace,ac,0,0,workflow.serializer.cpu,3,107.325333,108.679611,105.1583666,112.7425666,104.616625,114.096875
rate_trace,alpine24,8,1.9,8,1,1,trace,ac,0,0,gpu_ready_to_reduction,3,1.556416,1.5026106666666668,0.5197160000000001,2.4639832000000004,0.260541,2.690875
rate_trace,alpine24,8,1.9,8,1,1,trace,ac,0,0,dc_group_threads,3,6,6,6.0,6.0,6,6
rate_trace,alpine24,8,1.9,8,1,1,trace,ac,1,1,workflow.quantization.cpu,3,371.283959,370.746195,368.845059,372.4322254,368.235334,372.719292
rate_trace,alpine24,8,1.9,8,1,1,trace,ac,1,1,dc.prepare.cpu,3,3.706542,3.8517366666666666,3.6552756,4.1062756,3.642459,4.206209
rate_trace,alpine24,8,1.9,8,1,1,trace,ac,1,1,token.population_reduce.cpu,3,1.186167,1.190542,1.1656005999999999,1.2172334,1.160459,1.225
rate_trace,alpine24,8,1.9,8,1,1,trace,ac,1,1,entropy.dc.cpu,3,53.622416,53.33325,52.6144168,53.936416799999996,52.362417,54.014917
rate_trace,alpine24,8,1.9,8,1,1,trace,ac,1,1,entropy.ac.cpu,3,80.841375,80.42245866666667,79.6861086,80.9912422,79.397292,81.028709
rate_trace,alpine24,8,1.9,8,1,1,trace,ac,1,1,workflow.serializer.cpu,3,105.621417,105.57579166666666,104.6030162,106.530317,104.348416,106.757542
rate_trace,alpine24,8,1.9,8,1,1,trace,ac,1,1,gpu_ready_to_reduction,3,0.115708,0.11608299999999999,0.1071416,0.1251744,0.105,0.127541
rate_trace,alpine24,8,1.9,8,1,1,trace,ac,1,1,dc_group_threads,3,6,6,6.0,6.0,6,6
rate_trace,clic_a,10,1.9,8,1,1,trace,ac,2,0,workflow.quantization.cpu,3,77.212708,77.324611,77.0270416,77.6669416,76.980625,77.7805
rate_trace,clic_a,10,1.9,8,1,1,trace,ac,2,0,dc.prepare.cpu,3,2.092375,2.1040833333333335,2.0871750000000002,2.1256749999999998,2.085875,2.134
rate_trace,clic_a,10,1.9,8,1,1,trace,ac,2,0,token.population_reduce.cpu,3,1.109084,1.1077503333333334,1.0821504,1.1328167999999998,1.075417,1.13875
rate_trace,clic_a,10,1.9,8,1,1,trace,ac,2,0,entropy.dc.cpu,3,9.50925,9.551277666666667,9.42215,9.6972164,9.400375,9.744208
rate_trace,clic_a,10,1.9,8,1,1,trace,ac,2,0,entropy.ac.cpu,3,15.156792,15.191791666666667,15.031892,15.3656912,15.000667,15.417916
rate_trace,clic_a,10,1.9,8,1,1,trace,ac,2,0,workflow.serializer.cpu,3,19.275791,19.207819333333333,18.9976918,19.3907582,18.928167,19.4195
rate_trace,clic_a,10,1.9,8,1,1,trace,ac,2,0,gpu_ready_to_reduction,3,1.791708,1.793444,1.780008,1.8075744,1.777083,1.811541
rate_trace,clic_a,10,1.9,8,1,1,trace,ac,2,0,dc_group_threads,3,1,1,1.0,1.0,1,1
rate_trace,clic_a,10,1.9,8,1,1,trace,ac,0,0,workflow.quantization.cpu,3,77.55575,77.177986,76.6166836,77.5881828,76.381917,77.596291
rate_trace,clic_a,10,1.9,8,1,1,trace,ac,0,0,dc.prepare.cpu,3,2.111125,2.108527666666667,2.084525,2.1314914,2.077875,2.136583
rate_trace,clic_a,10,1.9,8,1,1,trace,ac,0,0,token.population_reduce.cpu,3,1.135584,1.1350143333333333,1.1275504,1.1422504,1.125542,1.143917
rate_trace,clic_a,10,1.9,8,1,1,trace,ac,0,0,entropy.dc.cpu,3,9.8695,9.750500333333333,9.4258672,10.0275336,9.314959,10.067042
rate_trace,clic_a,10,1.9,8,1,1,trace,ac,0,0,entropy.ac.cpu,3,15.082876,15.092528,14.928174400000001,15.2607424,14.889499,15.305209
rate_trace,clic_a,10,1.9,8,1,1,trace,ac,0,0,workflow.serializer.cpu,3,19.053833,19.175944333333334,19.0403666,19.360366600000003,19.037,19.437
rate_trace,clic_a,10,1.9,8,1,1,trace,ac,0,0,gpu_ready_to_reduction,3,1.781291,1.795958,1.7746582,1.8231245999999999,1.773,1.833583
rate_trace,clic_a,10,1.9,8,1,1,trace,ac,0,0,dc_group_threads,3,1,1,1.0,1.0,1,1
rate_trace,clic_a,10,1.9,8,1,1,trace,ac,1,1,workflow.quantization.cpu,3,77.667334,77.65361133333333,77.2992668,78.00246680000001,77.20725,78.08625
rate_trace,clic_a,10,1.9,8,1,1,trace,ac,1,1,token.population_reduce.cpu,3,1.140416,1.1501386666666666,1.1370832,1.1670832,1.13625,1.17375
rate_trace,clic_a,10,1.9,8,1,1,trace,ac,1,1,dc.prepare.cpu,3,2.104375,2.1085,2.0995749999999997,2.119075,2.098375,2.12275
rate_trace,clic_a,10,1.9,8,1,1,trace,ac,1,1,entropy.dc.cpu,3,9.326417,9.318361333333334,9.144217000000001,9.4892834,9.098667,9.53
rate_trace,clic_a,10,1.9,8,1,1,trace,ac,1,1,entropy.ac.cpu,3,14.870834,14.960848,14.8213676,15.136334,14.809001,15.202709
rate_trace,clic_a,10,1.9,8,1,1,trace,ac,1,1,workflow.serializer.cpu,3,17.699417,17.762583333333332,17.6667498,17.8836834,17.658583,17.92975
rate_trace,clic_a,10,1.9,8,1,1,trace,ac,1,1,gpu_ready_to_reduction,3,0.0715,0.07358366666666667,0.06906720000000001,0.0789336,0.068459,0.080792
rate_trace,clic_a,10,1.9,8,1,1,trace,ac,1,1,dc_group_threads,3,1,1,1.0,1.0,1,1
rate_trace,clic_a,8,1.9,8,1,1,trace,ac,2,0,workflow.quantization.cpu,3,60.37475,60.316639,60.1171172,60.4929164,60.052709,60.522458
rate_trace,clic_a,8,1.9,8,1,1,trace,ac,2,0,dc.prepare.cpu,3,2.118708,2.352958333333333,2.1064087999999996,2.693208,2.103334,2.836833
rate_trace,clic_a,8,1.9,8,1,1,trace,ac,2,0,token.population_reduce.cpu,3,1.136667,1.1817086666666667,1.1343006,1.2471334,1.133709,1.27475
rate_trace,clic_a,8,1.9,8,1,1,trace,ac,2,0,entropy.dc.cpu,3,9.900667,10.219097333333334,9.7461006,10.819466199999999,9.707459,11.049166
rate_trace,clic_a,8,1.9,8,1,1,trace,ac,2,0,entropy.ac.cpu,3,16.283707,16.963319333333335,16.210375,17.9881086,16.192042,18.414209
rate_trace,clic_a,8,1.9,8,1,1,trace,ac,2,0,workflow.serializer.cpu,3,19.960125,20.721555666666667,19.691158599999998,22.056525,19.623917,22.580625
rate_trace,clic_a,8,1.9,8,1,1,trace,ac,2,0,gpu_ready_to_reduction,3,1.806167,1.85825,1.7887334000000001,1.9485998,1.784375,1.984208
rate_trace,clic_a,8,1.9,8,1,1,trace,ac,2,0,dc_group_threads,3,1,1,1.0,1.0,1,1
rate_trace,clic_a,8,1.9,8,1,1,trace,ac,0,0,workflow.quantization.cpu,3,60.282583,60.61216666666667,60.0162502,61.3399166,59.949667,61.60425
rate_trace,clic_a,8,1.9,8,1,1,trace,ac,0,0,dc.prepare.cpu,3,2.1055,2.106014,2.0861,2.1261336,2.08125,2.131292
rate_trace,clic_a,8,1.9,8,1,1,trace,ac,0,0,token.population_reduce.cpu,3,1.144291,1.143375,1.1400918,1.1462918,1.139042,1.146792
rate_trace,clic_a,8,1.9,8,1,1,trace,ac,0,0,entropy.dc.cpu,3,9.499292,9.519902666666667,9.362524800000001,9.6855248,9.328333,9.732083
rate_trace,clic_a,8,1.9,8,1,1,trace,ac,0,0,entropy.ac.cpu,3,15.8105,15.894652666666666,15.6800664,16.142899999999997,15.647458,16.226
rate_trace,clic_a,8,1.9,8,1,1,trace,ac,0,0,workflow.serializer.cpu,3,19.557292,19.581014,19.425092,19.7464248,19.392042,19.793708
rate_trace,clic_a,8,1.9,8,1,1,trace,ac,0,0,gpu_ready_to_reduction,3,1.789625,1.8015970000000001,1.783125,1.8248578,1.7815,1.833666
rate_trace,clic_a,8,1.9,8,1,1,trace,ac,0,0,dc_group_threads,3,1,1,1.0,1.0,1,1
rate_trace,clic_a,8,1.9,8,1,1,trace,ac,1,1,workflow.quantization.cpu,3,60.179125,60.15208333333333,59.895224999999996,60.398125,59.82425,60.452875
rate_trace,clic_a,8,1.9,8,1,1,trace,ac,1,1,token.population_reduce.cpu,3,1.146792,1.1944723333333334,1.1437584,1.2642584000000001,1.143,1.293625
rate_trace,clic_a,8,1.9,8,1,1,trace,ac,1,1,dc.prepare.cpu,3,2.150625,2.307402333333333,2.1131578,2.5643578,2.103791,2.667791
rate_trace,clic_a,8,1.9,8,1,1,trace,ac,1,1,entropy.dc.cpu,3,9.834791,10.115819333333333,9.7357254,10.6083246,9.710959,10.801708
rate_trace,clic_a,8,1.9,8,1,1,trace,ac,1,1,entropy.ac.cpu,3,16.564666,16.810346666666668,15.983566,17.735399599999997,15.838291,18.028083
rate_trace,clic_a,8,1.9,8,1,1,trace,ac,1,1,workflow.serializer.cpu,3,19.132959,19.570764,18.6214582,20.6951918,18.493583,21.08575
rate_trace,clic_a,8,1.9,8,1,1,trace,ac,1,1,gpu_ready_to_reduction,3,0.077292,0.08243033333333333,0.0769912,0.0899248,0.076916,0.093083
rate_trace,clic_a,8,1.9,8,1,1,trace,ac,1,1,dc_group_threads,3,1,1,1.0,1.0,1,1
synthetic,dense_pad,1,1.9,8,1,1,trace,ac,2,2,workflow.quantization.cpu,6,2.3471455,2.4305275,2.1470835,2.7973535,2.061917,3.050541
synthetic,dense_pad,1,1.9,8,1,1,trace,ac,2,2,dc.prepare.cpu,6,0.6154584999999999,0.6190416666666666,0.601375,0.6402915,0.60075,0.658125
synthetic,dense_pad,1,1.9,8,1,1,trace,ac,2,2,token.population_reduce.cpu,6,0.6592294999999999,0.6685695,0.6199165,0.7265625,0.60625,0.756042
synthetic,dense_pad,1,1.9,8,1,1,trace,ac,2,2,entropy.dc.cpu,6,0.5590835000000001,0.5575555,0.5492705,0.5643125,0.540375,0.566708
synthetic,dense_pad,1,1.9,8,1,1,trace,ac,2,2,entropy.ac.cpu,6,2.6602914999999996,2.6606111666666665,2.6195005,2.7020415,2.612667,2.720542
synthetic,dense_pad,1,1.9,8,1,1,trace,ac,2,2,workflow.serializer.cpu,6,7.4653755,7.535027833333333,7.4082705,7.7314375,7.383583,7.88075
synthetic,dense_pad,1,1.9,8,1,1,trace,ac,2,2,gpu_ready_to_reduction,6,0.0740625,0.07434033333333333,0.0699795,0.078979,0.068875,0.080292
synthetic,dense_pad,1,1.9,8,1,1,trace,ac,2,2,gpu_ready_to_ac_model,6,0.733771,0.7430485,0.690333,0.8050415,0.675291,0.836417
synthetic,dense_pad,1,1.9,8,1,1,trace,ac,2,2,dc_ready_to_dc_model,6,4.2e-05,5.566666666666667e-05,2.05e-05,0.00010449999999999999,0.0,0.000167
synthetic,dense_pad,1,1.9,8,1,1,trace,ac,2,2,begin_to_models_done,6,3.8511249999999997,3.913826333333333,3.8101665000000002,4.0801875,3.803875,4.212625
synthetic,dense_pad,1,1.9,8,1,1,trace,ac,2,2,dc_group_threads,6,1.0,1,1.0,1.0,1,1
synthetic,dense_pad,1,1.9,8,1,1,trace,ac,0,0,workflow.quantization.cpu,6,2.8082085,2.648389,2.112375,3.0245835000000003,1.998917,3.109875
synthetic,dense_pad,1,1.9,8,1,1,trace,ac,0,0,dc.prepare.cpu,6,0.614271,0.6153748333333333,0.6080829999999999,0.6237705,0.606375,0.627583
synthetic,dense_pad,1,1.9,8,1,1,trace,ac,0,0,token.population_reduce.cpu,6,0.6811670000000001,0.6699930000000001,0.609854,0.718958,0.588292,0.736291
synthetic,dense_pad,1,1.9,8,1,1,trace,ac,0,0,entropy.dc.cpu,6,0.5575835,0.5586461666666667,0.5455215,0.5728335,0.544834,0.574959
synthetic,dense_pad,1,1.9,8,1,1,trace,ac,0,0,entropy.ac.cpu,6,2.6248755,2.6265835,2.5761459999999996,2.678729,2.56125,2.684333
synthetic,dense_pad,1,1.9,8,1,1,trace,ac,0,0,workflow.serializer.cpu,6,7.7072505,7.6609725,7.496874999999999,7.778792,7.476417,7.790542
synthetic,dense_pad,1,1.9,8,1,1,trace,ac,0,0,gpu_ready_to_reduction,6,0.111833,0.15127066666666666,0.092208,0.249771,0.09,0.258208
synthetic,dense_pad,1,1.9,8,1,1,trace,ac,0,0,gpu_ready_to_ac_model,6,0.858208,0.8496456666666666,0.731562,0.9591670000000001,0.713708,0.970709
synthetic,dense_pad,1,1.9,8,1,1,trace,ac,0,0,dc_ready_to_dc_model,6,0.733187,0.7193193333333334,0.6525000000000001,0.772271,0.621,0.77775
synthetic,dense_pad,1,1.9,8,1,1,trace,ac,0,0,begin_to_models_done,6,4.0684585,4.029882333333333,3.903042,4.1181465,3.885667,4.138584
synthetic,dense_pad,1,1.9,8,1,1,trace,ac,0,0,dc_group_threads,6,1.0,1,1.0,1.0,1,1
synthetic,dense_pad,1,1.9,8,1,1,trace,ac,1,1,workflow.quantization.cpu,6,2.6355835,2.906951333333333,2.2834165,3.8018539999999996,2.2375,3.997667
synthetic,dense_pad,1,1.9,8,1,1,trace,ac,1,1,dc.prepare.cpu,6,0.613958,0.6145833333333334,0.6051255,0.6246665,0.602459,0.629291
synthetic,dense_pad,1,1.9,8,1,1,trace,ac,1,1,token.population_reduce.cpu,6,0.6560835,0.6566321666666667,0.561063,0.75275,0.553167,0.759458
synthetic,dense_pad,1,1.9,8,1,1,trace,ac,1,1,entropy.dc.cpu,6,0.5693545,0.5696668333333333,0.5602295,0.5794165,0.560042,0.58
synthetic,dense_pad,1,1.9,8,1,1,trace,ac,1,1,entropy.ac.cpu,6,2.631354,2.6472708333333332,2.5932085000000002,2.71725,2.572834,2.771917
synthetic,dense_pad,1,1.9,8,1,1,trace,ac,1,1,workflow.serializer.cpu,6,7.5688960000000005,7.593868166666667,7.406292,7.8064165,7.357167,7.88675
synthetic,dense_pad,1,1.9,8,1,1,trace,ac,1,1,gpu_ready_to_reduction,6,0.07185449999999999,0.07814583333333333,0.06993750000000001,0.09264549999999999,0.069542,0.093
synthetic,dense_pad,1,1.9,8,1,1,trace,ac,1,1,gpu_ready_to_ac_model,6,0.78,0.7746041666666666,0.6818744999999999,0.861938,0.663416,0.870834
synthetic,dense_pad,1,1.9,8,1,1,trace,ac,1,1,dc_ready_to_dc_model,6,0.6239375,0.6273401666666667,0.4886665,0.7694165,0.433125,0.793083
synthetic,dense_pad,1,1.9,8,1,1,trace,ac,1,1,begin_to_models_done,6,3.9659164999999996,3.9659026666666666,3.7809584999999997,4.150833,3.705167,4.21975
synthetic,dense_pad,1,1.9,8,1,1,trace,ac,1,1,dc_group_threads,6,1.0,1,1.0,1.0,1,1
synthetic,dense_pad,7,1.9,8,1,1,trace,ac,2,2,workflow.quantization.cpu,6,16.476021,16.4199375,16.065333,16.718458499999997,15.941833,16.725792
synthetic,dense_pad,7,1.9,8,1,1,trace,ac,2,2,dc.prepare.cpu,6,0.610021,0.6168818333333334,0.59675,0.6438745,0.596167,0.663541
synthetic,dense_pad,7,1.9,8,1,1,trace,ac,2,2,token.population_reduce.cpu,6,0.8143959999999999,0.8072778333333334,0.7761875,0.83125,0.772042,0.843959
synthetic,dense_pad,7,1.9,8,1,1,trace,ac,2,2,entropy.dc.cpu,6,0.5764165,0.5667635,0.5298535,0.5940205000000001,0.519916,0.595708
synthetic,dense_pad,7,1.9,8,1,1,trace,ac,2,2,entropy.ac.cpu,6,3.846312,3.8522705,3.736708,3.9737915,3.7315,4.042667
synthetic,dense_pad,7,1.9,8,1,1,trace,ac,2,2,workflow.serializer.cpu,6,8.9022915,8.850506833333334,8.6106455,9.038583500000001,8.54125,9.108375
synthetic,dense_pad,7,1.9,8,1,1,trace,ac,2,2,gpu_ready_to_reduction,6,0.0756245,0.08252733333333334,0.0683745,0.10358300000000001,0.066166,0.106375
synthetic,dense_pad,7,1.9,8,1,1,trace,ac,2,2,gpu_ready_to_ac_model,6,0.898083,0.8900206666666667,0.8495415,0.9224375,0.847958,0.925125
synthetic,dense_pad,7,1.9,8,1,1,trace,ac,2,2,dc_ready_to_dc_model,6,4.2e-05,9.066666666666667e-05,4.2e-05,0.00018800000000000002,4.2e-05,0.000209
synthetic,dense_pad,7,1.9,8,1,1,trace,ac,2,2,begin_to_models_done,6,5.129353999999999,5.089312333333333,4.9081875,5.2303955,4.895625,5.269458
synthetic,dense_pad,7,1.9,8,1,1,trace,ac,2,2,dc_group_threads,6,1.0,1,1.0,1.0,1,1
synthetic,dense_pad,7,1.9,8,1,1,trace,ac,0,0,workflow.quantization.cpu,6,16.315582999999997,16.3142985,16.016312499999998,16.611,15.9875,16.641292
synthetic,dense_pad,7,1.9,8,1,1,trace,ac,0,0,dc.prepare.cpu,6,0.6109795,0.6108333333333333,0.5958955,0.625625,0.595041,0.627417
synthetic,dense_pad,7,1.9,8,1,1,trace,ac,0,0,token.population_reduce.cpu,6,0.788375,0.7930903333333333,0.7750835,0.8158125,0.774542,0.834
synthetic,dense_pad,7,1.9,8,1,1,trace,ac,0,0,entropy.dc.cpu,6,0.555375,0.5540556666666667,0.535792,0.571,0.527292,0.578292
synthetic,dense_pad,7,1.9,8,1,1,trace,ac,0,0,entropy.ac.cpu,6,3.8377915,3.836528,3.740313,3.9314795,3.739792,3.942084
synthetic,dense_pad,7,1.9,8,1,1,trace,ac,0,0,workflow.serializer.cpu,6,9.097188,9.112132,8.911958,9.32725,8.851875,9.339375
synthetic,dense_pad,7,1.9,8,1,1,trace,ac,0,0,gpu_ready_to_reduction,6,0.33725,0.2958055,0.186,0.3641665,0.062084,0.38
synthetic,dense_pad,7,1.9,8,1,1,trace,ac,0,0,gpu_ready_to_ac_model,6,1.1550415,1.119125,1.01,1.1923335,0.890959,1.199417
synthetic,dense_pad,7,1.9,8,1,1,trace,ac,0,0,dc_ready_to_dc_model,6,0.8146665,0.8510555,0.7988124999999999,0.9396875,0.797875,1.02225
synthetic,dense_pad,7,1.9,8,1,1,trace,ac,0,0,begin_to_models_done,6,5.3653545000000005,5.383535,5.220459,5.5647915,5.212709,5.629125
synthetic,dense_pad,7,1.9,8,1,1,trace,ac,0,0,dc_group_threads,6,1.0,1,1.0,1.0,1,1
synthetic,dense_pad,7,1.9,8,1,1,trace,ac,1,1,workflow.quantization.cpu,6,16.136937,16.218882,15.988166999999999,16.531542,15.878542,16.564459
synthetic,dense_pad,7,1.9,8,1,1,trace,ac,1,1,dc.prepare.cpu,6,0.5975415,0.6000695,0.5966665,0.6060004999999999,0.596583,0.611042
synthetic,dense_pad,7,1.9,8,1,1,trace,ac,1,1,token.population_reduce.cpu,6,0.7825,0.7753681666666667,0.718292,0.8253125,0.718292,0.842583
synthetic,dense_pad,7,1.9,8,1,1,trace,ac,1,1,entropy.dc.cpu,6,0.54775,0.5512708333333334,0.537125,0.5689375000000001,0.537125,0.582875
synthetic,dense_pad,7,1.9,8,1,1,trace,ac,1,1,entropy.ac.cpu,6,3.748271,3.7644305,3.7321875,3.812833,3.726959,3.869916
synthetic,dense_pad,7,1.9,8,1,1,trace,ac,1,1,workflow.serializer.cpu,6,8.762938,8.783152833333332,8.671979,8.914541499999999,8.660667,8.944916
synthetic,dense_pad,7,1.9,8,1,1,trace,ac,1,1,gpu_ready_to_reduction,6,0.0862915,0.08715266666666667,0.076625,0.0985415,0.074458,0.101458
synthetic,dense_pad,7,1.9,8,1,1,trace,ac,1,1,gpu_ready_to_ac_model,6,0.916604,0.9033331666666666,0.8345,0.9588954999999999,0.830666,0.979416
synthetic,dense_pad,7,1.9,8,1,1,trace,ac,1,1,dc_ready_to_dc_model,6,0.5589165,0.5440486666666666,0.4677295,0.6054999999999999,0.467042,0.624208
synthetic,dense_pad,7,1.9,8,1,1,trace,ac,1,1,begin_to_models_done,6,4.9874165,5.006958166666667,4.898937500000001,5.1345205,4.891333,5.1655
synthetic,dense_pad,7,1.9,8,1,1,trace,ac,1,1,dc_group_threads,6,1.0,1,1.0,1.0,1,1
synthetic,flat_pad,1,1.9,8,1,1,trace,ac,2,2,workflow.quantization.cpu,6,1.9658125,1.9668263333333333,1.9364375,1.9982289999999998,1.935375,2.004917
synthetic,flat_pad,1,1.9,8,1,1,trace,ac,2,2,dc.prepare.cpu,6,0.49708300000000005,0.49721533333333334,0.495688,0.498875,0.495042,0.49975
synthetic,flat_pad,1,1.9,8,1,1,trace,ac,2,2,token.population_reduce.cpu,6,0.46700050000000004,0.4845001666666667,0.4591045,0.5273955,0.456417,0.548458
synthetic,flat_pad,1,1.9,8,1,1,trace,ac,2,2,entropy.dc.cpu,6,0.3085835,0.30963183333333333,0.30633299999999997,0.313979,0.306208,0.315708
synthetic,flat_pad,1,1.9,8,1,1,trace,ac,2,2,entropy.ac.cpu,6,0.33375,0.33427783333333333,0.324917,0.34416650000000004,0.324584,0.346416
synthetic,flat_pad,1,1.9,8,1,1,trace,ac,2,2,workflow.serializer.cpu,6,1.968271,2.0039168333333333,1.9381045000000001,2.105375,1.934459,2.169167
synthetic,flat_pad,1,1.9,8,1,1,trace,ac,2,2,gpu_ready_to_reduction,6,0.0591255,0.058993166666666666,0.053375,0.06447900000000001,0.05225,0.064583
synthetic,flat_pad,1,1.9,8,1,1,trace,ac,2,2,gpu_ready_to_ac_model,6,0.529479,0.5435971666666667,0.5184375,0.582875,0.51825,0.60475
synthetic,flat_pad,1,1.9,8,1,1,trace,ac,2,2,dc_ready_to_dc_model,6,4.1e-05,4.15e-05,0.0,8.35e-05,0.0,8.4e-05
synthetic,flat_pad,1,1.9,8,1,1,trace,ac,2,2,begin_to_models_done,6,1.0638335,1.0828125,1.0495415,1.1350625,1.043667,1.154875
synthetic,flat_pad,1,1.9,8,1,1,trace,ac,2,2,dc_group_threads,6,1.0,1,1.0,1.0,1,1
synthetic,flat_pad,1,1.9,8,1,1,trace,ac,0,0,workflow.quantization.cpu,6,1.9965205,2.017486,1.940646,2.1152915,1.936292,2.203208
synthetic,flat_pad,1,1.9,8,1,1,trace,ac,0,0,dc.prepare.cpu,6,0.49802099999999994,0.5024725,0.495313,0.5140835,0.495167,0.515042
synthetic,flat_pad,1,1.9,8,1,1,trace,ac,0,0,token.population_reduce.cpu,6,0.5741665,0.5723958333333333,0.49054200000000003,0.652479,0.486375,0.65925
synthetic,flat_pad,1,1.9,8,1,1,trace,ac,0,0,entropy.dc.cpu,6,0.31854150000000003,0.31940983333333334,0.31043750000000003,0.3292505,0.310084,0.336959
synthetic,flat_pad,1,1.9,8,1,1,trace,ac,0,0,entropy.ac.cpu,6,0.353375,0.3525555,0.34010450000000003,0.36418700000000004,0.334667,0.364333
synthetic,flat_pad,1,1.9,8,1,1,trace,ac,0,0,workflow.serializer.cpu,6,2.419604,2.4108956666666668,2.282583,2.5305,2.281458,2.549333
synthetic,flat_pad,1,1.9,8,1,1,trace,ac,0,0,gpu_ready_to_reduction,6,0.348854,0.3540485,0.3448955,0.368396,0.34375,0.373458
synthetic,flat_pad,1,1.9,8,1,1,trace,ac,0,0,gpu_ready_to_ac_model,6,0.9631455,0.9505831666666666,0.8578749999999999,1.030729,0.855083,1.03525
synthetic,flat_pad,1,1.9,8,1,1,trace,ac,0,0,dc_ready_to_dc_model,6,0.5945415000000001,0.590583,0.5067705,0.670437,0.50275,0.675083
synthetic,flat_pad,1,1.9,8,1,1,trace,ac,0,0,begin_to_models_done,6,1.5272495,1.5097986666666667,1.403084,1.5990625,1.400584,1.600125
synthetic,flat_pad,1,1.9,8,1,1,trace,ac,0,0,dc_group_threads,6,1.0,1,1.0,1.0,1,1
synthetic,flat_pad,1,1.9,8,1,1,trace,ac,1,1,workflow.quantization.cpu,6,2.03475,2.0648611666666667,1.9901875000000002,2.169646,1.951875,2.238042
synthetic,flat_pad,1,1.9,8,1,1,trace,ac,1,1,dc.prepare.cpu,6,0.5047710000000001,0.505757,0.500396,0.512104,0.498875,0.516458
synthetic,flat_pad,1,1.9,8,1,1,trace,ac,1,1,token.population_reduce.cpu,6,0.5083545,0.4991945,0.4502085,0.5390205,0.4415,0.55625
synthetic,flat_pad,1,1.9,8,1,1,trace,ac,1,1,entropy.dc.cpu,6,0.316625,0.31676366666666667,0.31114549999999996,0.3225205,0.310625,0.324375
synthetic,flat_pad,1,1.9,8,1,1,trace,ac,1,1,entropy.ac.cpu,6,0.34679150000000003,0.34567333333333333,0.330208,0.36002049999999997,0.329916,0.360541
synthetic,flat_pad,1,1.9,8,1,1,trace,ac,1,1,workflow.serializer.cpu,6,2.0719165,2.0514653333333333,1.961271,2.1212085,1.91875,2.130208
synthetic,flat_pad,1,1.9,8,1,1,trace,ac,1,1,gpu_ready_to_reduction,6,0.0563125,0.058715166666666666,0.0516455,0.0681875,0.050791,0.07225
synthetic,flat_pad,1,1.9,8,1,1,trace,ac,1,1,gpu_ready_to_ac_model,6,0.6042915,0.6009791666666666,0.540771,0.657875,0.528625,0.670041
synthetic,flat_pad,1,1.9,8,1,1,trace,ac,1,1,dc_ready_to_dc_model,6,0.252896,0.233396,0.16720849999999998,0.28008350000000004,0.157667,0.28175
synthetic,flat_pad,1,1.9,8,1,1,trace,ac,1,1,begin_to_models_done,6,1.183646,1.1595485,1.074604,1.2203955,1.061583,1.227333
synthetic,flat_pad,1,1.9,8,1,1,trace,ac,1,1,dc_group_threads,6,1.0,1,1.0,1.0,1,1
synthetic,flat_pad,7,1.9,8,1,1,trace,ac,2,2,workflow.quantization.cpu,6,15.136811999999999,15.117472333333334,14.990459,15.225145999999999,14.892584,15.247375
synthetic,flat_pad,7,1.9,8,1,1,trace,ac,2,2,dc.prepare.cpu,6,0.4438335,0.4435766666666667,0.4347295,0.452167,0.431959,0.4545
synthetic,flat_pad,7,1.9,8,1,1,trace,ac,2,2,token.population_reduce.cpu,6,0.649792,0.6500141666666667,0.5189794999999999,0.781271,0.5,0.786792
synthetic,flat_pad,7,1.9,8,1,1,trace,ac,2,2,entropy.dc.cpu,6,0.3055835,0.30757633333333334,0.2906245,0.326521,0.290291,0.3405
synthetic,flat_pad,7,1.9,8,1,1,trace,ac,2,2,entropy.ac.cpu,6,0.21375,0.21433333333333335,0.199854,0.229396,0.197167,0.235959
synthetic,flat_pad,7,1.9,8,1,1,trace,ac,2,2,workflow.serializer.cpu,6,1.9384584999999999,1.97525,1.7104795,2.276812,1.671375,2.284666
synthetic,flat_pad,7,1.9,8,1,1,trace,ac,2,2,gpu_ready_to_reduction,6,0.064437,0.06361766666666667,0.0558745,0.07054150000000001,0.052583,0.073167
synthetic,flat_pad,7,1.9,8,1,1,trace,ac,2,2,gpu_ready_to_ac_model,6,0.7146665,0.7137705,0.5749785000000001,0.8516665,0.552666,0.854208
synthetic,flat_pad,7,1.9,8,1,1,trace,ac,2,2,dc_ready_to_dc_model,6,4.2e-05,4.85e-05,2.05e-05,8.3e-05,0.0,8.3e-05
synthetic,flat_pad,7,1.9,8,1,1,trace,ac,2,2,begin_to_models_done,6,1.1283125,1.1463611666666667,0.923271,1.3875,0.896542,1.408625
synthetic,flat_pad,7,1.9,8,1,1,trace,ac,2,2,dc_group_threads,6,1.0,1,1.0,1.0,1,1
synthetic,flat_pad,7,1.9,8,1,1,trace,ac,0,0,workflow.quantization.cpu,6,14.939604,14.949347166666668,14.826625,15.081812500000002,14.796708,15.083875
synthetic,flat_pad,7,1.9,8,1,1,trace,ac,0,0,dc.prepare.cpu,6,0.453313,0.476632,0.437583,0.539,0.431458,0.56625
synthetic,flat_pad,7,1.9,8,1,1,trace,ac,0,0,token.population_reduce.cpu,6,0.7353540000000001,0.6979513333333334,0.557042,0.801458,0.513709,0.821875
synthetic,flat_pad,7,1.9,8,1,1,trace,ac,0,0,entropy.ac.cpu,6,0.232917,0.23748633333333335,0.223792,0.25575000000000003,0.215625,0.272042
synthetic,flat_pad,7,1.9,8,1,1,trace,ac,0,0,entropy.dc.cpu,6,0.3293335,0.337646,0.3059795,0.377625,0.300709,0.39975
synthetic,flat_pad,7,1.9,8,1,1,trace,ac,0,0,workflow.serializer.cpu,6,2.407479,2.4184858333333334,2.1590205,2.6889580000000004,2.024875,2.919875
synthetic,flat_pad,7,1.9,8,1,1,trace,ac,0,0,gpu_ready_to_reduction,6,0.3440625,0.35568733333333336,0.307229,0.4157705,0.29825,0.417875
synthetic,flat_pad,7,1.9,8,1,1,trace,ac,0,0,gpu_ready_to_ac_model,6,1.0942705,1.0774651666666666,0.9509164999999999,1.1872085,0.866167,1.270917
synthetic,flat_pad,7,1.9,8,1,1,trace,ac,0,0,dc_ready_to_dc_model,6,0.753333,0.7162705,0.5726455,0.822833,0.528208,0.8475
synthetic,flat_pad,7,1.9,8,1,1,trace,ac,0,0,begin_to_models_done,6,1.584229,1.5861806666666667,1.4187295,1.7555835000000002,1.304709,1.879542
synthetic,flat_pad,7,1.9,8,1,1,trace,ac,0,0,dc_group_threads,6,1.0,1,1.0,1.0,1,1
synthetic,flat_pad,7,1.9,8,1,1,trace,ac,1,1,workflow.quantization.cpu,6,15.316083500000001,15.196965333333333,14.8124795,15.462333000000001,14.808,15.494875
synthetic,flat_pad,7,1.9,8,1,1,trace,ac,1,1,dc.prepare.cpu,6,0.4469995,0.4525693333333333,0.439917,0.47079150000000003,0.436125,0.481125
synthetic,flat_pad,7,1.9,8,1,1,trace,ac,1,1,token.population_reduce.cpu,6,0.7624165,0.7228195,0.6047085,0.8013334999999999,0.554875,0.805375
synthetic,flat_pad,7,1.9,8,1,1,trace,ac,1,1,entropy.ac.cpu,6,0.2364165,0.23479866666666666,0.224688,0.2432915,0.224334,0.244375
synthetic,flat_pad,7,1.9,8,1,1,trace,ac,1,1,entropy.dc.cpu,6,0.326229,0.32436783333333336,0.31524949999999996,0.331625,0.314583,0.335125
synthetic,flat_pad,7,1.9,8,1,1,trace,ac,1,1,workflow.serializer.cpu,6,2.1323125000000003,2.109,1.954,2.2406875,1.919708,2.259833
synthetic,flat_pad,7,1.9,8,1,1,trace,ac,1,1,gpu_ready_to_reduction,6,0.06343750000000001,0.062125,0.055062,0.0678755,0.053041,0.068792
synthetic,flat_pad,7,1.9,8,1,1,trace,ac,1,1,gpu_ready_to_ac_model,6,0.856646,0.819125,0.7017705000000001,0.8989585,0.639791,0.899959
synthetic,flat_pad,7,1.9,8,1,1,trace,ac,1,1,dc_ready_to_dc_model,6,0.5158754999999999,0.46540299999999996,0.325271,0.5550625,0.243333,0.568375
synthetic,flat_pad,7,1.9,8,1,1,trace,ac,1,1,begin_to_models_done,6,1.3546875,1.3127358333333334,1.1624995,1.4210205,1.107583,1.422541
synthetic,flat_pad,7,1.9,8,1,1,trace,ac,1,1,dc_group_threads,6,1.0,1,1.0,1.0,1,1
synthetic,gradient_pad,1,1.9,8,1,1,trace,ac,2,2,workflow.quantization.cpu,6,2.005708,2.0006458333333335,1.9345835,2.0616459999999996,1.934083,2.080875
synthetic,gradient_pad,1,1.9,8,1,1,trace,ac,2,2,dc.prepare.cpu,6,0.589958,0.5922148333333334,0.576041,0.6106455,0.575166,0.613208
synthetic,gradient_pad,1,1.9,8,1,1,trace,ac,2,2,token.population_reduce.cpu,6,0.4932085,0.49072933333333335,0.467667,0.5113125000000001,0.449,0.512667
synthetic,gradient_pad,1,1.9,8,1,1,trace,ac,2,2,entropy.dc.cpu,6,0.41175,0.4165276666666667,0.41025,0.42758300000000005,0.41,0.435958
synthetic,gradient_pad,1,1.9,8,1,1,trace,ac,2,2,entropy.ac.cpu,6,1.1129995,1.1141178333333333,1.0992915,1.1300625,1.0985,1.133166
synthetic,gradient_pad,1,1.9,8,1,1,trace,ac,2,2,workflow.serializer.cpu,6,2.792104,2.7893611666666667,2.730229,2.8457505000000003,2.697208,2.894584
synthetic,gradient_pad,1,1.9,8,1,1,trace,ac,2,2,gpu_ready_to_reduction,6,0.0562705,0.057215166666666664,0.053083,0.062292,0.05225,0.062792
synthetic,gradient_pad,1,1.9,8,1,1,trace,ac,2,2,gpu_ready_to_ac_model,6,0.5526875,0.5480625,0.525625,0.5658749999999999,0.510917,0.569375
synthetic,gradient_pad,1,1.9,8,1,1,trace,ac,2,2,dc_ready_to_dc_model,6,6.25e-05,6.283333333333333e-05,4.2e-05,8.4e-05,4.2e-05,8.4e-05
synthetic,gradient_pad,1,1.9,8,1,1,trace,ac,2,2,begin_to_models_done,6,1.8771045000000002,1.8783750000000001,1.8264165,1.931604,1.80575,1.957083
synthetic,gradient_pad,1,1.9,8,1,1,trace,ac,2,2,dc_group_threads,6,1.0,1,1.0,1.0,1,1
synthetic,gradient_pad,1,1.9,8,1,1,trace,ac,0,0,workflow.quantization.cpu,6,2.037312,2.0308748333333333,1.9315415,2.123771,1.907708,2.167792
synthetic,gradient_pad,1,1.9,8,1,1,trace,ac,0,0,dc.prepare.cpu,6,0.5816665,0.5853126666666667,0.5721045,0.602167,0.565959,0.615042
synthetic,gradient_pad,1,1.9,8,1,1,trace,ac,0,0,token.population_reduce.cpu,6,0.5005415,0.5401181666666667,0.46777100000000005,0.652042,0.457083,0.706292
synthetic,gradient_pad,1,1.9,8,1,1,trace,ac,0,0,entropy.dc.cpu,6,0.420625,0.439486,0.4081455,0.48968749999999994,0.403791,0.54675
synthetic,gradient_pad,1,1.9,8,1,1,trace,ac,0,0,entropy.ac.cpu,6,1.10425,1.1129236666666666,1.0922085,1.1423125,1.087667,1.172083
synthetic,gradient_pad,1,1.9,8,1,1,trace,ac,0,0,workflow.serializer.cpu,6,3.2379795,3.2417846666666668,3.1178745,3.3695,3.095208,3.393875
synthetic,gradient_pad,1,1.9,8,1,1,trace,ac,0,0,gpu_ready_to_reduction,6,0.43274999999999997,0.4387845,0.42418750000000005,0.459416,0.417125,0.474416
synthetic,gradient_pad,1,1.9,8,1,1,trace,ac,0,0,gpu_ready_to_ac_model,6,0.9594579999999999,1.0043191666666667,0.921187,1.1323125,0.897833,1.165
synthetic,gradient_pad,1,1.9,8,1,1,trace,ac,0,0,dc_ready_to_dc_model,6,0.522125,0.5612706666666667,0.487354,0.6743330000000001,0.475625,0.726
synthetic,gradient_pad,1,1.9,8,1,1,trace,ac,0,0,begin_to_models_done,6,2.3067495,2.3265763333333336,2.2199999999999998,2.4529795,2.193959,2.486542
synthetic,gradient_pad,1,1.9,8,1,1,trace,ac,0,0,dc_group_threads,6,1.0,1,1.0,1.0,1,1
synthetic,gradient_pad,1,1.9,8,1,1,trace,ac,1,1,workflow.quantization.cpu,6,2.0109795,2.0087015,1.9529585,2.0621665,1.914042,2.064125
synthetic,gradient_pad,1,1.9,8,1,1,trace,ac,1,1,dc.prepare.cpu,6,0.5856669999999999,0.5868821666666667,0.5722085,0.602771,0.5705,0.609042
synthetic,gradient_pad,1,1.9,8,1,1,trace,ac,1,1,token.population_reduce.cpu,6,0.4905415,0.5168888333333334,0.45672900000000005,0.603396,0.449875,0.625584
synthetic,gradient_pad,1,1.9,8,1,1,trace,ac,1,1,entropy.dc.cpu,6,0.421729,0.4220415,0.41300000000000003,0.4313955,0.410667,0.434666
synthetic,gradient_pad,1,1.9,8,1,1,trace,ac,1,1,entropy.ac.cpu,6,1.1114585,1.1218193333333333,1.1003954999999999,1.153604,1.097708,1.171583
synthetic,gradient_pad,1,1.9,8,1,1,trace,ac,1,1,workflow.serializer.cpu,6,2.884417,2.9214305,2.7428540000000003,3.1370205,2.726208,3.161541
synthetic,gradient_pad,1,1.9,8,1,1,trace,ac,1,1,gpu_ready_to_reduction,6,0.0559165,0.057146,0.053875,0.0616465,0.0525,0.065209
synthetic,gradient_pad,1,1.9,8,1,1,trace,ac,1,1,gpu_ready_to_ac_model,6,0.5814165,0.6132846666666667,0.5471665,0.711271,0.538916,0.719375
synthetic,gradient_pad,1,1.9,8,1,1,trace,ac,1,1,dc_ready_to_dc_model,6,0.1699375,0.18995833333333334,0.10339599999999999,0.2965415,0.102125,0.320625
synthetic,gradient_pad,1,1.9,8,1,1,trace,ac,1,1,begin_to_models_done,6,1.9429789999999998,1.9721388333333332,1.8683955,2.105042,1.86025,2.112834
synthetic,gradient_pad,1,1.9,8,1,1,trace,ac,1,1,dc_group_threads,6,1.0,1,1.0,1.0,1,1
synthetic,gradient_pad,7,1.9,8,1,1,trace,ac,2,2,workflow.quantization.cpu,6,15.249167,15.247548666666667,15.065604,15.427875,15.059291,15.568375
synthetic,gradient_pad,7,1.9,8,1,1,trace,ac,2,2,dc.prepare.cpu,6,0.5202709999999999,0.5259515,0.5132085,0.544375,0.511042,0.544875
synthetic,gradient_pad,7,1.9,8,1,1,trace,ac,2,2,token.population_reduce.cpu,6,0.6478125,0.6387431666666666,0.581417,0.687,0.550792,0.694333
synthetic,gradient_pad,7,1.9,8,1,1,trace,ac,2,2,entropy.dc.cpu,6,0.388521,0.396236,0.385812,0.414375,0.384291,0.4365
synthetic,gradient_pad,7,1.9,8,1,1,trace,ac,2,2,entropy.ac.cpu,6,0.9990209999999999,1.0017015,0.9891460000000001,1.0169375,0.983917,1.030125
synthetic,gradient_pad,7,1.9,8,1,1,trace,ac,2,2,workflow.serializer.cpu,6,2.7387505,2.7447013333333334,2.6867705,2.808583,2.650666,2.833291
synthetic,gradient_pad,7,1.9,8,1,1,trace,ac,2,2,gpu_ready_to_reduction,6,0.060979,0.06134716666666667,0.056874999999999995,0.06618750000000001,0.054833,0.067625
synthetic,gradient_pad,7,1.9,8,1,1,trace,ac,2,2,gpu_ready_to_ac_model,6,0.706437,0.7002221666666667,0.6408754999999999,0.753354,0.610667,0.762083
synthetic,gradient_pad,7,1.9,8,1,1,trace,ac,2,2,dc_ready_to_dc_model,6,4.1e-05,5.5333333333333334e-05,2.05e-05,0.00010449999999999999,0.0,0.000167
synthetic,gradient_pad,7,1.9,8,1,1,trace,ac,2,2,begin_to_models_done,6,1.8563955,1.856257,1.780417,1.9319585,1.748709,1.93475
synthetic,gradient_pad,7,1.9,8,1,1,trace,ac,2,2,dc_group_threads,6,1.0,1,1.0,1.0,1,1
synthetic,gradient_pad,7,1.9,8,1,1,trace,ac,0,0,workflow.quantization.cpu,6,15.1246665,15.222944166666666,14.974895499999999,15.5692705,14.956291,15.635666
synthetic,gradient_pad,7,1.9,8,1,1,trace,ac,0,0,dc.prepare.cpu,6,0.521521,0.5261386666666666,0.512958,0.543937,0.512333,0.547833
synthetic,gradient_pad,7,1.9,8,1,1,trace,ac,0,0,token.population_reduce.cpu,6,0.6137919999999999,0.6236389999999999,0.5316875,0.7254375,0.530875,0.748625
synthetic,gradient_pad,7,1.9,8,1,1,trace,ac,0,0,entropy.dc.cpu,6,0.402167,0.398889,0.388521,0.405979,0.384958,0.407333
synthetic,gradient_pad,7,1.9,8,1,1,trace,ac,0,0,entropy.ac.cpu,6,0.994958,0.9956108333333333,0.990958,1.0009165,0.989083,1.00475
synthetic,gradient_pad,7,1.9,8,1,1,trace,ac,0,0,workflow.serializer.cpu,6,3.1031455,3.1147915,3.001479,3.23975,2.979167,3.308041
synthetic,gradient_pad,7,1.9,8,1,1,trace,ac,0,0,gpu_ready_to_reduction,6,0.4175415,0.42224283333333335,0.4095,0.439687,0.408,0.442666
synthetic,gradient_pad,7,1.9,8,1,1,trace,ac,0,0,gpu_ready_to_ac_model,6,1.058271,1.0714375,0.979854,1.1761875,0.96625,1.219166
synthetic,gradient_pad,7,1.9,8,1,1,trace,ac,0,0,dc_ready_to_dc_model,6,0.6355415,0.6450625,0.5518959999999999,0.7477499999999999,0.550042,0.772542
synthetic,gradient_pad,7,1.9,8,1,1,trace,ac,0,0,begin_to_models_done,6,2.2035,2.216854,2.1177705,2.3292915,2.101833,2.37875
synthetic,gradient_pad,7,1.9,8,1,1,trace,ac,0,0,dc_group_threads,6,1.0,1,1.0,1.0,1,1
synthetic,gradient_pad,7,1.9,8,1,1,trace,ac,1,1,workflow.quantization.cpu,6,14.9648125,15.0656805,14.933083,15.299146,14.917958,15.497042
synthetic,gradient_pad,7,1.9,8,1,1,trace,ac,1,1,dc.prepare.cpu,6,0.522354,0.525479,0.5130625,0.5410205,0.510875,0.5435
synthetic,gradient_pad,7,1.9,8,1,1,trace,ac,1,1,token.population_reduce.cpu,6,0.7006669999999999,0.6713196666666666,0.5471875,0.7661045,0.523167,0.801042
synthetic,gradient_pad,7,1.9,8,1,1,trace,ac,1,1,entropy.dc.cpu,6,0.4091665,0.41761116666666664,0.3914795,0.4521875,0.385459,0.462083
synthetic,gradient_pad,7,1.9,8,1,1,trace,ac,1,1,entropy.ac.cpu,6,1.0674375,1.0720835,0.993521,1.155292,0.988042,1.19075
synthetic,gradient_pad,7,1.9,8,1,1,trace,ac,1,1,workflow.serializer.cpu,6,2.9371875000000003,2.9022915,2.7036455,3.0660415,2.638833,3.091792
synthetic,gradient_pad,7,1.9,8,1,1,trace,ac,1,1,gpu_ready_to_reduction,6,0.0616665,0.06169416666666667,0.056104,0.06731200000000001,0.051958,0.069333
synthetic,gradient_pad,7,1.9,8,1,1,trace,ac,1,1,gpu_ready_to_ac_model,6,0.8032705,0.7720551666666666,0.6506455,0.8622495,0.621625,0.889958
synthetic,gradient_pad,7,1.9,8,1,1,trace,ac,1,1,dc_ready_to_dc_model,6,0.36214599999999997,0.3365901666666667,0.220333,0.42729150000000005,0.195791,0.439375
synthetic,gradient_pad,7,1.9,8,1,1,trace,ac,1,1,begin_to_models_done,6,2.013813,2.001291666666667,1.8190205000000002,2.1710415000000003,1.762958,2.18575
synthetic,gradient_pad,7,1.9,8,1,1,trace,ac,1,1,dc_group_threads,6,1.0,1,1.0,1.0,1,1
synthetic,narrow,1,1.9,8,1,1,trace,ac,2,2,workflow.quantization.cpu,6,0.8057915,0.8022776666666667,0.7864789999999999,0.8145625000000001,0.771416,0.819875
synthetic,narrow,1,1.9,8,1,1,trace,ac,2,2,dc.prepare.cpu,6,0.0727495,0.07374316666666667,0.06756300000000001,0.080917,0.065959,0.081625
synthetic,narrow,1,1.9,8,1,1,trace,ac,2,2,entropy.dc.cpu,6,0.155229,0.15529866666666667,0.152771,0.15789599999999998,0.152667,0.158125
synthetic,narrow,1,1.9,8,1,1,trace,ac,2,2,token.population_reduce.cpu,6,0.129771,0.13046533333333332,0.1278955,0.1337295,0.126458,0.134125
synthetic,narrow,1,1.9,8,1,1,trace,ac,2,2,entropy.ac.cpu,6,0.528958,0.5260276666666667,0.5169790000000001,0.532146,0.514208,0.532375
synthetic,narrow,1,1.9,8,1,1,trace,ac,2,2,workflow.serializer.cpu,6,1.3468955,1.3527985,1.331271,1.380229,1.326167,1.393125
synthetic,narrow,1,1.9,8,1,1,trace,ac,2,2,gpu_ready_to_reduction,6,0.0548125,0.05414566666666667,0.050603999999999996,0.0570205,0.050542,0.058
synthetic,narrow,1,1.9,8,1,1,trace,ac,2,2,gpu_ready_to_ac_model,6,0.18629099999999998,0.18473583333333332,0.178729,0.1891875,0.177042,0.1895
synthetic,narrow,1,1.9,8,1,1,trace,ac,2,2,dc_ready_to_dc_model,6,4.15e-05,2.7833333333333333e-05,0.0,4.2e-05,0.0,4.2e-05
synthetic,narrow,1,1.9,8,1,1,trace,ac,2,2,begin_to_models_done,6,0.7994165,0.796958,0.786479,0.8049785,0.780583,0.805791
synthetic,narrow,1,1.9,8,1,1,trace,ac,2,2,dc_group_threads,6,3.0,3,3.0,3.0,3,3
synthetic,narrow,1,1.9,8,1,1,trace,ac,0,0,workflow.quantization.cpu,6,0.806583,0.8097431666666667,0.7809170000000001,0.8417295,0.773167,0.855917
synthetic,narrow,1,1.9,8,1,1,trace,ac,0,0,dc.prepare.cpu,6,0.0783545,0.0809445,0.073375,0.09110399999999999,0.072291,0.093833
synthetic,narrow,1,1.9,8,1,1,trace,ac,0,0,token.population_reduce.cpu,6,0.136354,0.14396533333333333,0.13143749999999998,0.1641045,0.130041,0.185417
synthetic,narrow,1,1.9,8,1,1,trace,ac,0,0,entropy.dc.cpu,6,0.16206199999999998,0.16131916666666668,0.1553955,0.1665,0.154166,0.1695
synthetic,narrow,1,1.9,8,1,1,trace,ac,0,0,entropy.ac.cpu,6,0.5242295,0.5268055,0.514208,0.541979,0.510875,0.551667
synthetic,narrow,1,1.9,8,1,1,trace,ac,0,0,workflow.serializer.cpu,6,1.4102085,1.4288053333333333,1.3787915,1.4974159999999999,1.37075,1.515166
synthetic,narrow,1,1.9,8,1,1,trace,ac,0,0,gpu_ready_to_reduction,6,0.0572085,0.06250700000000001,0.0539165,0.07639599999999999,0.052875,0.087375
synthetic,narrow,1,1.9,8,1,1,trace,ac,0,0,gpu_ready_to_ac_model,6,0.2183125,0.23016666666666666,0.2089375,0.26325,0.206083,0.277
synthetic,narrow,1,1.9,8,1,1,trace,ac,0,0,dc_ready_to_dc_model,6,0.20166699999999999,0.21168083333333332,0.1912295,0.242146,0.187459,0.260708
synthetic,narrow,1,1.9,8,1,1,trace,ac,0,0,begin_to_models_done,6,0.8298125000000001,0.8455695,0.813021,0.893875,0.804667,0.914625
synthetic,narrow,1,1.9,8,1,1,trace,ac,0,0,dc_group_threads,6,3.0,3,3.0,3.0,3,3
synthetic,narrow,1,1.9,8,1,1,trace,ac,1,1,workflow.quantization.cpu,6,0.8101875000000001,0.8167638333333334,0.784875,0.855229,0.779125,0.864291
synthetic,narrow,1,1.9,8,1,1,trace,ac,1,1,dc.prepare.cpu,6,0.06854199999999999,0.06998616666666667,0.0640415,0.077375,0.063625,0.078125
synthetic,narrow,1,1.9,8,1,1,trace,ac,1,1,token.population_reduce.cpu,6,0.131521,0.130764,0.1279165,0.1328545,0.1265,0.133084
synthetic,narrow,1,1.9,8,1,1,trace,ac,1,1,entropy.dc.cpu,6,0.15537499999999999,0.15663883333333334,0.151729,0.1628125,0.151291,0.166958
synthetic,narrow,1,1.9,8,1,1,trace,ac,1,1,entropy.ac.cpu,6,0.523146,0.5233193333333334,0.517646,0.529166,0.51625,0.533291
synthetic,narrow,1,1.9,8,1,1,trace,ac,1,1,workflow.serializer.cpu,6,1.3942709999999998,1.3898681666666666,1.370271,1.4050625,1.363667,1.409583
synthetic,narrow,1,1.9,8,1,1,trace,ac,1,1,gpu_ready_to_reduction,6,0.0552495,0.05608983333333333,0.053583,0.059437000000000004,0.053,0.061708
synthetic,narrow,1,1.9,8,1,1,trace,ac,1,1,gpu_ready_to_ac_model,6,0.22249999999999998,0.22158316666666666,0.2170625,0.225187,0.215125,0.227083
synthetic,narrow,1,1.9,8,1,1,trace,ac,1,1,dc_ready_to_dc_model,6,0.202854,0.20205533333333334,0.193062,0.21025,0.192833,0.213042
synthetic,narrow,1,1.9,8,1,1,trace,ac,1,1,begin_to_models_done,6,0.8283130000000001,0.830361,0.821916,0.840854,0.820541,0.848458
synthetic,narrow,1,1.9,8,1,1,trace,ac,1,1,dc_group_threads,6,3.0,3,3.0,3.0,3,3
synthetic,narrow,7,1.9,8,1,1,trace,ac,2,2,workflow.quantization.cpu,6,6.568375,6.6450276666666666,6.442500000000001,6.924208,6.381083,7.0165
synthetic,narrow,7,1.9,8,1,1,trace,ac,2,2,dc.prepare.cpu,6,0.07075000000000001,0.07890983333333333,0.0637085,0.102271,0.062167,0.130459
synthetic,narrow,7,1.9,8,1,1,trace,ac,2,2,entropy.dc.cpu,6,0.1339375,0.13441666666666666,0.127396,0.1419165,0.126167,0.146833
synthetic,narrow,7,1.9,8,1,1,trace,ac,2,2,token.population_reduce.cpu,6,0.13087500000000002,0.13381933333333335,0.12875,0.141833,0.127583,0.151541
synthetic,narrow,7,1.9,8,1,1,trace,ac,2,2,entropy.ac.cpu,6,0.427792,0.43125,0.42141649999999997,0.44454150000000003,0.4185,0.4575
synthetic,narrow,7,1.9,8,1,1,trace,ac,2,2,workflow.serializer.cpu,6,1.292104,1.3017705,1.258708,1.3544995000000002,1.253541,1.379833
synthetic,narrow,7,1.9,8,1,1,trace,ac,2,2,gpu_ready_to_reduction,6,0.064334,0.06306966666666666,0.057916999999999996,0.066958,0.057084,0.068166
synthetic,narrow,7,1.9,8,1,1,trace,ac,2,2,gpu_ready_to_ac_model,6,0.1962295,0.19700716666666668,0.1901875,0.2046045,0.18925,0.208834
synthetic,narrow,7,1.9,8,1,1,trace,ac,2,2,dc_ready_to_dc_model,6,4.2e-05,6.25e-05,4.15e-05,0.00010400000000000001,4.1e-05,0.000125
synthetic,narrow,7,1.9,8,1,1,trace,ac,2,2,begin_to_models_done,6,0.718792,0.7253543333333333,0.7099584999999999,0.7473125,0.707459,0.7485
synthetic,narrow,7,1.9,8,1,1,trace,ac,2,2,dc_group_threads,6,3.0,2.8333333333333335,2.5,3.0,2,3
synthetic,narrow,7,1.9,8,1,1,trace,ac,0,0,workflow.quantization.cpu,6,6.519521,6.505764,6.4263335,6.5714375,6.38925,6.57625
synthetic,narrow,7,1.9,8,1,1,trace,ac,0,0,dc.prepare.cpu,6,0.0689795,0.07061100000000001,0.0641455,0.078708,0.061,0.083625
synthetic,narrow,7,1.9,8,1,1,trace,ac,0,0,token.population_reduce.cpu,6,0.130813,0.13317366666666666,0.129875,0.13883299999999998,0.129375,0.146291
synthetic,narrow,7,1.9,8,1,1,trace,ac,0,0,entropy.dc.cpu,6,0.1299585,0.13206933333333334,0.1287705,0.13747900000000002,0.128416,0.144625
synthetic,narrow,7,1.9,8,1,1,trace,ac,0,0,entropy.ac.cpu,6,0.4275415,0.4314096666666667,0.4199165,0.44677100000000003,0.419,0.458958
synthetic,narrow,7,1.9,8,1,1,trace,ac,0,0,workflow.serializer.cpu,6,1.3080630000000002,1.3233265,1.2910415,1.3708749999999998,1.283666,1.412375
synthetic,narrow,7,1.9,8,1,1,trace,ac,0,0,gpu_ready_to_reduction,6,0.06852050000000001,0.067729,0.06352050000000001,0.07114599999999999,0.05975,0.071667
synthetic,narrow,7,1.9,8,1,1,trace,ac,0,0,gpu_ready_to_ac_model,6,0.221833,0.223,0.2203545,0.2268125,0.21925,0.229333
synthetic,narrow,7,1.9,8,1,1,trace,ac,0,0,dc_ready_to_dc_model,6,0.2241455,0.224153,0.21629199999999998,0.2320215,0.210709,0.232834
synthetic,narrow,7,1.9,8,1,1,trace,ac,0,0,begin_to_models_done,6,0.7413125,0.7523124999999999,0.7359165000000001,0.7797084999999999,0.733458,0.780334
synthetic,narrow,7,1.9,8,1,1,trace,ac,0,0,dc_group_threads,6,3.0,3,3.0,3.0,3,3
synthetic,narrow,7,1.9,8,1,1,trace,ac,1,1,workflow.quantization.cpu,6,6.5261045,6.6547155,6.419083499999999,7.0189585,6.384542,7.1695
synthetic,narrow,7,1.9,8,1,1,trace,ac,1,1,dc.prepare.cpu,6,0.063125,0.06138883333333334,0.0570205,0.064021,0.055541,0.064083
synthetic,narrow,7,1.9,8,1,1,trace,ac,1,1,token.population_reduce.cpu,6,0.136625,0.13746516666666667,0.1307915,0.144979,0.13025,0.145042
synthetic,narrow,7,1.9,8,1,1,trace,ac,1,1,entropy.dc.cpu,6,0.13504149999999998,0.1353265,0.1330835,0.1378545,0.131459,0.140417
synthetic,narrow,7,1.9,8,1,1,trace,ac,1,1,entropy.ac.cpu,6,0.42685399999999996,0.4277085,0.42287549999999996,0.433396,0.422042,0.43925
synthetic,narrow,7,1.9,8,1,1,trace,ac,1,1,workflow.serializer.cpu,6,1.3296455,1.3400345,1.321833,1.3686250000000002,1.3205,1.378791
synthetic,narrow,7,1.9,8,1,1,trace,ac,1,1,gpu_ready_to_reduction,6,0.0628335,0.0652295,0.0595005,0.07335449999999999,0.058292,0.073417
synthetic,narrow,7,1.9,8,1,1,trace,ac,1,1,gpu_ready_to_ac_model,6,0.2430205,0.24354866666666666,0.23833349999999998,0.249292,0.23775,0.250125
synthetic,narrow,7,1.9,8,1,1,trace,ac,1,1,dc_ready_to_dc_model,6,0.2427705,0.24,0.230792,0.2464375,0.227334,0.248709
synthetic,narrow,7,1.9,8,1,1,trace,ac,1,1,begin_to_models_done,6,0.7712915,0.7712776666666666,0.7615419999999999,0.7809995,0.75925,0.787916
synthetic,narrow,7,1.9,8,1,1,trace,ac,1,1,dc_group_threads,6,3.0,3,3.0,3.0,3,3
trace,alpine24,1,1.9,8,1,1,trace,ac,2,2,workflow.quantization.cpu,6,41.3373335,41.12116666666667,40.5540625,41.472104,40.222,41.512333
trace,alpine24,1,1.9,8,1,1,trace,ac,2,2,dc.prepare.cpu,6,3.4524375000000003,3.441493,3.3584579999999997,3.5135835,3.347166,3.526625
trace,alpine24,1,1.9,8,1,1,trace,ac,2,2,token.population_reduce.cpu,6,1.1707915,1.1745763333333334,1.1556665000000002,1.197271,1.147666,1.208375
trace,alpine24,1,1.9,8,1,1,trace,ac,2,2,entropy.dc.cpu,6,5.780375,5.761541833333333,5.5981665,5.906084,5.574083,5.965584
trace,alpine24,1,1.9,8,1,1,trace,ac,2,2,entropy.ac.cpu,6,5.5255,5.552291833333333,5.4174585,5.713917,5.401042,5.820875
trace,alpine24,1,1.9,8,1,1,trace,ac,2,2,workflow.serializer.cpu,6,22.905625,22.899868,22.7044165,23.0895625,22.672833,23.110833
trace,alpine24,1,1.9,8,1,1,trace,ac,2,2,gpu_ready_to_reduction,6,0.09725,0.09510400000000001,0.0893955,0.0986665,0.086541,0.09875
trace,alpine24,1,1.9,8,1,1,trace,ac,2,2,gpu_ready_to_ac_model,6,1.2635205,1.2700345,1.253458,1.293125,1.246208,1.3075
trace,alpine24,1,1.9,8,1,1,trace,ac,2,2,dc_ready_to_dc_model,6,0.0003125,0.0003055,0.000208,0.000396,0.000208,0.000417
trace,alpine24,1,1.9,8,1,1,trace,ac,2,2,begin_to_models_done,6,10.656208,10.659888833333333,10.486396,10.8370625,10.4585,10.884292
trace,alpine24,1,1.9,8,1,1,trace,ac,2,2,dc_group_threads,6,6.0,6,6.0,6.0,6,6
trace,alpine24,1,1.9,8,1,1,trace,ac,0,0,workflow.quantization.cpu,6,41.5177295,41.540527833333336,41.125104,41.97875,40.775833,42.005917
trace,alpine24,1,1.9,8,1,1,trace,ac,0,0,dc.prepare.cpu,6,3.428542,3.4347570000000003,3.402125,3.473604,3.3935,3.495292
trace,alpine24,1,1.9,8,1,1,trace,ac,0,0,token.population_reduce.cpu,6,1.1541454999999998,1.1538401666666667,1.1416665,1.1657085,1.138583,1.166
trace,alpine24,1,1.9,8,1,1,trace,ac,0,0,entropy.ac.cpu,6,5.420646,5.4450140000000005,5.3643540000000005,5.5500419999999995,5.343166,5.632709
trace,alpine24,1,1.9,8,1,1,trace,ac,0,0,entropy.dc.cpu,6,5.782603999999999,5.815347166666666,5.7644375,5.899,5.755792,5.921875
trace,alpine24,1,1.9,8,1,1,trace,ac,0,0,workflow.serializer.cpu,6,23.7510415,23.747923333333333,23.550083,23.942645499999998,23.519166,23.981375
trace,alpine24,1,1.9,8,1,1,trace,ac,0,0,gpu_ready_to_reduction,6,0.5945830000000001,0.6066943333333333,0.568854,0.6566460000000001,0.552083,0.7075
trace,alpine24,1,1.9,8,1,1,trace,ac,0,0,gpu_ready_to_ac_model,6,1.7780625,1.791118,1.7537495,1.841542,1.731791,1.884709
trace,alpine24,1,1.9,8,1,1,trace,ac,0,0,dc_ready_to_dc_model,6,1.1855625,1.1839793333333333,1.174313,1.1920625,1.172667,1.192917
trace,alpine24,1,1.9,8,1,1,trace,ac,0,0,begin_to_models_done,6,11.441771,11.469521,11.381021,11.585771,11.358792,11.658
trace,alpine24,1,1.9,8,1,1,trace,ac,0,0,dc_group_threads,6,6.0,6,6.0,6.0,6,6
trace,alpine24,1,1.9,8,1,1,trace,ac,1,1,workflow.quantization.cpu,6,41.4536045,41.30715283333333,40.3549375,42.1129165,40.0475,42.633375
trace,alpine24,1,1.9,8,1,1,trace,ac,1,1,dc.prepare.cpu,6,3.4268125,3.4251875,3.376083,3.472667,3.364125,3.473667
trace,alpine24,1,1.9,8,1,1,trace,ac,1,1,token.population_reduce.cpu,6,1.1753334999999998,1.1773471666666666,1.1650415,1.1916665,1.158917,1.203625
trace,alpine24,1,1.9,8,1,1,trace,ac,1,1,entropy.ac.cpu,6,5.524416499999999,5.5147846666666664,5.4352085,5.584729,5.398792,5.631083
trace,alpine24,1,1.9,8,1,1,trace,ac,1,1,entropy.dc.cpu,6,5.6883125,5.683041666666666,5.591854,5.7689585,5.579375,5.776667
trace,alpine24,1,1.9,8,1,1,trace,ac,1,1,workflow.serializer.cpu,6,23.134813,23.0310625,22.739479000000003,23.218895500000002,22.637125,23.237583
trace,alpine24,1,1.9,8,1,1,trace,ac,1,1,gpu_ready_to_reduction,6,0.1071455,0.10388866666666667,0.0836665,0.12085399999999999,0.073083,0.121458
trace,alpine24,1,1.9,8,1,1,trace,ac,1,1,gpu_ready_to_ac_model,6,1.3320409999999998,1.335347,1.306,1.3679999999999999,1.29825,1.395667
trace,alpine24,1,1.9,8,1,1,trace,ac,1,1,dc_ready_to_dc_model,6,0.6877709999999999,0.585278,0.369792,0.6982710000000001,0.353125,0.700459
trace,alpine24,1,1.9,8,1,1,trace,ac,1,1,begin_to_models_done,6,10.837104499999999,10.782048666666666,10.537707999999999,10.9713335,10.437541,10.987542
trace,alpine24,1,1.9,8,1,1,trace,ac,1,1,dc_group_threads,6,6.0,6,6.0,6.0,6,6
trace,alpine24,4,1.9,8,1,1,trace,ac,2,2,workflow.quantization.cpu,6,42.721708500000005,42.659541833333336,42.020896,43.236020999999994,42.012667,43.37575
trace,alpine24,4,1.9,8,1,1,trace,ac,2,2,dc.prepare.cpu,6,3.4522500000000003,3.4597848333333334,3.4193545,3.5077499999999997,3.403167,3.543125
trace,alpine24,4,1.9,8,1,1,trace,ac,2,2,token.population_reduce.cpu,6,1.1705835,1.1686528333333333,1.1406665,1.1947085,1.133875,1.200959
trace,alpine24,4,1.9,8,1,1,trace,ac,2,2,entropy.ac.cpu,6,5.5506665,5.521243,5.416271,5.5967915,5.399042,5.608125
trace,alpine24,4,1.9,8,1,1,trace,ac,2,2,entropy.dc.cpu,6,16.156021,16.041743,15.6305415,16.338666500000002,15.576958,16.363208
trace,alpine24,4,1.9,8,1,1,trace,ac,2,2,workflow.serializer.cpu,6,33.261750000000006,33.140618,32.6662915,33.493812500000004,32.485042,33.53575
trace,alpine24,4,1.9,8,1,1,trace,ac,2,2,gpu_ready_to_reduction,6,0.1004165,0.09954833333333334,0.0929165,0.10531199999999999,0.089041,0.107791
trace,alpine24,4,1.9,8,1,1,trace,ac,2,2,gpu_ready_to_ac_model,6,1.263771,1.2685275,1.2430205,1.298791,1.2355,1.309416
trace,alpine24,4,1.9,8,1,1,trace,ac,2,2,dc_ready_to_dc_model,6,0.00035400000000000004,0.00031933333333333336,0.00022899999999999998,0.000375,0.000208,0.000375
trace,alpine24,4,1.9,8,1,1,trace,ac,2,2,begin_to_models_done,6,20.773374500000003,20.615860833333333,20.157583,20.916625,20.083208,20.95925
trace,alpine24,4,1.9,8,1,1,trace,ac,2,2,dc_group_threads,6,6.0,6,6.0,6.0,6,6
trace,alpine24,4,1.9,8,1,1,trace,ac,0,0,workflow.quantization.cpu,6,42.7552915,43.169965000000005,42.472479,44.2821245,42.295625,44.967041
trace,alpine24,4,1.9,8,1,1,trace,ac,0,0,dc.prepare.cpu,6,3.480875,3.5496873333333334,3.4680619999999998,3.700125,3.462541,3.813375
trace,alpine24,4,1.9,8,1,1,trace,ac,0,0,token.population_reduce.cpu,6,1.1515415,1.1525416666666666,1.1446665,1.1614170000000001,1.143333,1.162334
trace,alpine24,4,1.9,8,1,1,trace,ac,0,0,entropy.ac.cpu,6,5.6477295000000005,5.6663820000000005,5.551354,5.8000625,5.544875,5.802875
trace,alpine24,4,1.9,8,1,1,trace,ac,0,0,entropy.dc.cpu,6,16.3452085,16.444076333333335,16.161625,16.8253955,16.156542,16.857416
trace,alpine24,4,1.9,8,1,1,trace,ac,0,0,workflow.serializer.cpu,6,34.866104500000006,34.96199333333333,34.463708499999996,35.556167,34.368292,35.999209
trace,alpine24,4,1.9,8,1,1,trace,ac,0,0,gpu_ready_to_reduction,6,0.6214580000000001,0.6757011666666667,0.5840415,0.821604,0.554291,0.992166
trace,alpine24,4,1.9,8,1,1,trace,ac,0,0,gpu_ready_to_ac_model,6,1.810104,1.8649445,1.7749795000000002,2.00975,1.75225,2.184666
trace,alpine24,4,1.9,8,1,1,trace,ac,0,0,dc_ready_to_dc_model,6,1.191667,1.1902641666666667,1.182021,1.1971045,1.180375,1.198709
trace,alpine24,4,1.9,8,1,1,trace,ac,0,0,begin_to_models_done,6,22.1121665,22.237472166666667,21.871771000000003,22.728479,21.808375,22.96275
trace,alpine24,4,1.9,8,1,1,trace,ac,0,0,dc_group_threads,6,6.0,6,6.0,6.0,6,6
trace,alpine24,4,1.9,8,1,1,trace,ac,1,1,workflow.quantization.cpu,6,42.778479,43.0389375,42.320104,44.018229500000004,42.089625,44.280167
trace,alpine24,4,1.9,8,1,1,trace,ac,1,1,dc.prepare.cpu,6,3.4627295,3.5044515,3.4394790000000004,3.6111459999999997,3.435125,3.725
trace,alpine24,4,1.9,8,1,1,trace,ac,1,1,token.population_reduce.cpu,6,1.1803119999999998,1.2134235,1.167938,1.2920205,1.159667,1.389583
trace,alpine24,4,1.9,8,1,1,trace,ac,1,1,entropy.ac.cpu,6,5.552104,5.567722166666666,5.4669165,5.684146,5.460375,5.688584
trace,alpine24,4,1.9,8,1,1,trace,ac,1,1,entropy.dc.cpu,6,16.173458500000002,16.1148195,15.8203335,16.350666500000003,15.5705,16.36025
trace,alpine24,4,1.9,8,1,1,trace,ac,1,1,workflow.serializer.cpu,6,34.0341875,34.05690966666667,33.7152085,34.421333000000004,33.544458,34.438708
trace,alpine24,4,1.9,8,1,1,trace,ac,1,1,gpu_ready_to_reduction,6,0.101792,0.1056735,0.09389549999999999,0.121333,0.092875,0.122666
trace,alpine24,4,1.9,8,1,1,trace,ac,1,1,gpu_ready_to_ac_model,6,1.3527495,1.375486,1.3187085,1.455,1.308625,1.552875
trace,alpine24,4,1.9,8,1,1,trace,ac,1,1,dc_ready_to_dc_model,6,0.710854,0.7243958333333333,0.6938124999999999,0.768521,0.687959,0.79025
trace,alpine24,4,1.9,8,1,1,trace,ac,1,1,begin_to_models_done,6,21.509500000000003,21.449923666666667,21.136896,21.703375,20.925875,21.7175
trace,alpine24,4,1.9,8,1,1,trace,ac,1,1,dc_group_threads,6,6.0,6,6.0,6.0,6,6
trace,alpine24,7,1.9,8,1,1,trace,ac,2,2,workflow.quantization.cpu,6,278.7084585,278.80340966666665,276.558458,281.1433125,276.404791,281.594333
trace,alpine24,7,1.9,8,1,1,trace,ac,2,2,token.population_reduce.cpu,6,1.165854,1.1796871666666666,1.1442705,1.228937,1.142583,1.251166
trace,alpine24,7,1.9,8,1,1,trace,ac,2,2,dc.prepare.cpu,6,3.4808745,3.5697916666666667,3.2360629999999997,3.9924375000000003,3.213959,4.188792
trace,alpine24,7,1.9,8,1,1,trace,ac,2,2,entropy.dc.cpu,6,4.025021000000001,4.148770833333334,3.9789375,4.442354,3.95225,4.748625
trace,alpine24,7,1.9,8,1,1,trace,ac,2,2,entropy.ac.cpu,6,9.878458,10.197332833333334,9.825686999999999,10.8878535,9.806166,11.407916
trace,alpine24,7,1.9,8,1,1,trace,ac,2,2,workflow.serializer.cpu,6,26.2948335,26.686006833333334,26.1278955,27.6352915,26.11625,28.420791
trace,alpine24,7,1.9,8,1,1,trace,ac,2,2,gpu_ready_to_reduction,6,0.11633299999999999,0.11590283333333333,0.097417,0.13395849999999998,0.097334,0.142833
trace,alpine24,7,1.9,8,1,1,trace,ac,2,2,gpu_ready_to_ac_model,6,1.2924164999999999,1.2963473333333333,1.2585005,1.338125,1.240292,1.349
trace,alpine24,7,1.9,8,1,1,trace,ac,2,2,dc_ready_to_dc_model,6,0.00022899999999999998,0.000264,0.0001255,0.0004375,8.4e-05,0.000458
trace,alpine24,7,1.9,8,1,1,trace,ac,2,2,begin_to_models_done,6,14.6361875,14.942527666666667,14.565729000000001,15.6256665,14.54725,16.023
trace,alpine24,7,1.9,8,1,1,trace,ac,2,2,dc_group_threads,6,6.0,6,6.0,6.0,6,6
trace,alpine24,7,1.9,8,1,1,trace,ac,0,0,workflow.quantization.cpu,6,279.824771,279.3223958333333,277.444875,280.6975415,276.302167,280.887333
trace,alpine24,7,1.9,8,1,1,trace,ac,0,0,dc.prepare.cpu,6,4.1269165,4.1757915,3.414687,4.985771,3.248166,4.9965
trace,alpine24,7,1.9,8,1,1,trace,ac,0,0,token.population_reduce.cpu,6,1.2180835,1.2296526666666667,1.166187,1.3046875,1.165666,1.323834
trace,alpine24,7,1.9,8,1,1,trace,ac,0,0,entropy.dc.cpu,6,4.19725,4.372743,3.9100205,5.0109585,3.853041,5.017959
trace,alpine24,7,1.9,8,1,1,trace,ac,0,0,entropy.ac.cpu,6,10.625083,10.824354,9.793895500000001,12.0540835,9.786333,12.288667
trace,alpine24,7,1.9,8,1,1,trace,ac,0,0,workflow.serializer.cpu,6,28.9675,29.733916833333332,27.101771,33.1324795,27.05725,33.604459
trace,alpine24,7,1.9,8,1,1,trace,ac,0,0,gpu_ready_to_reduction,6,1.547104,1.7669234999999999,0.870979,2.8826875,0.682583,2.89525
trace,alpine24,7,1.9,8,1,1,trace,ac,0,0,gpu_ready_to_ac_model,6,2.798062,3.0345345,2.069729,4.2358125,1.88275,4.252625
trace,alpine24,7,1.9,8,1,1,trace,ac,0,0,dc_ready_to_dc_model,6,1.2499164999999999,1.2639306666666665,1.1982504999999999,1.3436249999999998,1.197042,1.356417
trace,alpine24,7,1.9,8,1,1,trace,ac,0,0,begin_to_models_done,6,16.929478500000002,17.369624833333333,15.482104,19.697292,15.45625,19.951
trace,alpine24,7,1.9,8,1,1,trace,ac,0,0,dc_group_threads,6,6.0,6,6.0,6.0,6,6
trace,alpine24,7,1.9,8,1,1,trace,ac,1,1,workflow.quantization.cpu,6,276.81750050000005,277.28329183333335,275.9593955,279.0729795,275.845583,279.385459
trace,alpine24,7,1.9,8,1,1,trace,ac,1,1,token.population_reduce.cpu,6,1.188625,1.2217015,1.1419795000000001,1.3345,1.127834,1.413375
trace,alpine24,7,1.9,8,1,1,trace,ac,1,1,dc.prepare.cpu,6,3.5516875,3.6651458333333333,3.2137295000000003,4.2300205,3.21225,4.462916
trace,alpine24,7,1.9,8,1,1,trace,ac,1,1,entropy.dc.cpu,6,4.011854,3.987618,3.8483125,4.1026875,3.815708,4.103167
trace,alpine24,7,1.9,8,1,1,trace,ac,1,1,entropy.ac.cpu,6,9.8883955,9.880992833333334,9.766625000000001,9.987957999999999,9.755333,10.0015
trace,alpine24,7,1.9,8,1,1,trace,ac,1,1,workflow.serializer.cpu,6,26.759187,26.643437166666665,26.200333,26.970791499999997,26.06125,26.984916
trace,alpine24,7,1.9,8,1,1,trace,ac,1,1,gpu_ready_to_reduction,6,0.1201255,0.1141735,0.098083,0.124312,0.084,0.124416
trace,alpine24,7,1.9,8,1,1,trace,ac,1,1,gpu_ready_to_ac_model,6,1.3896875,1.5027916666666667,1.317479,1.8012085,1.309375,2.021167
trace,alpine24,7,1.9,8,1,1,trace,ac,1,1,dc_ready_to_dc_model,6,0.45043750000000005,0.410882,0.17785449999999997,0.6043540000000001,0.034959,0.643083
trace,alpine24,7,1.9,8,1,1,trace,ac,1,1,begin_to_models_done,6,14.895729,14.928694333333333,14.6002915,15.290062500000001,14.595333,15.44275
trace,alpine24,7,1.9,8,1,1,trace,ac,1,1,dc_group_threads,6,6.0,6,6.0,6.0,6,6
trace,campus12,1,1.9,8,1,1,trace,ac,2,2,workflow.quantization.cpu,6,22.417979000000003,23.577784833333332,22.0233335,26.292042000000002,21.948167,28.662
trace,campus12,1,1.9,8,1,1,trace,ac,2,2,token.population_reduce.cpu,6,1.1472704999999999,1.1470556666666667,1.1343334999999999,1.159563,1.130709,1.161042
trace,campus12,1,1.9,8,1,1,trace,ac,2,2,dc.prepare.cpu,6,3.306,3.304514166666667,3.277063,3.3304795,3.270084,3.334792
trace,campus12,1,1.9,8,1,1,trace,ac,2,2,entropy.dc.cpu,6,3.6145835,3.6046110000000002,3.558979,3.6402705,3.528708,3.645916
trace,campus12,1,1.9,8,1,1,trace,ac,2,2,entropy.ac.cpu,6,4.320479000000001,4.3226320000000005,4.2310005,4.4164165,4.213042,4.438375
trace,campus12,1,1.9,8,1,1,trace,ac,2,2,workflow.serializer.cpu,6,16.1101455,16.138971833333333,16.010291,16.296478999999998,15.971541,16.353292
trace,campus12,1,1.9,8,1,1,trace,ac,2,2,gpu_ready_to_reduction,6,0.090625,0.09108316666666667,0.083729,0.0988955,0.080792,0.10025
trace,campus12,1,1.9,8,1,1,trace,ac,2,2,gpu_ready_to_ac_model,6,1.2384784999999998,1.2383816666666667,1.2330415000000001,1.243625,1.228375,1.245041
trace,campus12,1,1.9,8,1,1,trace,ac,2,2,dc_ready_to_dc_model,6,0.000146,0.00015983333333333333,0.00010449999999999999,0.000229,8.4e-05,0.000291
trace,campus12,1,1.9,8,1,1,trace,ac,2,2,begin_to_models_done,6,7.8968745,7.916347166666666,7.8207085,8.0314585,7.764917,8.061333
trace,campus12,1,1.9,8,1,1,trace,ac,2,2,dc_group_threads,6,6.0,6,6.0,6.0,6,6
trace,campus12,1,1.9,8,1,1,trace,ac,0,0,workflow.quantization.cpu,6,22.747,23.081493166666668,22.0924375,24.405042,22.008125,25.318834
trace,campus12,1,1.9,8,1,1,trace,ac,0,0,dc.prepare.cpu,6,3.2976875,3.297041666666667,3.2555625,3.337875,3.237791,3.372875
trace,campus12,1,1.9,8,1,1,trace,ac,0,0,token.population_reduce.cpu,6,1.1240830000000002,1.1214373333333334,1.1072085,1.1330205,1.104417,1.133375
trace,campus12,1,1.9,8,1,1,trace,ac,0,0,entropy.dc.cpu,6,3.7035210000000003,3.7082915,3.615729,3.8056245,3.572042,3.824791
trace,campus12,1,1.9,8,1,1,trace,ac,0,0,entropy.ac.cpu,6,4.4504375,4.453340166666667,4.350375,4.559208,4.2935,4.628
trace,campus12,1,1.9,8,1,1,trace,ac,0,0,workflow.serializer.cpu,6,17.6727705,17.679132,17.6133335,17.751292,17.613333,17.776417
trace,campus12,1,1.9,8,1,1,trace,ac,0,0,gpu_ready_to_reduction,6,1.506792,1.3828683333333334,1.1013755,1.5404375,0.783042,1.569875
trace,campus12,1,1.9,8,1,1,trace,ac,0,0,gpu_ready_to_ac_model,6,2.6597920000000004,2.5349098333333333,2.2601255,2.684812,1.941542,2.707208
trace,campus12,1,1.9,8,1,1,trace,ac,0,0,dc_ready_to_dc_model,6,1.1510205,1.1479236666666668,1.1371045,1.155646,1.13525,1.155917
trace,campus12,1,1.9,8,1,1,trace,ac,0,0,begin_to_models_done,6,9.467103999999999,9.470729333333333,9.3947295,9.550354500000001,9.376,9.624917
trace,campus12,1,1.9,8,1,1,trace,ac,0,0,dc_group_threads,6,6.0,6,6.0,6.0,6,6
trace,campus12,1,1.9,8,1,1,trace,ac,1,1,workflow.quantization.cpu,6,22.422791500000002,22.8778125,22.288417,23.922229,22.189625,25.379042
trace,campus12,1,1.9,8,1,1,trace,ac,1,1,token.population_reduce.cpu,6,1.1452499999999999,1.1553056666666666,1.1397499999999998,1.180917,1.139708,1.203792
trace,campus12,1,1.9,8,1,1,trace,ac,1,1,dc.prepare.cpu,6,3.2917294999999998,3.2985836666666666,3.269438,3.3345835,3.259834,3.340459
trace,campus12,1,1.9,8,1,1,trace,ac,1,1,entropy.dc.cpu,6,3.664333,3.676972,3.6151665,3.7514165000000004,3.605,3.767208
trace,campus12,1,1.9,8,1,1,trace,ac,1,1,entropy.ac.cpu,6,4.395021,4.3956875,4.337229,4.4548125,4.295875,4.502709
trace,campus12,1,1.9,8,1,1,trace,ac,1,1,workflow.serializer.cpu,6,16.5146875,16.541201333333333,16.457208,16.651708499999998,16.433958,16.75
trace,campus12,1,1.9,8,1,1,trace,ac,1,1,gpu_ready_to_reduction,6,0.1027915,0.10139566666666666,0.086562,0.1148335,0.074666,0.124084
trace,campus12,1,1.9,8,1,1,trace,ac,1,1,gpu_ready_to_ac_model,6,1.5804580000000001,1.5767915000000001,1.510146,1.6397705,1.480458,1.644291
trace,campus12,1,1.9,8,1,1,trace,ac,1,1,dc_ready_to_dc_model,6,0.0238335,0.0243195,0.023021,0.026104000000000002,0.022875,0.027083
trace,campus12,1,1.9,8,1,1,trace,ac,1,1,begin_to_models_done,6,8.286562499999999,8.2961665,8.243832999999999,8.358104,8.241791,8.37325
trace,campus12,1,1.9,8,1,1,trace,ac,1,1,dc_group_threads,6,6.0,6,6.0,6.0,6,6
trace,campus12,4,1.9,8,1,1,trace,ac,2,2,workflow.quantization.cpu,6,23.523042,23.651666666666667,23.174625,24.257333000000003,22.913375,24.590416
trace,campus12,4,1.9,8,1,1,trace,ac,2,2,token.population_reduce.cpu,6,1.1372915,1.1474863333333334,1.1322295,1.172938,1.130417,1.195959
trace,campus12,4,1.9,8,1,1,trace,ac,2,2,dc.prepare.cpu,6,3.3306665,3.3533195,3.2991045,3.4301875,3.284125,3.519833
trace,campus12,4,1.9,8,1,1,trace,ac,2,2,entropy.ac.cpu,6,4.3467915,4.3626945,4.255542,4.4857499999999995,4.195167,4.579375
trace,campus12,4,1.9,8,1,1,trace,ac,2,2,entropy.dc.cpu,6,9.453,9.4883195,9.413479500000001,9.598479000000001,9.38475,9.622125
trace,campus12,4,1.9,8,1,1,trace,ac,2,2,workflow.serializer.cpu,6,21.723104,21.715111,21.5665415,21.855687500000002,21.551375,21.946959
trace,campus12,4,1.9,8,1,1,trace,ac,2,2,gpu_ready_to_reduction,6,0.09306249999999999,0.09268733333333333,0.08137449999999999,0.103625,0.076166,0.104083
trace,campus12,4,1.9,8,1,1,trace,ac,2,2,gpu_ready_to_ac_model,6,1.237104,1.2405136666666667,1.21625,1.2681870000000002,1.207083,1.295708
trace,campus12,4,1.9,8,1,1,trace,ac,2,2,dc_ready_to_dc_model,6,0.000271,0.000264,0.00016649999999999998,0.0003545,0.000166,0.000375
trace,campus12,4,1.9,8,1,1,trace,ac,2,2,begin_to_models_done,6,13.4319375,13.421541833333333,13.282521,13.550167,13.240667,13.567917
trace,campus12,4,1.9,8,1,1,trace,ac,2,2,dc_group_threads,6,6.0,6,6.0,6.0,6,6
trace,campus12,4,1.9,8,1,1,trace,ac,0,0,workflow.quantization.cpu,6,23.580937499999997,23.631694500000002,23.3601045,23.954041500000002,23.354584,24.144041
trace,campus12,4,1.9,8,1,1,trace,ac,0,0,dc.prepare.cpu,6,3.307979,3.311444333333333,3.3043750000000003,3.321979,3.304042,3.3255
trace,campus12,4,1.9,8,1,1,trace,ac,0,0,token.population_reduce.cpu,6,1.1268335,1.1389725,1.118063,1.172021,1.117042,1.185292
trace,campus12,4,1.9,8,1,1,trace,ac,0,0,entropy.ac.cpu,6,4.4449165,4.449985833333333,4.3348745,4.5701665,4.313041,4.659875
trace,campus12,4,1.9,8,1,1,trace,ac,0,0,entropy.dc.cpu,6,9.616208,9.642965166666666,9.3775,9.935187500000001,9.3745,10.069041
trace,campus12,4,1.9,8,1,1,trace,ac,0,0,workflow.serializer.cpu,6,22.9469375,23.002215166666666,22.672125,23.387583,22.663833,23.589083
trace,campus12,4,1.9,8,1,1,trace,ac,0,0,gpu_ready_to_reduction,6,1.578916,1.58443,1.549062,1.625312,1.547208,1.625833
trace,campus12,4,1.9,8,1,1,trace,ac,0,0,gpu_ready_to_ac_model,6,2.754208,2.7535344999999998,2.7323125,2.774083,2.72675,2.77875
trace,campus12,4,1.9,8,1,1,trace,ac,0,0,dc_ready_to_dc_model,6,1.1557084999999998,1.1675278333333334,1.1429375,1.2039375,1.14125,1.21775
trace,campus12,4,1.9,8,1,1,trace,ac,0,0,begin_to_models_done,6,14.638479,14.683347166666668,14.429124999999999,14.9824375,14.424625,15.15725
trace,campus12,4,1.9,8,1,1,trace,ac,0,0,dc_group_threads,6,6.0,6,6.0,6.0,6,6
trace,campus12,4,1.9,8,1,1,trace,ac,1,1,workflow.quantization.cpu,6,23.5278125,23.535694666666664,23.233625,23.8456465,23.0745,23.914209
trace,campus12,4,1.9,8,1,1,trace,ac,1,1,token.population_reduce.cpu,6,1.1450624999999999,1.1580833333333334,1.140271,1.1889165,1.139958,1.21625
trace,campus12,4,1.9,8,1,1,trace,ac,1,1,dc.prepare.cpu,6,3.338521,3.335361166666667,3.3136460000000003,3.3539165,3.307917,3.35525
trace,campus12,4,1.9,8,1,1,trace,ac,1,1,entropy.ac.cpu,6,4.4389585,4.4529515,4.324146000000001,4.595750000000001,4.301667,4.711958
trace,campus12,4,1.9,8,1,1,trace,ac,1,1,entropy.dc.cpu,6,9.425625,9.430041666666666,9.300520500000001,9.5639795,9.2555,9.575084
trace,campus12,4,1.9,8,1,1,trace,ac,1,1,workflow.serializer.cpu,6,21.6528545,21.667750333333334,21.5068545,21.843542,21.462667,21.845459
trace,campus12,4,1.9,8,1,1,trace,ac,1,1,gpu_ready_to_reduction,6,0.09193699999999999,0.08974266666666667,0.081958,0.095333,0.081416,0.097041
trace,campus12,4,1.9,8,1,1,trace,ac,1,1,gpu_ready_to_ac_model,6,1.649958,1.6837705,1.511854,1.8894994999999999,1.439083,2.065333
trace,campus12,4,1.9,8,1,1,trace,ac,1,1,dc_ready_to_dc_model,6,0.024375,0.025291666666666667,0.0230205,0.0284795,0.022083,0.032042
trace,campus12,4,1.9,8,1,1,trace,ac,1,1,begin_to_models_done,6,13.356667,13.362548833333333,13.2267295,13.504249999999999,13.162709,13.531625
trace,campus12,4,1.9,8,1,1,trace,ac,1,1,dc_group_threads,6,6.0,6,6.0,6.0,6,6
trace,campus12,7,1.9,8,1,1,trace,ac,2,2,workflow.quantization.cpu,6,155.063958,155.65103466666667,154.6676875,157.22145849999998,154.60925,157.805917
trace,campus12,7,1.9,8,1,1,trace,ac,2,2,token.population_reduce.cpu,6,1.1929375000000002,1.234521,1.175042,1.3355835,1.172625,1.362417
trace,campus12,7,1.9,8,1,1,trace,ac,2,2,dc.prepare.cpu,6,3.368708,3.6226943333333335,3.250771,4.248604,3.236417,4.462708
trace,campus12,7,1.9,8,1,1,trace,ac,2,2,entropy.dc.cpu,6,2.731125,2.9193541666666665,2.608875,3.4180625,2.598041,3.64775
trace,campus12,7,1.9,8,1,1,trace,ac,2,2,entropy.ac.cpu,6,11.0179375,11.684486333333334,10.652167,13.3833545,10.602209,14.104959
trace,campus12,7,1.9,8,1,1,trace,ac,2,2,workflow.serializer.cpu,6,23.260479500000002,24.333104166666665,22.570708,27.168125,22.500541,28.33275
trace,campus12,7,1.9,8,1,1,trace,ac,2,2,gpu_ready_to_reduction,6,0.097416,0.09845083333333333,0.0832495,0.11468700000000001,0.082916,0.116416
trace,campus12,7,1.9,8,1,1,trace,ac,2,2,gpu_ready_to_ac_model,6,1.292937,1.3332495,1.263083,1.4437285,1.256416,1.475541
trace,campus12,7,1.9,8,1,1,trace,ac,2,2,dc_ready_to_dc_model,6,0.000167,0.00015983333333333333,6.3e-05,0.0002495,4.2e-05,0.000291
trace,campus12,7,1.9,8,1,1,trace,ac,2,2,begin_to_models_done,6,14.596146,15.247874833333334,13.854895500000001,17.292583,13.792875,18.055375
trace,campus12,7,1.9,8,1,1,trace,ac,2,2,dc_group_threads,6,6.0,6,6.0,6.0,6,6
trace,campus12,7,1.9,8,1,1,trace,ac,0,0,workflow.quantization.cpu,6,156.02502049999998,156.51775016666667,155.43877099999997,158.089459,155.253167,159.298584
trace,campus12,7,1.9,8,1,1,trace,ac,0,0,dc.prepare.cpu,6,3.6689375,3.7910833333333334,3.256958,4.447354499999999,3.239916,4.451667
trace,campus12,7,1.9,8,1,1,trace,ac,0,0,token.population_reduce.cpu,6,1.2146249999999998,1.231646,1.1642085,1.3161045,1.153875,1.333584
trace,campus12,7,1.9,8,1,1,trace,ac,0,0,entropy.dc.cpu,6,2.9108335,2.9186805,2.5427915,3.3024165,2.537708,3.431333
trace,campus12,7,1.9,8,1,1,trace,ac,0,0,entropy.ac.cpu,6,11.797104000000001,12.017020833333333,10.79175,13.4622085,10.772875,13.503125
trace,campus12,7,1.9,8,1,1,trace,ac,0,0,workflow.serializer.cpu,6,26.548958499999998,27.085361,24.576396,30.1307285,24.570458,30.147541
trace,campus12,7,1.9,8,1,1,trace,ac,0,0,gpu_ready_to_reduction,6,2.0616665000000003,2.1936595,1.631708,2.887604,1.562458,2.919667
trace,campus12,7,1.9,8,1,1,trace,ac,0,0,gpu_ready_to_ac_model,6,3.3091875,3.4613958333333334,2.82475,4.25025,2.7655,4.262959
trace,campus12,7,1.9,8,1,1,trace,ac,0,0,dc_ready_to_dc_model,6,1.246125,1.2651946666666667,1.191792,1.357667,1.181375,1.373792
trace,campus12,7,1.9,8,1,1,trace,ac,0,0,begin_to_models_done,6,17.446896000000002,17.8950625,16.010729,20.227562499999998,15.97375,20.261625
trace,campus12,7,1.9,8,1,1,trace,ac,0,0,dc_group_threads,6,6.0,6,6.0,6.0,6,6
trace,campus12,7,1.9,8,1,1,trace,ac,1,1,workflow.quantization.cpu,6,155.3824795,155.246896,154.6325,155.7257085,154.481292,155.955
trace,campus12,7,1.9,8,1,1,trace,ac,1,1,token.population_reduce.cpu,6,1.178979,1.1975418333333334,1.1633545,1.250292,1.161917,1.317667
trace,campus12,7,1.9,8,1,1,trace,ac,1,1,dc.prepare.cpu,6,3.2646249999999997,3.4195206666666667,3.2431460000000003,3.750791,3.240333,4.195291
trace,campus12,7,1.9,8,1,1,trace,ac,1,1,entropy.dc.cpu,6,2.6484170000000002,2.7405556666666664,2.614792,2.958458,2.605667,3.231041
trace,campus12,7,1.9,8,1,1,trace,ac,1,1,entropy.ac.cpu,6,10.9334165,11.2484445,10.744292000000002,12.067625,10.671084,12.661375
trace,campus12,7,1.9,8,1,1,trace,ac,1,1,workflow.serializer.cpu,6,23.795,24.3327225,23.376583500000002,25.826584,23.231083,27.258959
trace,campus12,7,1.9,8,1,1,trace,ac,1,1,gpu_ready_to_reduction,6,0.099541,0.0979095,0.08993799999999999,0.1042495,0.089459,0.105416
trace,campus12,7,1.9,8,1,1,trace,ac,1,1,gpu_ready_to_ac_model,6,1.7181245,1.8724511666666666,1.663708,2.235521,1.646625,2.68375
trace,campus12,7,1.9,8,1,1,trace,ac,1,1,dc_ready_to_dc_model,6,0.0245625,0.024722333333333332,0.0221665,0.027438,0.022042,0.028084
trace,campus12,7,1.9,8,1,1,trace,ac,1,1,begin_to_models_done,6,14.901229,15.4392015,14.7409585,16.675417,14.657209,17.784709
trace,campus12,7,1.9,8,1,1,trace,ac,1,1,dc_group_threads,6,6.0,6,6.0,6.0,6,6
trace,clic_a,1,1.9,8,1,1,trace,battery,2,2,workflow.quantization.cpu,6,13.0762705,12.663701333333334,10.0463335,14.868500000000001,7.124417,15.245375
trace,clic_a,1,1.9,8,1,1,trace,battery,2,2,token.population_reduce.cpu,6,1.2780624999999999,1.2682848333333334,1.2288335,1.2979585,1.209667,1.311625
trace,clic_a,1,1.9,8,1,1,trace,battery,2,2,dc.prepare.cpu,6,3.262375,3.2662846666666665,3.2268125000000003,3.3096665,3.22125,3.311208
trace,clic_a,1,1.9,8,1,1,trace,battery,2,2,entropy.dc.cpu,6,1.6133544999999998,1.6127708333333333,1.5647915000000001,1.6601664999999999,1.547041,1.690666
trace,clic_a,1,1.9,8,1,1,trace,battery,2,2,entropy.ac.cpu,6,3.3100415,3.301271,3.2218755000000003,3.371896,3.165417,3.373792
trace,clic_a,1,1.9,8,1,1,trace,battery,2,2,workflow.serializer.cpu,6,10.378729,10.506430333333334,9.661958,11.478604,9.123291,12.247417
trace,clic_a,1,1.9,8,1,1,trace,battery,2,2,gpu_ready_to_reduction,6,0.104125,0.10486116666666667,0.0884795,0.121979,0.075709,0.138042
trace,clic_a,1,1.9,8,1,1,trace,battery,2,2,gpu_ready_to_ac_model,6,1.381958,1.3734443333333333,1.3358124999999998,1.4025625,1.32375,1.415417
trace,clic_a,1,1.9,8,1,1,trace,battery,2,2,dc_ready_to_dc_model,6,2.05e-05,6.233333333333334e-05,0.0,0.00016649999999999998,0.0,0.00025
trace,clic_a,1,1.9,8,1,1,trace,battery,2,2,begin_to_models_done,6,6.542583499999999,6.727243166666667,5.9957080000000005,7.643438,5.501791,8.500959
trace,clic_a,1,1.9,8,1,1,trace,battery,2,2,dc_group_threads,6,1.0,1,1.0,1.0,1,1
trace,clic_a,1,1.9,8,1,1,trace,battery,0,0,workflow.quantization.cpu,6,13.302583,11.872479,7.0407709999999994,15.274083000000001,6.388292,15.301791
trace,clic_a,1,1.9,8,1,1,trace,battery,0,0,dc.prepare.cpu,6,3.2356249999999998,3.247923666666667,3.2280625,3.2800835,3.223417,3.291
trace,clic_a,1,1.9,8,1,1,trace,battery,0,0,token.population_reduce.cpu,6,1.286479,1.2665345000000001,1.186104,1.3270205000000002,1.117166,1.358125
trace,clic_a,1,1.9,8,1,1,trace,battery,0,0,entropy.dc.cpu,6,1.564625,1.5676456666666667,1.5350830000000002,1.603229,1.519041,1.607083
trace,clic_a,1,1.9,8,1,1,trace,battery,0,0,entropy.ac.cpu,6,3.2806465,3.318757166666667,3.237729,3.4378960000000003,3.226708,3.462375
trace,clic_a,1,1.9,8,1,1,trace,battery,0,0,workflow.serializer.cpu,6,11.9001255,11.896861333333334,11.6755835,12.114875000000001,11.568125,12.126333
trace,clic_a,1,1.9,8,1,1,trace,battery,0,0,gpu_ready_to_reduction,6,1.6966875,1.7697638333333334,1.5455625,2.0670415,1.444417,2.41325
trace,clic_a,1,1.9,8,1,1,trace,battery,0,0,gpu_ready_to_ac_model,6,3.0122705,3.076847,2.871479,3.3467915,2.774417,3.56525
trace,clic_a,1,1.9,8,1,1,trace,battery,0,0,dc_ready_to_dc_model,6,1.321854,1.3017915,1.2157915,1.367729,1.145583,1.401
trace,clic_a,1,1.9,8,1,1,trace,battery,0,0,begin_to_models_done,6,8.089770999999999,8.113402833333334,7.930625,8.3198125,7.846292,8.363584
trace,clic_a,1,1.9,8,1,1,trace,battery,0,0,dc_group_threads,6,1.0,1,1.0,1.0,1,1
trace,clic_a,1,1.9,8,1,1,trace,battery,1,1,workflow.quantization.cpu,6,13.1859585,12.3833125,9.673833,14.290146,6.434708,14.340875
trace,clic_a,1,1.9,8,1,1,trace,battery,1,1,token.population_reduce.cpu,6,1.2861875,1.2575764999999999,1.194771,1.291771,1.155667,1.292792
trace,clic_a,1,1.9,8,1,1,trace,battery,1,1,dc.prepare.cpu,6,3.2512915,3.2668401666666664,3.2250415,3.3241875,3.215208,3.369083
trace,clic_a,1,1.9,8,1,1,trace,battery,1,1,entropy.dc.cpu,6,1.6180620000000001,1.5992498333333334,1.5171459999999999,1.6625415000000001,1.50425,1.698041
trace,clic_a,1,1.9,8,1,1,trace,battery,1,1,entropy.ac.cpu,6,3.3383335,3.3454235,3.2632705,3.4346664999999996,3.257791,3.472333
trace,clic_a,1,1.9,8,1,1,trace,battery,1,1,workflow.serializer.cpu,6,10.728021,10.770659666666667,10.5077915,11.0761665,10.479166,11.25475
trace,clic_a,1,1.9,8,1,1,trace,battery,1,1,gpu_ready_to_reduction,6,0.10458300000000001,0.104229,0.091229,0.116875,0.089708,0.119375
trace,clic_a,1,1.9,8,1,1,trace,battery,1,1,gpu_ready_to_ac_model,6,1.509459,1.6790835,1.454021,2.0737705,1.452833,2.507
trace,clic_a,1,1.9,8,1,1,trace,battery,1,1,dc_ready_to_dc_model,6,0.0308125,0.12914583333333332,0.0277085,0.32891649999999995,0.026959,0.617416
trace,clic_a,1,1.9,8,1,1,trace,battery,1,1,begin_to_models_done,6,6.946146000000001,7.005333333333334,6.779958000000001,7.289896,6.767,7.523292
trace,clic_a,1,1.9,8,1,1,trace,battery,1,1,dc_group_threads,6,1.0,1,1.0,1.0,1,1
trace,clic_a,4,1.9,8,1,1,trace,ac,2,2,workflow.quantization.cpu,6,6.9456245,6.9662500000000005,6.631792,7.3213335,6.493417,7.550709
trace,clic_a,4,1.9,8,1,1,trace,ac,2,2,token.population_reduce.cpu,6,1.1244580000000002,1.133986,1.04325,1.2342499999999998,0.999083,1.256417
trace,clic_a,4,1.9,8,1,1,trace,ac,2,2,dc.prepare.cpu,6,2.4047080000000003,2.4289651666666665,2.3562295,2.525958,2.354917,2.617708
trace,clic_a,4,1.9,8,1,1,trace,ac,2,2,entropy.ac.cpu,6,2.5940000000000003,2.6012641666666667,2.5495840000000003,2.6602085,2.549459,2.682125
trace,clic_a,4,1.9,8,1,1,trace,ac,2,2,entropy.dc.cpu,6,3.0769785,3.1013748333333333,3.0179584999999998,3.2091874999999996,3.001667,3.295292
trace,clic_a,4,1.9,8,1,1,trace,ac,2,2,workflow.serializer.cpu,6,8.401646,8.464264166666666,8.2923755,8.698771,8.271584,8.93075
trace,clic_a,4,1.9,8,1,1,trace,ac,2,2,gpu_ready_to_reduction,6,0.0866875,0.08603483333333334,0.078292,0.093125,0.077375,0.09525
trace,clic_a,4,1.9,8,1,1,trace,ac,2,2,gpu_ready_to_ac_model,6,1.210937,1.2203261666666667,1.1307285,1.319313,1.090166,1.346959
trace,clic_a,4,1.9,8,1,1,trace,ac,2,2,dc_ready_to_dc_model,6,6.25e-05,0.00013216666666666666,4.2e-05,0.000292,4.2e-05,0.000417
trace,clic_a,4,1.9,8,1,1,trace,ac,2,2,begin_to_models_done,6,5.662083,5.709145833333333,5.5424585,5.922896,5.526417,6.106709
trace,clic_a,4,1.9,8,1,1,trace,ac,2,2,dc_group_threads,6,1.0,1,1.0,1.0,1,1
trace,clic_a,4,1.9,8,1,1,trace,ac,0,0,workflow.quantization.cpu,6,7.096896,7.0735418333333335,6.6118749999999995,7.5118545,6.488125,7.688042
trace,clic_a,4,1.9,8,1,1,trace,ac,0,0,dc.prepare.cpu,6,2.346167,2.3423891666666665,2.3213335,2.359667,2.3195,2.364834
trace,clic_a,4,1.9,8,1,1,trace,ac,0,0,token.population_reduce.cpu,6,1.092,1.0871735,1.0435205,1.126,1.008875,1.154125
trace,clic_a,4,1.9,8,1,1,trace,ac,0,0,entropy.ac.cpu,6,2.471917,2.5461251666666667,2.451146,2.7153125,2.448417,2.842833
trace,clic_a,4,1.9,8,1,1,trace,ac,0,0,entropy.dc.cpu,6,3.144979,3.1571875,3.124875,3.2017085,3.123833,3.234417
trace,clic_a,4,1.9,8,1,1,trace,ac,0,0,workflow.serializer.cpu,6,9.5381875,9.522465166666667,9.4466875,9.5825205,9.366625,9.620083
trace,clic_a,4,1.9,8,1,1,trace,ac,0,0,gpu_ready_to_reduction,6,1.9302705,1.8758193333333333,1.7525835,1.944604,1.589417,1.946708
trace,clic_a,4,1.9,8,1,1,trace,ac,0,0,gpu_ready_to_ac_model,6,3.049562,2.996354,2.8358335,3.1036665,2.632959,3.133125
trace,clic_a,4,1.9,8,1,1,trace,ac,0,0,dc_ready_to_dc_model,6,1.121687,1.1157358333333334,1.071229,1.1542914999999998,1.03875,1.182667
trace,clic_a,4,1.9,8,1,1,trace,ac,0,0,begin_to_models_done,6,6.760104,6.778187333333333,6.7015835,6.8728745,6.672583,6.894583
trace,clic_a,4,1.9,8,1,1,trace,ac,0,0,dc_group_threads,6,1.0,1,1.0,1.0,1,1
trace,clic_a,4,1.9,8,1,1,trace,ac,1,1,workflow.quantization.cpu,6,6.7340625,6.742527833333333,6.499146,6.994375,6.489042,7.040958
trace,clic_a,4,1.9,8,1,1,trace,ac,1,1,token.population_reduce.cpu,6,1.074458,1.0536524999999999,0.9525205,1.133979,0.919916,1.135708
trace,clic_a,4,1.9,8,1,1,trace,ac,1,1,dc.prepare.cpu,6,2.3495,2.3581596666666664,2.3390625,2.3859165,2.337375,2.389958
trace,clic_a,4,1.9,8,1,1,trace,ac,1,1,entropy.ac.cpu,6,2.5125205,2.5211805000000003,2.4404165000000004,2.6106045,2.429708,2.652292
trace,clic_a,4,1.9,8,1,1,trace,ac,1,1,entropy.dc.cpu,6,3.1216665,3.1255691666666667,2.990687,3.264354,2.942208,3.270166
trace,clic_a,4,1.9,8,1,1,trace,ac,1,1,workflow.serializer.cpu,6,8.4002915,8.44684,8.272562,8.6676665,8.177708,8.753125
trace,clic_a,4,1.9,8,1,1,trace,ac,1,1,gpu_ready_to_reduction,6,0.0967295,0.09770166666666666,0.0853335,0.111042,0.075833,0.118
trace,clic_a,4,1.9,8,1,1,trace,ac,1,1,gpu_ready_to_ac_model,6,1.9823335,1.857264,1.5750834999999999,2.0143750000000002,1.526459,2.037833
trace,clic_a,4,1.9,8,1,1,trace,ac,1,1,dc_ready_to_dc_model,6,0.020458499999999998,0.021423833333333333,0.0187295,0.0250835,0.018625,0.025833
trace,clic_a,4,1.9,8,1,1,trace,ac,1,1,begin_to_models_done,6,5.6547909999999995,5.678749666666667,5.5244789999999995,5.856979,5.475833,5.863958
trace,clic_a,4,1.9,8,1,1,trace,ac,1,1,dc_group_threads,6,1.0,1,1.0,1.0,1,1
trace,clic_a,7,1.9,8,1,1,trace,battery,2,2,workflow.quantization.cpu,6,67.4186045,68.795028,62.189417000000006,76.7770625,61.07775,82.348125
trace,clic_a,7,1.9,8,1,1,trace,battery,2,2,token.population_reduce.cpu,6,1.5451044999999999,1.5953473333333332,1.364833,1.8761044999999998,1.347583,2.150334
trace,clic_a,7,1.9,8,1,1,trace,battery,2,2,dc.prepare.cpu,6,3.7718125000000002,3.7218821666666666,2.9325840000000003,4.46125,2.921084,4.90725
trace,clic_a,7,1.9,8,1,1,trace,battery,2,2,entropy.dc.cpu,6,1.5285834999999999,1.5577638333333332,1.3193329999999999,1.825375,1.289208,1.9645
trace,clic_a,7,1.9,8,1,1,trace,battery,2,2,entropy.ac.cpu,6,5.647291,5.702576166666667,4.715083,6.7453544999999995,4.68225,7.674542
trace,clic_a,7,1.9,8,1,1,trace,battery,2,2,workflow.serializer.cpu,6,12.166604,12.606270833333333,10.469312500000001,15.182896,10.44475,17.686542
trace,clic_a,7,1.9,8,1,1,trace,battery,2,2,gpu_ready_to_reduction,6,0.0929375,0.09426383333333332,0.077625,0.112229,0.0775,0.122
trace,clic_a,7,1.9,8,1,1,trace,battery,2,2,gpu_ready_to_ac_model,6,1.639271,1.6900348333333333,1.442625,1.9882084999999998,1.425125,2.273917
trace,clic_a,7,1.9,8,1,1,trace,battery,2,2,dc_ready_to_dc_model,6,0.00016649999999999998,0.0001875,2.05e-05,0.00037549999999999997,0.0,0.000542
trace,clic_a,7,1.9,8,1,1,trace,battery,2,2,begin_to_models_done,6,8.2626455,8.412361,6.979354000000001,9.9950835,6.924375,11.505625
trace,clic_a,7,1.9,8,1,1,trace,battery,2,2,dc_group_threads,6,1.0,1,1.0,1.0,1,1
trace,clic_a,7,1.9,8,1,1,trace,battery,0,0,workflow.quantization.cpu,6,69.7823335,69.2073055,65.1582915,72.6812915,64.449458,73.812
trace,clic_a,7,1.9,8,1,1,trace,battery,0,0,dc.prepare.cpu,6,3.7669165,3.6443195,3.094646,4.071396,2.94775,4.144417
trace,clic_a,7,1.9,8,1,1,trace,battery,0,0,token.population_reduce.cpu,6,1.4839164999999999,1.4510346666666667,1.3166665,1.552521,1.307167,1.56925
trace,clic_a,7,1.9,8,1,1,trace,battery,0,0,entropy.dc.cpu,6,1.6078955000000001,1.5480693333333333,1.279396,1.7569165,1.278792,1.880875
trace,clic_a,7,1.9,8,1,1,trace,battery,0,0,entropy.ac.cpu,6,5.306833,5.373889,4.708292,6.106541999999999,4.704917,6.45175
trace,clic_a,7,1.9,8,1,1,trace,battery,0,0,workflow.serializer.cpu,6,14.6329995,14.6435765,12.8677715,16.4299585,12.690209,17.355667
trace,clic_a,7,1.9,8,1,1,trace,battery,0,0,gpu_ready_to_reduction,6,3.0122085,2.9597918333333335,2.497146,3.370021,2.460167,3.454875
trace,clic_a,7,1.9,8,1,1,trace,battery,0,0,gpu_ready_to_ac_model,6,4.543667,4.463395833333333,3.85825,4.9882705000000005,3.813167,5.098791
trace,clic_a,7,1.9,8,1,1,trace,battery,0,0,dc_ready_to_dc_model,6,1.5240420000000001,1.4977501666666666,1.355375,1.6138335000000001,1.347042,1.641542
trace,clic_a,7,1.9,8,1,1,trace,battery,0,0,begin_to_models_done,6,10.824083,10.737652833333334,9.3517505,12.037125,9.205084,12.498291
trace,clic_a,7,1.9,8,1,1,trace,battery,0,0,dc_group_threads,6,1.0,1,1.0,1.0,1,1
trace,clic_a,7,1.9,8,1,1,trace,battery,1,1,workflow.quantization.cpu,6,66.639125,67.3551805,64.029729,71.3966875,63.259083,71.840167
trace,clic_a,7,1.9,8,1,1,trace,battery,1,1,token.population_reduce.cpu,6,1.418375,1.4600693333333332,1.359604,1.602229,1.352125,1.671333
trace,clic_a,7,1.9,8,1,1,trace,battery,1,1,dc.prepare.cpu,6,3.320896,3.4242986666666666,3.099625,3.852375,2.952,4.092167
trace,clic_a,7,1.9,8,1,1,trace,battery,1,1,entropy.dc.cpu,6,1.4076045000000001,1.4044096666666666,1.297479,1.5081455,1.290625,1.569125
trace,clic_a,7,1.9,8,1,1,trace,battery,1,1,entropy.ac.cpu,6,5.130125,5.148146,4.8452295,5.4690835,4.696542,5.742167
trace,clic_a,7,1.9,8,1,1,trace,battery,1,1,workflow.serializer.cpu,6,12.492333,12.6366455,11.838333,13.5792705,11.5525,14.120875
trace,clic_a,7,1.9,8,1,1,trace,battery,1,1,gpu_ready_to_reduction,6,0.096833,0.09506916666666666,0.0814995,0.106875,0.080333,0.108542
trace,clic_a,7,1.9,8,1,1,trace,battery,1,1,gpu_ready_to_ac_model,6,2.7664375,2.864604,2.4787290000000004,3.3486455,2.315291,3.458666
trace,clic_a,7,1.9,8,1,1,trace,battery,1,1,dc_ready_to_dc_model,6,0.0348545,0.0372015,0.028833499999999998,0.0479165,0.028625,0.048375
trace,clic_a,7,1.9,8,1,1,trace,battery,1,1,begin_to_models_done,6,8.7313335,8.841347166666667,8.187375,9.605333,7.867917,10.139333
trace,clic_a,7,1.9,8,1,1,trace,battery,1,1,dc_group_threads,6,1.0,1,1.0,1.0,1,1
trace,clic_b,1,1.9,8,1,1,trace,ac,2,2,workflow.quantization.cpu,6,6.177375,7.177131833333333,5.562374500000001,9.791646,5.426916,12.545167
trace,clic_b,1,1.9,8,1,1,trace,ac,2,2,token.population_reduce.cpu,6,1.1194995,1.1303746666666667,1.108708,1.1629165000000001,1.107833,1.172083
trace,clic_b,1,1.9,8,1,1,trace,ac,2,2,dc.prepare.cpu,6,2.5925415000000003,2.6057083333333333,2.5613125,2.663271,2.55575,2.695459
trace,clic_b,1,1.9,8,1,1,trace,ac,2,2,entropy.dc.cpu,6,1.3215625,1.3225623333333334,1.2907704999999998,1.3553540000000002,1.287583,1.366208
trace,clic_b,1,1.9,8,1,1,trace,ac,2,2,entropy.ac.cpu,6,3.1789794999999996,3.1880278333333334,3.1106245,3.2744795,3.094583,3.285667
trace,clic_b,1,1.9,8,1,1,trace,ac,2,2,workflow.serializer.cpu,6,10.502374499999998,10.556617833333332,10.2023125,10.965166499999999,10.193916,11.222458
trace,clic_b,1,1.9,8,1,1,trace,ac,2,2,gpu_ready_to_reduction,6,0.086625,0.09004866666666667,0.084375,0.099146,0.083125,0.108084
trace,clic_b,1,1.9,8,1,1,trace,ac,2,2,gpu_ready_to_ac_model,6,1.2135835,1.2206595,1.196958,1.2514370000000001,1.195333,1.258708
trace,clic_b,1,1.9,8,1,1,trace,ac,2,2,dc_ready_to_dc_model,6,8.3e-05,9.733333333333333e-05,4.2e-05,0.000167,4.2e-05,0.00025
trace,clic_b,1,1.9,8,1,1,trace,ac,2,2,begin_to_models_done,6,5.2802085000000005,5.389111166666667,5.0960835,5.7910415,5.0855,6.05475
trace,clic_b,1,1.9,8,1,1,trace,ac,2,2,dc_group_threads,6,1.0,1,1.0,1.0,1,1
trace,clic_b,1,1.9,8,1,1,trace,ac,0,0,workflow.quantization.cpu,6,5.964665999999999,6.4651315,5.643833,7.7868955,5.556833,9.302583
trace,clic_b,1,1.9,8,1,1,trace,ac,0,0,dc.prepare.cpu,6,2.5804165,2.5829443333333333,2.5462914999999997,2.622125,2.541333,2.628375
trace,clic_b,1,1.9,8,1,1,trace,ac,0,0,token.population_reduce.cpu,6,1.1089375000000001,1.0848195,1.025146,1.120375,1.001,1.130375
trace,clic_b,1,1.9,8,1,1,trace,ac,0,0,entropy.dc.cpu,6,1.365479,1.3523541666666667,1.304438,1.3871455,1.279417,1.393208
trace,clic_b,1,1.9,8,1,1,trace,ac,0,0,entropy.ac.cpu,6,3.187354,3.185166666666667,3.1195000000000004,3.248646,3.106167,3.249458
trace,clic_b,1,1.9,8,1,1,trace,ac,0,0,workflow.serializer.cpu,6,12.223895500000001,12.261208166666666,12.0885415,12.4711875,12.078833,12.506791
trace,clic_b,1,1.9,8,1,1,trace,ac,0,0,gpu_ready_to_reduction,6,1.9714369999999999,1.7702498333333334,1.3568335,1.982479,1.321417,1.986042
trace,clic_b,1,1.9,8,1,1,trace,ac,0,0,gpu_ready_to_ac_model,6,3.0331665,2.8895208333333335,2.5011045000000003,3.1342915,2.464084,3.149125
trace,clic_b,1,1.9,8,1,1,trace,ac,0,0,dc_ready_to_dc_model,6,1.1379169999999998,1.1150558333333334,1.0557085000000002,1.151542,1.032208,1.159667
trace,clic_b,1,1.9,8,1,1,trace,ac,0,0,begin_to_models_done,6,7.0729795,7.073597333333334,6.9479165,7.199896000000001,6.943458,7.221625
trace,clic_b,1,1.9,8,1,1,trace,ac,0,0,dc_group_threads,6,1.0,1,1.0,1.0,1,1
trace,clic_b,1,1.9,8,1,1,trace,ac,1,1,workflow.quantization.cpu,6,6.248813,6.342034833333333,5.6495625,7.127729,5.321417,7.434416
trace,clic_b,1,1.9,8,1,1,trace,ac,1,1,token.population_reduce.cpu,6,1.118375,1.1045208333333334,1.0531665000000001,1.1420210000000002,1.003208,1.158959
trace,clic_b,1,1.9,8,1,1,trace,ac,1,1,dc.prepare.cpu,6,2.5601045,2.580534833333333,2.546354,2.6351459999999998,2.543916,2.685333
trace,clic_b,1,1.9,8,1,1,trace,ac,1,1,entropy.dc.cpu,6,1.285479,1.2909721666666667,1.2626875000000002,1.3247499999999999,1.240417,1.352083
trace,clic_b,1,1.9,8,1,1,trace,ac,1,1,entropy.ac.cpu,6,3.1295,3.1396875,3.1049165,3.184646,3.102,3.191875
trace,clic_b,1,1.9,8,1,1,trace,ac,1,1,workflow.serializer.cpu,6,11.070896000000001,11.1090695,11.020417,11.2358955,11.010292,11.386291
trace,clic_b,1,1.9,8,1,1,trace,ac,1,1,gpu_ready_to_reduction,6,0.08435400000000001,0.0830555,0.07500000000000001,0.08981249999999999,0.069583,0.093958
trace,clic_b,1,1.9,8,1,1,trace,ac,1,1,gpu_ready_to_ac_model,6,1.9916665,1.9249026666666667,1.761542,2.0214995,1.695459,2.030291
trace,clic_b,1,1.9,8,1,1,trace,ac,1,1,dc_ready_to_dc_model,6,0.0205415,0.021222333333333333,0.019729,0.0233965,0.01925,0.026084
trace,clic_b,1,1.9,8,1,1,trace,ac,1,1,begin_to_models_done,6,5.907958,5.944034666666667,5.89175,6.032396,5.8905,6.129625
trace,clic_b,1,1.9,8,1,1,trace,ac,1,1,dc_group_threads,6,1.0,1,1.0,1.0,1,1
trace,clic_b,4,1.9,8,1,1,trace,battery,2,2,workflow.quantization.cpu,6,9.1500205,9.439930333333333,8.132583,11.0371875,7.483833,11.240375
trace,clic_b,4,1.9,8,1,1,trace,battery,2,2,token.population_reduce.cpu,6,1.2803335,1.2720695,1.238896,1.2969789999999999,1.229917,1.301875
trace,clic_b,4,1.9,8,1,1,trace,battery,2,2,dc.prepare.cpu,6,3.6382505,3.6389446666666667,3.628729,3.6498545,3.62625,3.659834
trace,clic_b,4,1.9,8,1,1,trace,battery,2,2,entropy.ac.cpu,6,4.395250000000001,4.371972,4.306312,4.4143539999999994,4.305208,4.421875
trace,clic_b,4,1.9,8,1,1,trace,battery,2,2,entropy.dc.cpu,6,4.965583499999999,4.8933335,4.726979,4.987438,4.695291,5.002959
trace,clic_b,4,1.9,8,1,1,trace,battery,2,2,workflow.serializer.cpu,6,15.956187499999999,15.919951333333334,15.808686999999999,15.9949795,15.789208,15.999459
trace,clic_b,4,1.9,8,1,1,trace,battery,2,2,gpu_ready_to_reduction,6,0.102041,0.10043033333333333,0.0962085,0.1030415,0.095792,0.10325
trace,clic_b,4,1.9,8,1,1,trace,battery,2,2,gpu_ready_to_ac_model,6,1.379937,1.3726386666666668,1.3377915,1.4001875,1.32575,1.404875
trace,clic_b,4,1.9,8,1,1,trace,battery,2,2,dc_ready_to_dc_model,6,6.25e-05,8.999999999999999e-05,4.1e-05,0.00016649999999999998,4.1e-05,0.000167
trace,clic_b,4,1.9,8,1,1,trace,battery,2,2,begin_to_models_done,6,8.852771,8.794486166666667,8.640791499999999,8.889896,8.592416,8.910584
trace,clic_b,4,1.9,8,1,1,trace,battery,2,2,dc_group_threads,6,1.0,1,1.0,1.0,1,1
trace,clic_b,4,1.9,8,1,1,trace,battery,0,0,workflow.quantization.cpu,6,8.640062499999999,8.858139166666666,8.0806255,9.8537295,7.976959,10.621584
trace,clic_b,4,1.9,8,1,1,trace,battery,0,0,dc.prepare.cpu,6,3.627917,3.6332638333333334,3.6102705,3.661604,3.608125,3.663708
trace,clic_b,4,1.9,8,1,1,trace,battery,0,0,token.population_reduce.cpu,6,1.2873125,1.290507,1.2639585000000002,1.3202500000000001,1.244625,1.342667
trace,clic_b,4,1.9,8,1,1,trace,battery,0,0,entropy.ac.cpu,6,4.3829585,4.365722333333333,4.320812500000001,4.393396,4.284042,4.393792
trace,clic_b,4,1.9,8,1,1,trace,battery,0,0,entropy.dc.cpu,6,4.939125499999999,4.9583475,4.8488335,5.0870835,4.824167,5.202208
trace,clic_b,4,1.9,8,1,1,trace,battery,0,0,workflow.serializer.cpu,6,17.2100205,17.253583,17.134625,17.4161035,17.127334,17.479291
trace,clic_b,4,1.9,8,1,1,trace,battery,0,0,gpu_ready_to_reduction,6,2.763604,2.705645666666667,2.3697705,2.9835625,2.046333,3.042459
trace,clic_b,4,1.9,8,1,1,trace,battery,0,0,gpu_ready_to_ac_model,6,4.091124499999999,4.038999666666666,3.726458,4.2994164999999995,3.433708,4.379042
trace,clic_b,4,1.9,8,1,1,trace,battery,0,0,dc_ready_to_dc_model,6,1.321604,1.3282221666666667,1.3052085,1.3578540000000001,1.290042,1.384042
trace,clic_b,4,1.9,8,1,1,trace,battery,0,0,begin_to_models_done,6,10.150896,10.166639,10.0321875,10.316833500000001,10.003625,10.439208
trace,clic_b,4,1.9,8,1,1,trace,battery,0,0,dc_group_threads,6,1.0,1,1.0,1.0,1,1
trace,clic_b,4,1.9,8,1,1,trace,battery,1,1,workflow.quantization.cpu,6,9.876167,10.004090333333334,8.9684375,11.1676665,8.924375,11.634625
trace,clic_b,4,1.9,8,1,1,trace,battery,1,1,token.population_reduce.cpu,6,1.2922289999999998,1.2890136666666667,1.258104,1.316708,1.239833,1.31775
trace,clic_b,4,1.9,8,1,1,trace,battery,1,1,dc.prepare.cpu,6,3.6433540000000004,3.6359653333333335,3.6166460000000002,3.6478960000000002,3.605834,3.648458
trace,clic_b,4,1.9,8,1,1,trace,battery,1,1,entropy.ac.cpu,6,4.413520999999999,4.425993166666666,4.348896,4.5155625,4.341,4.529083
trace,clic_b,4,1.9,8,1,1,trace,battery,1,1,entropy.dc.cpu,6,5.032292,4.993416833333333,4.841396,5.1065625,4.748625,5.141916
trace,clic_b,4,1.9,8,1,1,trace,battery,1,1,workflow.serializer.cpu,6,16.1093125,16.062611,15.878979000000001,16.199541500000002,15.762708,16.242792
trace,clic_b,4,1.9,8,1,1,trace,battery,1,1,gpu_ready_to_reduction,6,0.0976465,0.09968066666666667,0.09497900000000001,0.1064165,0.093708,0.110458
trace,clic_b,4,1.9,8,1,1,trace,battery,1,1,gpu_ready_to_ac_model,6,2.6524585,2.6807013333333334,2.5027915,2.886854,2.362667,3.062958
trace,clic_b,4,1.9,8,1,1,trace,battery,1,1,dc_ready_to_dc_model,6,0.0265625,0.026312666666666668,0.0235215,0.028854,0.023084,0.029083
trace,clic_b,4,1.9,8,1,1,trace,battery,1,1,begin_to_models_done,6,8.9642295,8.912208666666666,8.740334,9.0320625,8.645834,9.069375
trace,clic_b,4,1.9,8,1,1,trace,battery,1,1,dc_group_threads,6,1.0,1,1.0,1.0,1,1
trace,clic_b,7,1.9,8,1,1,trace,ac,2,2,workflow.quantization.cpu,6,46.5579375,46.6169235,46.4566875,46.8361455,46.444625,46.958208
trace,clic_b,7,1.9,8,1,1,trace,ac,2,2,token.population_reduce.cpu,6,1.1677085,1.1836875,1.157958,1.225396,1.157291,1.2635
trace,clic_b,7,1.9,8,1,1,trace,ac,2,2,dc.prepare.cpu,6,2.403229,2.4920970000000002,2.3860415,2.6870205,2.3845,2.910333
trace,clic_b,7,1.9,8,1,1,trace,ac,2,2,entropy.dc.cpu,6,1.0311245,1.0335971666666666,0.941854,1.127813,0.934166,1.135084
trace,clic_b,7,1.9,8,1,1,trace,ac,2,2,entropy.ac.cpu,6,5.720917,5.877048833333333,5.6466045000000005,6.263624999999999,5.637959,6.7615
trace,clic_b,7,1.9,8,1,1,trace,ac,2,2,workflow.serializer.cpu,6,13.1604995,13.2870415,12.6744165,14.0262085,12.466958,14.61775
trace,clic_b,7,1.9,8,1,1,trace,ac,2,2,gpu_ready_to_reduction,6,0.0854795,0.0885,0.0819165,0.098104,0.080416,0.099541
trace,clic_b,7,1.9,8,1,1,trace,ac,2,2,gpu_ready_to_ac_model,6,1.257625,1.2723331666666666,1.241458,1.3179165,1.240041,1.363208
trace,clic_b,7,1.9,8,1,1,trace,ac,2,2,dc_ready_to_dc_model,6,4.2e-05,6.266666666666667e-05,2.1e-05,0.000125,0.0,0.000167
trace,clic_b,7,1.9,8,1,1,trace,ac,2,2,begin_to_models_done,6,8.115770999999999,8.2530485,7.890125,8.753249499999999,7.685084,9.254458
trace,clic_b,7,1.9,8,1,1,trace,ac,2,2,dc_group_threads,6,1.0,1,1.0,1.0,1,1
trace,clic_b,7,1.9,8,1,1,trace,ac,0,0,workflow.quantization.cpu,6,46.3541045,46.47866666666667,46.2285205,46.853375,46.154375,47.180875
trace,clic_b,7,1.9,8,1,1,trace,ac,0,0,dc.prepare.cpu,6,2.4229165000000004,2.533104333333333,2.3913545,2.785042,2.388959,3.098917
trace,clic_b,7,1.9,8,1,1,trace,ac,0,0,token.population_reduce.cpu,6,1.168188,1.1823890000000001,1.1489995,1.2299795,1.146041,1.266209
trace,clic_b,7,1.9,8,1,1,trace,ac,0,0,entropy.dc.cpu,6,1.0921875,1.1308611666666666,1.0753125,1.2250835,1.073208,1.292708
trace,clic_b,7,1.9,8,1,1,trace,ac,0,0,entropy.ac.cpu,6,5.892771,6.0596041666666665,5.7064165,6.579625,5.626417,6.919917
trace,clic_b,7,1.9,8,1,1,trace,ac,0,0,workflow.serializer.cpu,6,14.750458,15.012069333333333,14.375083499999999,15.9106665,14.312417,16.672625
trace,clic_b,7,1.9,8,1,1,trace,ac,0,0,gpu_ready_to_reduction,6,1.5389585000000001,1.6341318333333335,1.390583,1.972854,1.354541,2.1415
trace,clic_b,7,1.9,8,1,1,trace,ac,0,0,gpu_ready_to_ac_model,6,2.7661040000000003,2.8560068333333333,2.5791665,3.22275,2.5515,3.450125
trace,clic_b,7,1.9,8,1,1,trace,ac,0,0,dc_ready_to_dc_model,6,1.2016455000000001,1.215972,1.1804585,1.265812,1.17575,1.301208
trace,clic_b,7,1.9,8,1,1,trace,ac,0,0,begin_to_models_done,6,9.7068125,10.002722166666667,9.4590625,10.8422915,9.364542,11.553958
trace,clic_b,7,1.9,8,1,1,trace,ac,0,0,dc_group_threads,6,1.0,1,1.0,1.0,1,1
trace,clic_b,7,1.9,8,1,1,trace,ac,1,1,workflow.quantization.cpu,6,46.537437,46.53624966666667,46.343604,46.727708,46.301833,46.73775
trace,clic_b,7,1.9,8,1,1,trace,ac,1,1,token.population_reduce.cpu,6,1.1651665,1.1666735,1.1552915000000001,1.1795624999999998,1.154875,1.184458
trace,clic_b,7,1.9,8,1,1,trace,ac,1,1,dc.prepare.cpu,6,2.4116875,2.415493,2.387979,2.4468125,2.380833,2.448792
trace,clic_b,7,1.9,8,1,1,trace,ac,1,1,entropy.dc.cpu,6,1.0785209999999998,1.0944096666666665,1.066875,1.137833,1.064917,1.164916
trace,clic_b,7,1.9,8,1,1,trace,ac,1,1,entropy.ac.cpu,6,5.748354,5.753173666666667,5.6430625,5.8681045,5.628917,5.893792
trace,clic_b,7,1.9,8,1,1,trace,ac,1,1,workflow.serializer.cpu,6,13.2495625,13.234125,13.0264375,13.426375,13.012833,13.497917
trace,clic_b,7,1.9,8,1,1,trace,ac,1,1,gpu_ready_to_reduction,6,0.08052100000000001,0.084,0.077208,0.094271,0.07575,0.098875
trace,clic_b,7,1.9,8,1,1,trace,ac,1,1,gpu_ready_to_ac_model,6,1.5326455,1.5305068333333334,1.4492500000000001,1.6096249999999999,1.405833,1.616833
trace,clic_b,7,1.9,8,1,1,trace,ac,1,1,dc_ready_to_dc_model,6,0.025521000000000002,0.03687516666666667,0.023813,0.0612915,0.023334,0.083166
trace,clic_b,7,1.9,8,1,1,trace,ac,1,1,begin_to_models_done,6,8.4348125,8.408555666666667,8.2643125,8.526542,8.255083,8.528834
trace,clic_b,7,1.9,8,1,1,trace,ac,1,1,dc_group_threads,6,1.0,1,1.0,1.0,1,1
trace,kodak,1,1.9,8,1,1,trace,ac,2,2,workflow.quantization.cpu,6,1.2955204999999999,1.3400136666666667,1.22625,1.4982705,1.210458,1.640208
trace,kodak,1,1.9,8,1,1,trace,ac,2,2,dc.prepare.cpu,6,0.299271,0.3,0.292021,0.308708,0.290042,0.311333
trace,kodak,1,1.9,8,1,1,trace,ac,2,2,token.population_reduce.cpu,6,0.231812,0.23937483333333331,0.222792,0.2635205,0.222667,0.275541
trace,kodak,1,1.9,8,1,1,trace,ac,2,2,entropy.dc.cpu,6,0.39770799999999995,0.39870833333333333,0.38775,0.410667,0.386833,0.414542
trace,kodak,1,1.9,8,1,1,trace,ac,2,2,entropy.ac.cpu,6,1.463458,1.4670969999999999,1.4323955,1.5054375,1.431833,1.539833
trace,kodak,1,1.9,8,1,1,trace,ac,2,2,workflow.serializer.cpu,6,3.214104,3.2224165,3.0382914999999997,3.414854,3.029083,3.56775
trace,kodak,1,1.9,8,1,1,trace,ac,2,2,gpu_ready_to_reduction,6,0.0583125,0.06134016666666667,0.0554375,0.0702705,0.053,0.071291
trace,kodak,1,1.9,8,1,1,trace,ac,2,2,gpu_ready_to_ac_model,6,0.292625,0.3008263333333333,0.28160450000000004,0.32824949999999997,0.28125,0.333583
trace,kodak,1,1.9,8,1,1,trace,ac,2,2,dc_ready_to_dc_model,6,4.15e-05,4.15e-05,2.05e-05,6.25e-05,0.0,8.3e-05
trace,kodak,1,1.9,8,1,1,trace,ac,2,2,begin_to_models_done,6,1.9379165,2.0079373333333335,1.877,2.2088954999999997,1.875042,2.37775
trace,kodak,1,1.9,8,1,1,trace,ac,2,2,dc_group_threads,6,1.0,1,1.0,1.0,1,1
trace,kodak,1,1.9,8,1,1,trace,ac,0,0,workflow.quantization.cpu,6,1.298646,1.2987153333333334,1.2193545000000001,1.3781455,1.215375,1.404666
trace,kodak,1,1.9,8,1,1,trace,ac,0,0,dc.prepare.cpu,6,0.31131299999999995,0.3098823333333333,0.3041255,0.3142085,0.303834,0.315167
trace,kodak,1,1.9,8,1,1,trace,ac,0,0,token.population_reduce.cpu,6,0.257896,0.29070850000000004,0.23235450000000002,0.381875,0.231959,0.474708
trace,kodak,1,1.9,8,1,1,trace,ac,0,0,entropy.dc.cpu,6,0.415312,0.41880533333333336,0.408625,0.432479,0.407708,0.43725
trace,kodak,1,1.9,8,1,1,trace,ac,0,0,entropy.ac.cpu,6,1.5131665,1.5130275,1.467562,1.558354,1.457666,1.566833
trace,kodak,1,1.9,8,1,1,trace,ac,0,0,workflow.serializer.cpu,6,3.2998125,3.334368,3.2251455,3.478146,3.198333,3.625125
trace,kodak,1,1.9,8,1,1,trace,ac,0,0,gpu_ready_to_reduction,6,0.1819165,0.18138183333333335,0.174542,0.187687,0.174459,0.190166
trace,kodak,1,1.9,8,1,1,trace,ac,0,0,gpu_ready_to_ac_model,6,0.461,0.4965,0.4349585,0.5935414999999999,0.431833,0.682375
trace,kodak,1,1.9,8,1,1,trace,ac,0,0,dc_ready_to_dc_model,6,0.275104,0.3102083333333333,0.25045850000000003,0.4050625,0.249417,0.49675
trace,kodak,1,1.9,8,1,1,trace,ac,0,0,begin_to_models_done,6,2.139333,2.1746803333333333,2.0935205,2.2911875,2.061458,2.419917
trace,kodak,1,1.9,8,1,1,trace,ac,0,0,dc_group_threads,6,1.0,1,1.0,1.0,1,1
trace,kodak,1,1.9,8,1,1,trace,ac,1,1,workflow.quantization.cpu,6,1.288208,1.2940343333333333,1.2301245,1.3637705,1.225041,1.373708
trace,kodak,1,1.9,8,1,1,trace,ac,1,1,dc.prepare.cpu,6,0.3056045,0.30692366666666665,0.300375,0.3147915,0.299,0.3205
trace,kodak,1,1.9,8,1,1,trace,ac,1,1,token.population_reduce.cpu,6,0.230812,0.2486525,0.222104,0.2930415,0.221333,0.332917
trace,kodak,1,1.9,8,1,1,trace,ac,1,1,entropy.dc.cpu,6,0.4119585,0.41324316666666666,0.404021,0.42374999999999996,0.402542,0.425083
trace,kodak,1,1.9,8,1,1,trace,ac,1,1,entropy.ac.cpu,6,1.474125,1.4803888333333333,1.4573749999999999,1.5096665,1.44725,1.526958
trace,kodak,1,1.9,8,1,1,trace,ac,1,1,workflow.serializer.cpu,6,3.1654375,3.1733403333333334,3.0835835,3.271,3.072792,3.302167
trace,kodak,1,1.9,8,1,1,trace,ac,1,1,gpu_ready_to_reduction,6,0.062042,0.06145133333333334,0.057604,0.064708,0.057083,0.066125
trace,kodak,1,1.9,8,1,1,trace,ac,1,1,gpu_ready_to_ac_model,6,0.32941600000000004,0.34630516666666666,0.3239785,0.385521,0.323916,0.424583
trace,kodak,1,1.9,8,1,1,trace,ac,1,1,dc_ready_to_dc_model,6,0.140479,0.1537845,0.1285415,0.192333,0.126583,0.233916
trace,kodak,1,1.9,8,1,1,trace,ac,1,1,begin_to_models_done,6,1.9727285,1.9920205,1.9518955,2.0514375,1.948166,2.06075
trace,kodak,1,1.9,8,1,1,trace,ac,1,1,dc_group_threads,6,1.0,1,1.0,1.0,1,1
trace,kodak,4,1.9,8,1,1,trace,ac,2,2,workflow.quantization.cpu,6,1.679688,1.6908405,1.658938,1.7338955,1.644542,1.7565
trace,kodak,4,1.9,8,1,1,trace,ac,2,2,dc.prepare.cpu,6,0.30543750000000003,0.3052013333333333,0.3005,0.3096665,0.299042,0.310292
trace,kodak,4,1.9,8,1,1,trace,ac,2,2,token.population_reduce.cpu,6,0.2355835,0.24224983333333333,0.224083,0.267083,0.221166,0.271208
trace,kodak,4,1.9,8,1,1,trace,ac,2,2,entropy.dc.cpu,6,0.7624584999999999,0.7666875,0.7415,0.7961039999999999,0.730333,0.800708
trace,kodak,4,1.9,8,1,1,trace,ac,2,2,entropy.ac.cpu,6,1.497208,1.490104,1.4476875,1.5254165,1.435917,1.543333
trace,kodak,4,1.9,8,1,1,trace,ac,2,2,workflow.serializer.cpu,6,3.1779580000000003,3.1909235,3.0669375,3.3278749999999997,3.052625,3.41525
trace,kodak,4,1.9,8,1,1,trace,ac,2,2,gpu_ready_to_reduction,6,0.061354,0.06101366666666667,0.057187,0.0645,0.055458,0.06625
trace,kodak,4,1.9,8,1,1,trace,ac,2,2,gpu_ready_to_ac_model,6,0.296562,0.3033955,0.28558300000000003,0.3280415,0.281708,0.329333
trace,kodak,4,1.9,8,1,1,trace,ac,2,2,dc_ready_to_dc_model,6,4.2e-05,3.483333333333333e-05,2.05e-05,4.2e-05,0.0,4.2e-05
trace,kodak,4,1.9,8,1,1,trace,ac,2,2,begin_to_models_done,6,1.9507085,1.9665693333333334,1.9112915,2.0377080000000003,1.895875,2.039666
trace,kodak,4,1.9,8,1,1,trace,ac,2,2,dc_group_threads,6,1.0,1,1.0,1.0,1,1
trace,kodak,4,1.9,8,1,1,trace,ac,0,0,workflow.quantization.cpu,6,1.7052079999999998,1.6973958333333332,1.6711045,1.715875,1.644917,1.716167
trace,kodak,4,1.9,8,1,1,trace,ac,0,0,dc.prepare.cpu,6,0.304813,0.307674,0.30264650000000004,0.31556249999999997,0.302209,0.321167
trace,kodak,4,1.9,8,1,1,trace,ac,0,0,token.population_reduce.cpu,6,0.2335625,0.24108333333333334,0.221625,0.2680625,0.221125,0.271916
trace,kodak,4,1.9,8,1,1,trace,ac,0,0,entropy.dc.cpu,6,0.769333,0.7756179999999999,0.75025,0.807271,0.740667,0.824375
trace,kodak,4,1.9,8,1,1,trace,ac,0,0,entropy.ac.cpu,6,1.492521,1.4937225,1.473021,1.5156255,1.457083,1.521084
trace,kodak,4,1.9,8,1,1,trace,ac,0,0,workflow.serializer.cpu,6,3.2896035,3.309798333333333,3.189375,3.4504165,3.183833,3.509625
trace,kodak,4,1.9,8,1,1,trace,ac,0,0,gpu_ready_to_reduction,6,0.177875,0.18074316666666668,0.17343750000000002,0.190917,0.170584,0.193875
trace,kodak,4,1.9,8,1,1,trace,ac,0,0,gpu_ready_to_ac_model,6,0.4331875,0.4471598333333333,0.420896,0.487396,0.419083,0.489417
trace,kodak,4,1.9,8,1,1,trace,ac,0,0,dc_ready_to_dc_model,6,0.2533955,0.2600485,0.23825,0.2885,0.237417,0.291667
trace,kodak,4,1.9,8,1,1,trace,ac,0,0,begin_to_models_done,6,2.0856255,2.1017851666666667,2.057896,2.161834,2.041667,2.162959
trace,kodak,4,1.9,8,1,1,trace,ac,0,0,dc_group_threads,6,1.0,1,1.0,1.0,1,1
trace,kodak,4,1.9,8,1,1,trace,ac,1,1,workflow.quantization.cpu,6,1.6861039999999998,1.736375,1.6355,1.887521,1.635,2.001875
trace,kodak,4,1.9,8,1,1,trace,ac,1,1,dc.prepare.cpu,6,0.3013955,0.303604,0.29895799999999995,0.31045849999999997,0.298708,0.311375
trace,kodak,4,1.9,8,1,1,trace,ac,1,1,token.population_reduce.cpu,6,0.2292295,0.23311816666666668,0.221354,0.24877100000000002,0.220916,0.256875
trace,kodak,4,1.9,8,1,1,trace,ac,1,1,entropy.dc.cpu,6,0.7782290000000001,0.7747708333333333,0.7455835,0.8005,0.740625,0.8055
trace,kodak,4,1.9,8,1,1,trace,ac,1,1,entropy.ac.cpu,6,1.5005000000000002,1.4962013333333333,1.4561454999999999,1.5319585,1.454041,1.54
trace,kodak,4,1.9,8,1,1,trace,ac,1,1,workflow.serializer.cpu,6,3.20625,3.1934305,3.1174375000000003,3.2566040000000003,3.089125,3.269708
trace,kodak,4,1.9,8,1,1,trace,ac,1,1,gpu_ready_to_reduction,6,0.0594795,0.058999833333333335,0.0561035,0.0614165,0.053916,0.061708
trace,kodak,4,1.9,8,1,1,trace,ac,1,1,gpu_ready_to_ac_model,6,0.32125000000000004,0.3272986666666667,0.315292,0.345354,0.314334,0.353
trace,kodak,4,1.9,8,1,1,trace,ac,1,1,dc_ready_to_dc_model,6,0.13597900000000002,0.1371945,0.1274795,0.148125,0.126917,0.155
trace,kodak,4,1.9,8,1,1,trace,ac,1,1,begin_to_models_done,6,1.9837715,1.9870211666666666,1.9358335,2.0414585,1.93475,2.045
trace,kodak,4,1.9,8,1,1,trace,ac,1,1,dc_group_threads,6,1.0,1,1.0,1.0,1,1
trace,kodak,7,1.9,8,1,1,trace,ac,2,2,workflow.quantization.cpu,6,10.353124999999999,10.360124833333334,10.0713955,10.655854,10.026333,10.760167
trace,kodak,7,1.9,8,1,1,trace,ac,2,2,dc.prepare.cpu,6,0.3241455,0.32333333333333336,0.3066045,0.33925000000000005,0.302792,0.339917
trace,kodak,7,1.9,8,1,1,trace,ac,2,2,token.population_reduce.cpu,6,0.3807505,0.3437295,0.254834,0.395604,0.241084,0.398625
trace,kodak,7,1.9,8,1,1,trace,ac,2,2,entropy.dc.cpu,6,0.4545,0.45508333333333334,0.4217915,0.48895849999999996,0.413167,0.494542
trace,kodak,7,1.9,8,1,1,trace,ac,2,2,entropy.ac.cpu,6,1.801583,1.8079998333333334,1.772125,1.8502915,1.747875,1.8705
trace,kodak,7,1.9,8,1,1,trace,ac,2,2,workflow.serializer.cpu,6,3.738771,3.727104,3.5285205,3.9140205000000003,3.454208,3.951375
trace,kodak,7,1.9,8,1,1,trace,ac,2,2,gpu_ready_to_reduction,6,0.064041,0.064715,0.0600415,0.0700625,0.059042,0.070709
trace,kodak,7,1.9,8,1,1,trace,ac,2,2,gpu_ready_to_ac_model,6,0.4425,0.40860399999999997,0.3174995,0.46581249999999996,0.302291,0.46825
trace,kodak,7,1.9,8,1,1,trace,ac,2,2,dc_ready_to_dc_model,6,6.25e-05,6.25e-05,4.15e-05,8.35e-05,4.1e-05,8.4e-05
trace,kodak,7,1.9,8,1,1,trace,ac,2,2,begin_to_models_done,6,2.438708,2.4207568333333334,2.307479,2.5160834999999997,2.274333,2.558834
trace,kodak,7,1.9,8,1,1,trace,ac,2,2,dc_group_threads,6,1.0,1,1.0,1.0,1,1
trace,kodak,7,1.9,8,1,1,trace,ac,0,0,workflow.quantization.cpu,6,10.237041999999999,10.290882166666666,10.1870625,10.448542,10.159292,10.550334
trace,kodak,7,1.9,8,1,1,trace,ac,0,0,dc.prepare.cpu,6,0.318,0.32078466666666666,0.3063335,0.3380205,0.3005,0.352458
trace,kodak,7,1.9,8,1,1,trace,ac,0,0,token.population_reduce.cpu,6,0.28631249999999997,0.29478483333333333,0.249771,0.348271,0.247792,0.359333
trace,kodak,7,1.9,8,1,1,trace,ac,0,0,entropy.dc.cpu,6,0.45087449999999996,0.45049283333333334,0.415917,0.484687,0.414125,0.501208
trace,kodak,7,1.9,8,1,1,trace,ac,0,0,entropy.ac.cpu,6,1.772916,1.7914371666666666,1.71475,1.8866455000000002,1.694083,1.922708
trace,kodak,7,1.9,8,1,1,trace,ac,0,0,workflow.serializer.cpu,6,3.7353750000000003,3.7225348333333335,3.57675,3.8554795000000004,3.566958,3.89225
trace,kodak,7,1.9,8,1,1,trace,ac,0,0,gpu_ready_to_reduction,6,0.181083,0.1806665,0.172583,0.1883335,0.16775,0.192375
trace,kodak,7,1.9,8,1,1,trace,ac,0,0,gpu_ready_to_ac_model,6,0.4897705,0.5019445,0.4549585,0.5611045,0.448125,0.578375
trace,kodak,7,1.9,8,1,1,trace,ac,0,0,dc_ready_to_dc_model,6,0.309417,0.3163615,0.2691255,0.370542,0.264917,0.381667
trace,kodak,7,1.9,8,1,1,trace,ac,0,0,begin_to_models_done,6,2.4555205,2.4836248333333333,2.3729375,2.6224165,2.372708,2.656458
trace,kodak,7,1.9,8,1,1,trace,ac,0,0,dc_group_threads,6,1.0,1,1.0,1.0,1,1
trace,kodak,7,1.9,8,1,1,trace,ac,1,1,workflow.quantization.cpu,6,10.1487295,10.248507166666666,10.030228999999999,10.566563,10.011667,10.608917
trace,kodak,7,1.9,8,1,1,trace,ac,1,1,dc.prepare.cpu,6,0.319125,0.320868,0.31683300000000003,0.326646,0.315583,0.330708
trace,kodak,7,1.9,8,1,1,trace,ac,1,1,token.population_reduce.cpu,6,0.361396,0.36945833333333333,0.327583,0.419396,0.3215,0.466125
trace,kodak,7,1.9,8,1,1,trace,ac,1,1,entropy.dc.cpu,6,0.4537915,0.4569513333333333,0.44266700000000003,0.47439549999999997,0.43625,0.477958
trace,kodak,7,1.9,8,1,1,trace,ac,1,1,entropy.ac.cpu,6,1.836333,1.8246526666666667,1.7792080000000001,1.858417,1.77325,1.86625
trace,kodak,7,1.9,8,1,1,trace,ac,1,1,workflow.serializer.cpu,6,3.8308335,3.847027833333333,3.7411875,3.9690624999999997,3.711625,4.04
trace,kodak,7,1.9,8,1,1,trace,ac,1,1,gpu_ready_to_reduction,6,0.06339600000000001,0.06386116666666666,0.061063,0.0671245,0.058959,0.069083
trace,kodak,7,1.9,8,1,1,trace,ac,1,1,gpu_ready_to_ac_model,6,0.4694375,0.47767366666666666,0.43374999999999997,0.5298335000000001,0.433125,0.575459
trace,kodak,7,1.9,8,1,1,trace,ac,1,1,dc_ready_to_dc_model,6,0.2805835,0.2822153333333333,0.24,0.32606250000000003,0.234125,0.362667
trace,kodak,7,1.9,8,1,1,trace,ac,1,1,begin_to_models_done,6,2.5006875,2.5126455,2.4587494999999997,2.5784995,2.450458,2.586916
trace,kodak,7,1.9,8,1,1,trace,ac,1,1,dc_group_threads,6,1.0,1,1.0,1.0,1,1
trace_followup,alpine24,7,1.9,8,1,1,trace,ac,2,2,workflow.quantization.cpu,24,280.593271,280.3807552083333,276.9663082,283.0757294,275.092084,285.663
trace_followup,alpine24,7,1.9,8,1,1,trace,ac,2,2,dc.prepare.cpu,24,3.3427915,3.594440875,3.1944205,4.1828829999999995,3.167542,4.7695
trace_followup,alpine24,7,1.9,8,1,1,trace,ac,2,2,token.population_reduce.cpu,24,1.182604,1.2217760416666668,1.1687587,1.3614087,1.167292,1.530125
trace_followup,alpine24,7,1.9,8,1,1,trace,ac,2,2,entropy.dc.cpu,24,4.0088335,4.086599041666666,3.8539081,4.2416421,3.793792,5.353292
trace_followup,alpine24,7,1.9,8,1,1,trace,ac,2,2,entropy.ac.cpu,24,9.936958,10.230574666666667,9.7587212,10.7670999,9.696084,13.384167
trace_followup,alpine24,7,1.9,8,1,1,trace,ac,2,2,workflow.serializer.cpu,24,26.6836875,27.170446208333335,26.1878545,28.621954499999998,26.100666,33.25525
trace_followup,alpine24,7,1.9,8,1,1,trace,ac,2,2,gpu_ready_to_reduction,24,0.100125,0.11819095833333333,0.07489989999999999,0.12980419999999998,0.072833,0.489042
trace_followup,alpine24,7,1.9,8,1,1,trace,ac,2,2,gpu_ready_to_ac_model,24,1.2834375,1.340409625,1.2602963,1.561042,1.240458,1.711208
trace_followup,alpine24,7,1.9,8,1,1,trace,ac,2,2,dc_ready_to_dc_model,24,0.000209,0.00024475,0.0001376,0.000375,8.3e-05,0.0005
trace_followup,alpine24,7,1.9,8,1,1,trace,ac,2,2,begin_to_models_done,24,14.9743335,15.154105833333334,14.517025,15.676091699999999,14.363916,18.648375
trace_followup,alpine24,7,1.9,8,1,1,trace,ac,2,2,dc_group_threads,24,6.0,6,6.0,6.0,6,6
trace_followup,alpine24,7,1.9,8,1,1,trace,ac,0,0,workflow.quantization.cpu,24,280.778375,280.80792529166666,277.4489169,284.0545171,275.873417,285.292708
trace_followup,alpine24,7,1.9,8,1,1,trace,ac,0,0,dc.prepare.cpu,24,3.9907500000000002,3.9371250416666665,3.3104958000000004,4.4305838,3.229792,5.023458
trace_followup,alpine24,7,1.9,8,1,1,trace,ac,0,0,token.population_reduce.cpu,24,1.2021875,1.2250312916666666,1.1638668,1.3108502,1.151958,1.410958
trace_followup,alpine24,7,1.9,8,1,1,trace,ac,0,0,entropy.dc.cpu,24,4.1168125,4.284309041666667,3.8473215,4.8718499,3.802708,5.233875
trace_followup,alpine24,7,1.9,8,1,1,trace,ac,0,0,entropy.ac.cpu,24,10.462896,10.809390583333334,9.9388582,12.2092295,9.770708,12.715375
trace_followup,alpine24,7,1.9,8,1,1,trace,ac,0,0,workflow.serializer.cpu,24,29.168083,29.373055666666666,27.196216900000003,31.382217100000002,26.926209,34.162125
trace_followup,alpine24,7,1.9,8,1,1,trace,ac,0,0,gpu_ready_to_reduction,24,1.4238119999999999,1.3578922916666667,0.7090749000000001,1.8882375,0.459,2.037625
trace_followup,alpine24,7,1.9,8,1,1,trace,ac,0,0,gpu_ready_to_ac_model,24,2.665354,2.619911375,1.9204336,3.1854704,1.807958,3.385833
trace_followup,alpine24,7,1.9,8,1,1,trace,ac,0,0,dc_ready_to_dc_model,24,1.239125,1.260404625,1.1996543,1.342467,1.18475,1.456542
trace_followup,alpine24,7,1.9,8,1,1,trace,ac,0,0,begin_to_models_done,24,16.86825,17.083064333333333,15.510975100000001,18.570799899999997,15.332167,20.062834
trace_followup,alpine24,7,1.9,8,1,1,trace,ac,0,0,dc_group_threads,24,6.0,6,6.0,6.0,6,6
trace_followup,alpine24,7,1.9,8,1,1,trace,ac,1,1,workflow.quantization.cpu,24,280.1828745,280.43755375,276.9711838,284.1297626,275.728167,286.435167
trace_followup,alpine24,7,1.9,8,1,1,trace,ac,1,1,dc.prepare.cpu,24,3.3363335000000003,3.6226910833333332,3.1934579,4.2822,3.171459,4.597584
trace_followup,alpine24,7,1.9,8,1,1,trace,ac,1,1,token.population_reduce.cpu,24,1.189292,1.25434375,1.176175,1.3469167,1.165,1.806792
trace_followup,alpine24,7,1.9,8,1,1,trace,ac,1,1,entropy.dc.cpu,24,4.066583,4.265876708333333,3.9620999,5.0946713,3.777875,5.483042
trace_followup,alpine24,7,1.9,8,1,1,trace,ac,1,1,entropy.ac.cpu,24,9.973729500000001,10.644807375,9.7944204,12.568708899999999,9.766708,13.735792
trace_followup,alpine24,7,1.9,8,1,1,trace,ac,1,1,workflow.serializer.cpu,24,26.675458,28.015899291666667,26.2970045,32.0182456,25.741208,33.759042
trace_followup,alpine24,7,1.9,8,1,1,trace,ac,1,1,gpu_ready_to_reduction,24,0.1090625,0.12602070833333334,0.0878954,0.1271957,0.080833,0.574125
trace_followup,alpine24,7,1.9,8,1,1,trace,ac,1,1,gpu_ready_to_ac_model,24,1.3699785,1.5327133333333334,1.3301373,1.8304163,1.306084,2.557666
trace_followup,alpine24,7,1.9,8,1,1,trace,ac,1,1,dc_ready_to_dc_model,24,0.39889600000000003,0.4086684583333333,0.0275831,0.724,0.023875,1.049584
trace_followup,alpine24,7,1.9,8,1,1,trace,ac,1,1,begin_to_models_done,24,15.065792,15.731519166666667,14.7064206,18.2229169,14.216208,19.484375
trace_followup,alpine24,7,1.9,8,1,1,trace,ac,1,1,dc_group_threads,24,6.0,6,6.0,6.0,6,6
trace_followup,alpine24,7,1.9,8,1,1,trace,transition,1,1,workflow.quantization.cpu,12,281.316875,356.1884375833333,277.0380747,557.6156456,274.067584,605.520333
trace_followup,alpine24,7,1.9,8,1,1,trace,transition,1,1,token.population_reduce.cpu,12,1.3090415,1.3017116666666666,1.1778792,1.4339917,1.1565,1.501708
trace_followup,alpine24,7,1.9,8,1,1,trace,transition,1,1,dc.prepare.cpu,12,4.1075835000000005,4.20823975,3.1980750000000002,5.241429800000001,3.193917,5.956875
trace_followup,alpine24,7,1.9,8,1,1,trace,transition,1,1,entropy.dc.cpu,12,4.442,4.768635333333333,3.9212209000000002,5.7800035,3.887542,6.127458
trace_followup,alpine24,7,1.9,8,1,1,trace,transition,1,1,entropy.ac.cpu,12,11.008041500000001,11.917815916666667,9.862787800000001,14.537558,9.809916,15.019375
trace_followup,alpine24,7,1.9,8,1,1,trace,transition,1,1,workflow.serializer.cpu,12,29.0340835,31.401204833333335,26.566991,37.92025,26.304417,38.501667
trace_followup,alpine24,7,1.9,8,1,1,trace,transition,1,1,gpu_ready_to_reduction,12,0.099583,0.1007465,0.0893586,0.1110709,0.082125,0.123875
trace_followup,alpine24,7,1.9,8,1,1,trace,transition,1,1,gpu_ready_to_ac_model,12,1.4811670000000001,1.741191,1.3325958,2.3345956,1.31475,2.800459
trace_followup,alpine24,7,1.9,8,1,1,trace,transition,1,1,dc_ready_to_dc_model,12,0.1297085,0.3160590833333333,0.0268962,0.7641369,0.02625,0.971083
trace_followup,alpine24,7,1.9,8,1,1,trace,transition,1,1,begin_to_models_done,12,16.240208,17.698274333333334,14.865187500000001,21.7420164,14.679125,21.783667
trace_followup,alpine24,7,1.9,8,1,1,trace,transition,1,1,dc_group_threads,12,6.0,6,6.0,6.0,6,6
trace_followup,alpine24,7,1.9,8,1,1,trace,transition,2,2,workflow.quantization.cpu,12,279.8826245,333.7358331666667,277.6625872,495.7791547,277.291334,528.878833
trace_followup,alpine24,7,1.9,8,1,1,trace,transition,2,2,dc.prepare.cpu,12,3.8376665,3.9963366666666666,3.2062661,5.1231416,3.168,5.45325
trace_followup,alpine24,7,1.9,8,1,1,trace,transition,2,2,token.population_reduce.cpu,12,1.1890835,1.28127075,1.1635247000000002,1.4711875,1.163417,1.635666
trace_followup,alpine24,7,1.9,8,1,1,trace,transition,2,2,entropy.dc.cpu,12,4.343563,4.691750166666667,3.9147792,5.5884331000000005,3.7885,6.366
trace_followup,alpine24,7,1.9,8,1,1,trace,transition,2,2,entropy.ac.cpu,12,10.880458,11.68271525,9.7107539,14.2399086,9.6515,15.871333
trace_followup,alpine24,7,1.9,8,1,1,trace,transition,2,2,workflow.serializer.cpu,12,27.739770999999998,30.753316,26.2632086,38.4911336,25.886541,42.497083
trace_followup,alpine24,7,1.9,8,1,1,trace,transition,2,2,gpu_ready_to_reduction,12,0.1066455,0.11072191666666667,0.0906541,0.1237875,0.087291,0.1705
trace_followup,alpine24,7,1.9,8,1,1,trace,transition,2,2,gpu_ready_to_ac_model,12,1.3175205,1.3925690833333333,1.2606622,1.5949458,1.257083,1.755541
trace_followup,alpine24,7,1.9,8,1,1,trace,transition,2,2,dc_ready_to_dc_model,12,0.0002085,0.00025341666666666666,0.0001291,0.000375,0.000125,0.0005
trace_followup,alpine24,7,1.9,8,1,1,trace,transition,2,2,begin_to_models_done,12,15.6164375,17.073635333333332,14.5209583,21.797883000000002,14.407083,22.330958
trace_followup,alpine24,7,1.9,8,1,1,trace,transition,2,2,dc_group_threads,12,6.0,6,6.0,6.0,6,6
trace_followup,alpine24,7,1.9,8,1,1,trace,transition,0,0,workflow.quantization.cpu,12,278.461021,332.82534025,276.1112295,467.565033,275.523166,570.22725
trace_followup,alpine24,7,1.9,8,1,1,trace,transition,0,0,dc.prepare.cpu,12,4.196458,4.41165625,3.2595916999999996,5.7718,3.224,6.242875
trace_followup,alpine24,7,1.9,8,1,1,trace,transition,0,0,token.population_reduce.cpu,12,1.188188,1.2611494166666666,1.1526417,1.3822211,1.150625,1.668542
trace_followup,alpine24,7,1.9,8,1,1,trace,transition,0,0,entropy.dc.cpu,12,4.095416500000001,4.573458416666667,3.8842627999999997,5.8398164,3.865958,6.063209
trace_followup,alpine24,7,1.9,8,1,1,trace,transition,0,0,entropy.ac.cpu,12,10.531146,11.70609025,10.0741119,14.6283536,9.763208,15.239917
trace_followup,alpine24,7,1.9,8,1,1,trace,transition,0,0,workflow.serializer.cpu,12,28.388708,31.96307983333333,27.6568,40.7986125,27.5775,41.005459
trace_followup,alpine24,7,1.9,8,1,1,trace,transition,0,0,gpu_ready_to_reduction,12,1.6094995,1.6425206666666667,0.7591869,2.0527580000000003,0.656583,3.6485
trace_followup,alpine24,7,1.9,8,1,1,trace,transition,0,0,gpu_ready_to_ac_model,12,2.841812,2.945704666666667,1.9751663,3.7261708000000002,1.933583,5.003333
trace_followup,alpine24,7,1.9,8,1,1,trace,transition,0,0,dc_ready_to_dc_model,12,1.2228750000000002,1.2983854166666666,1.18805,1.4249166,1.182209,1.724
trace_followup,alpine24,7,1.9,8,1,1,trace,transition,0,0,begin_to_models_done,12,16.749520500000003,18.601618,15.9746167,23.6810289,15.6655,24.034041
trace_followup,alpine24,7,1.9,8,1,1,trace,transition,0,0,dc_group_threads,12,6.0,6,6.0,6.0,6,6
trace_followup,campus12,7,1.9,8,1,1,trace,battery,2,2,workflow.quantization.cpu,12,283.4010205,286.62857983333333,229.9748414,356.01364970000003,227.914125,367.5265
trace_followup,campus12,7,1.9,8,1,1,trace,battery,2,2,token.population_reduce.cpu,12,1.4337295,1.4739791666666666,1.3396369,1.6523166999999999,1.303333,1.802834
trace_followup,campus12,7,1.9,8,1,1,trace,battery,2,2,dc.prepare.cpu,12,4.9252085,5.114125166666667,4.4355414,6.0310709000000005,4.396791,6.502334
trace_followup,campus12,7,1.9,8,1,1,trace,battery,2,2,entropy.dc.cpu,12,3.7494994999999998,4.051225416666667,3.6613291,4.4756163,3.65325,5.924083
trace_followup,campus12,7,1.9,8,1,1,trace,battery,2,2,entropy.ac.cpu,12,15.8406875,16.49128475,14.8347256,16.7749833,14.7825,24.738
trace_followup,campus12,7,1.9,8,1,1,trace,battery,2,2,workflow.serializer.cpu,12,33.762604499999995,34.677302,31.7756535,35.7801414,31.582958,48.522666
trace_followup,campus12,7,1.9,8,1,1,trace,battery,2,2,gpu_ready_to_reduction,12,0.10329150000000001,0.104007,0.0903715,0.1157914,0.089,0.1225
trace_followup,campus12,7,1.9,8,1,1,trace,battery,2,2,gpu_ready_to_ac_model,12,1.5344375000000001,1.5789861666666667,1.4338167,1.7689039,1.392458,1.931584
trace_followup,campus12,7,1.9,8,1,1,trace,battery,2,2,dc_ready_to_dc_model,12,0.00025,0.00033683333333333335,0.0001292,0.0005789,0.000125,0.000708
trace_followup,campus12,7,1.9,8,1,1,trace,battery,2,2,begin_to_models_done,12,21.5293545,21.980159833333335,20.0597547,22.870167000000002,19.71525,30.790958
trace_followup,campus12,7,1.9,8,1,1,trace,battery,2,2,dc_group_threads,12,6.0,6,6.0,6.0,6,6
trace_followup,campus12,7,1.9,8,1,1,trace,battery,0,0,workflow.quantization.cpu,12,255.5754375,267.5219583333333,246.1689839,308.74680060000003,228.640375,349.511625
trace_followup,campus12,7,1.9,8,1,1,trace,battery,0,0,dc.prepare.cpu,12,5.262874999999999,5.2171839166666665,4.4582672,5.9014041,4.421375,5.975208
trace_followup,campus12,7,1.9,8,1,1,trace,battery,0,0,token.population_reduce.cpu,12,1.4143750000000002,1.4350869166666667,1.3512005999999999,1.5180586,1.349417,1.645542
trace_followup,campus12,7,1.9,8,1,1,trace,battery,0,0,entropy.dc.cpu,12,3.8403755000000004,3.92054875,3.5030119,4.5121953,3.496459,4.547792
trace_followup,campus12,7,1.9,8,1,1,trace,battery,0,0,entropy.ac.cpu,12,15.8434165,15.87401375,15.0728711,16.381320499999998,14.875875,18.248875
trace_followup,campus12,7,1.9,8,1,1,trace,battery,0,0,workflow.serializer.cpu,12,36.814375,36.74020133333333,34.2684086,38.6502539,33.574,41.170458
trace_followup,campus12,7,1.9,8,1,1,trace,battery,0,0,gpu_ready_to_reduction,12,2.607416,2.75188175,2.2953921999999998,3.7477913,1.246583,3.891334
trace_followup,campus12,7,1.9,8,1,1,trace,battery,0,0,gpu_ready_to_ac_model,12,4.0657915,4.229795,3.6834878,5.3724916,2.806708,5.458125
trace_followup,campus12,7,1.9,8,1,1,trace,battery,0,0,dc_ready_to_dc_model,12,1.4594165000000001,1.4750173333333334,1.3858544000000002,1.5562255999999999,1.383916,1.684417
trace_followup,campus12,7,1.9,8,1,1,trace,battery,0,0,begin_to_models_done,12,24.1087705,24.052263916666668,22.4021,25.634254199999997,21.90375,26.806125
trace_followup,campus12,7,1.9,8,1,1,trace,battery,0,0,dc_group_threads,12,6.0,6,6.0,6.0,6,6
trace_followup,campus12,7,1.9,8,1,1,trace,battery,1,1,workflow.quantization.cpu,12,270.4286045,277.2188264166667,233.4986955,314.2919792,230.849,373.918375
trace_followup,campus12,7,1.9,8,1,1,trace,battery,1,1,token.population_reduce.cpu,12,1.4483540000000001,1.5163645833333335,1.3431211,1.7002834,1.341208,2.06625
trace_followup,campus12,7,1.9,8,1,1,trace,battery,1,1,dc.prepare.cpu,12,5.2859165,5.286118,4.454983,6.0892539,4.411208,6.209084
trace_followup,campus12,7,1.9,8,1,1,trace,battery,1,1,entropy.dc.cpu,12,4.078104,4.123090166666667,3.7383125,4.652375,3.40875,4.678083
trace_followup,campus12,7,1.9,8,1,1,trace,battery,1,1,entropy.ac.cpu,12,15.4899375,16.465583416666668,15.2394128,17.1448455,15.054209,23.836459
trace_followup,campus12,7,1.9,8,1,1,trace,battery,1,1,workflow.serializer.cpu,12,34.508812500000005,36.06946883333333,32.732608400000004,38.309304499999996,32.558833,49.55975
trace_followup,campus12,7,1.9,8,1,1,trace,battery,1,1,gpu_ready_to_reduction,12,0.108771,0.10724658333333334,0.1015709,0.11362850000000001,0.087167,0.114167
trace_followup,campus12,7,1.9,8,1,1,trace,battery,1,1,gpu_ready_to_ac_model,12,3.320417,3.0973715,2.4546625,3.583516,1.985958,3.608208
trace_followup,campus12,7,1.9,8,1,1,trace,battery,1,1,dc_ready_to_dc_model,12,0.0345,0.034896083333333335,0.0325587,0.039009,0.027459,0.03975
trace_followup,campus12,7,1.9,8,1,1,trace,battery,1,1,begin_to_models_done,12,22.3074375,23.359277833333334,20.9637705,25.387875,20.893709,31.737209
trace_followup,campus12,7,1.9,8,1,1,trace,battery,1,1,dc_group_threads,12,6.0,6,6.0,6.0,6,6
trace_followup,campus12,7,1.9,8,1,1,trace,ac,0,0,workflow.quantization.cpu,24,154.023271,154.052224,153.1587706,155.0859251,152.27225,156.007042
trace_followup,campus12,7,1.9,8,1,1,trace,ac,0,0,dc.prepare.cpu,24,3.243937,3.3323002083333333,3.2090373,3.5634454,3.197959,4.115791
trace_followup,campus12,7,1.9,8,1,1,trace,ac,0,0,token.population_reduce.cpu,24,1.164917,1.1801006666666667,1.1534293,1.220725,1.150209,1.300333
trace_followup,campus12,7,1.9,8,1,1,trace,ac,0,0,entropy.dc.cpu,24,2.6425415,2.6315400416666668,2.4738589,2.7372840000000003,2.47025,2.996
trace_followup,campus12,7,1.9,8,1,1,trace,ac,0,0,entropy.ac.cpu,24,10.728874999999999,10.971251625,10.575899999999999,11.8346748,10.543791,12.544
trace_followup,campus12,7,1.9,8,1,1,trace,ac,0,0,workflow.serializer.cpu,24,24.444167,24.93675875,24.2520876,26.4382749,24.161292,28.381625
trace_followup,campus12,7,1.9,8,1,1,trace,ac,0,0,gpu_ready_to_reduction,24,1.6947505,1.7684530833333334,1.5972164,2.0740082,1.169084,2.542333
trace_followup,campus12,7,1.9,8,1,1,trace,ac,0,0,gpu_ready_to_ac_model,24,2.885979,2.980048625,2.8037208,3.3058338,2.377167,3.872291
trace_followup,campus12,7,1.9,8,1,1,trace,ac,0,0,dc_ready_to_dc_model,24,1.1938955,1.207914875,1.1813956,1.2469044,1.176833,1.326834
trace_followup,campus12,7,1.9,8,1,1,trace,ac,0,0,begin_to_models_done,24,15.8567085,16.22322395833333,15.665783300000001,17.3733336,15.626666,18.862541
trace_followup,campus12,7,1.9,8,1,1,trace,ac,0,0,dc_group_threads,24,6.0,5.875,5.300000000000001,6.0,5,6
trace_followup,campus12,7,1.9,8,1,1,trace,ac,2,2,workflow.quantization.cpu,24,154.5024995,154.47917866666666,153.0827212,156.3786792,151.983458,156.868833
trace_followup,campus12,7,1.9,8,1,1,trace,ac,2,2,token.population_reduce.cpu,24,1.18925,1.2233610833333333,1.1602287,1.3414374,1.133333,1.423292
trace_followup,campus12,7,1.9,8,1,1,trace,ac,2,2,dc.prepare.cpu,24,3.244708,3.5053315416666666,3.1953750000000003,4.2799835999999996,3.15725,4.414166
trace_followup,campus12,7,1.9,8,1,1,trace,ac,2,2,entropy.dc.cpu,24,2.708271,2.849807375,2.5827582000000002,3.433067,2.526541,3.462458
trace_followup,campus12,7,1.9,8,1,1,trace,ac,2,2,entropy.ac.cpu,24,10.9316245,11.561557291666666,10.6596208,13.58985,10.541375,13.899542
trace_followup,campus12,7,1.9,8,1,1,trace,ac,2,2,workflow.serializer.cpu,24,23.262458000000002,24.147730916666667,22.679537500000002,27.437974999999998,22.263208,27.907792
trace_followup,campus12,7,1.9,8,1,1,trace,ac,2,2,gpu_ready_to_reduction,24,0.104771,0.1056805,0.0906499,0.1134212,0.081041,0.187291
trace_followup,campus12,7,1.9,8,1,1,trace,ac,2,2,gpu_ready_to_ac_model,24,1.2961045,1.3293645416666666,1.2556213,1.4440537,1.23375,1.519834
trace_followup,campus12,7,1.9,8,1,1,trace,ac,2,2,dc_ready_to_dc_model,24,0.0001875,0.00019958333333333332,5.4300000000000005e-05,0.00036239999999999997,4.1e-05,0.0005
trace_followup,campus12,7,1.9,8,1,1,trace,ac,2,2,begin_to_models_done,24,14.506624500000001,15.21427425,14.179837500000001,17.5065126,13.77925,17.913625
trace_followup,campus12,7,1.9,8,1,1,trace,ac,2,2,dc_group_threads,24,6.0,5.958333333333333,6.0,6.0,5,6
trace_followup,campus12,7,1.9,8,1,1,trace,ac,1,1,workflow.quantization.cpu,24,154.49060400000002,154.64636970833334,153.0218957,156.2607624,152.069833,158.5645
trace_followup,campus12,7,1.9,8,1,1,trace,ac,1,1,token.population_reduce.cpu,24,1.1807919999999998,1.2100069166666667,1.1697079000000001,1.2972001,1.093125,1.405834
trace_followup,campus12,7,1.9,8,1,1,trace,ac,1,1,dc.prepare.cpu,24,3.279979,3.4764255,3.2324465,4.0634087,3.190917,4.796792
trace_followup,campus12,7,1.9,8,1,1,trace,ac,1,1,entropy.dc.cpu,24,2.6845835,2.8072551666666667,2.6217,3.2156911999999997,2.585416,3.637
trace_followup,campus12,7,1.9,8,1,1,trace,ac,1,1,entropy.ac.cpu,24,10.885562499999999,11.287621583333333,10.5891919,12.6324162,10.511833,14.456084
trace_followup,campus12,7,1.9,8,1,1,trace,ac,1,1,workflow.serializer.cpu,24,23.464271,24.4114445,23.194225,27.1904957,22.996708,30.841333
trace_followup,campus12,7,1.9,8,1,1,trace,ac,1,1,gpu_ready_to_reduction,24,0.09543750000000001,0.09642345833333334,0.078775,0.108575,0.06675,0.152958
trace_followup,campus12,7,1.9,8,1,1,trace,ac,1,1,gpu_ready_to_ac_model,24,1.794875,1.96444775,1.7201331,2.4238248999999996,1.655416,3.280125
trace_followup,campus12,7,1.9,8,1,1,trace,ac,1,1,dc_ready_to_dc_model,24,0.026208000000000002,0.0261145,0.0219795,0.0288374,0.020375,0.035209
trace_followup,campus12,7,1.9,8,1,1,trace,ac,1,1,begin_to_models_done,24,14.843479,15.560272666666666,14.621170600000001,17.6327833,14.504791,20.336792
trace_followup,campus12,7,1.9,8,1,1,trace,ac,1,1,dc_group_threads,24,6.0,6,6.0,6.0,6,6
