cohort,image,effort,distance,cpu,batch,gpu,mode,power,variant,metric,n,median,mean,p10,p90,min,max
ac_trace,alpine24,1,1.9,8,1,1,trace,ac,1,workflow.quantization.cpu,16,-0.06772949999999511,-0.21288524999999803,-1.271166499999996,0.8406875000000014,-2.452332999999996,1.5728340000000003
ac_trace,alpine24,1,1.9,8,1,1,trace,ac,2,workflow.quantization.cpu,16,0.04406250000000256,0.11493731250000172,-0.6023539999999983,1.100041000000001,-1.8059169999999938,1.4474990000000005
ac_trace,alpine24,1,1.9,8,1,1,trace,ac,1,dc.prepare.cpu,16,0.0327090000000001,-0.21617187499999996,-0.04589550000000009,0.10441600000000006,-4.022375,0.13170800000000016
ac_trace,alpine24,1,1.9,8,1,1,trace,ac,2,dc.prepare.cpu,16,0.029291500000000026,0.03664850000000003,-0.0415620000000001,0.1306250000000002,-0.09304200000000007,0.14737500000000026
ac_trace,alpine24,1,1.9,8,1,1,trace,ac,1,token.population_reduce.cpu,16,-0.038605,-0.136789,-0.0932289999999999,0.030437500000000006,-1.8772920000000002,0.12283399999999989
ac_trace,alpine24,1,1.9,8,1,1,trace,ac,2,token.population_reduce.cpu,16,-0.020021500000000025,-0.018351562500000015,-0.08795799999999987,0.04733350000000003,-0.15537599999999996,0.12895900000000005
ac_trace,alpine24,1,1.9,8,1,1,trace,ac,1,entropy.dc.cpu,16,-0.0434994999999998,-0.0345858750000001,-0.21439550000000018,0.1733954999999998,-0.24866800000000033,0.21604199999999985
ac_trace,alpine24,1,1.9,8,1,1,trace,ac,2,entropy.dc.cpu,16,-0.010603999999999836,-0.05008325000000019,-0.3293535000000003,0.15658349999999954,-0.5205830000000002,0.3950419999999992
ac_trace,alpine24,1,1.9,8,1,1,trace,ac,1,entropy.ac.cpu,16,-0.025687000000000015,-0.008611875000000047,-0.14241750000000053,0.15902050000000045,-0.41491599999999984,0.22620799999999974
ac_trace,alpine24,1,1.9,8,1,1,trace,ac,2,entropy.ac.cpu,16,-0.1527495000000001,-0.10776812500000005,-0.3055414999999999,0.15522950000000035,-0.32212500000000066,0.26641599999999954
ac_trace,alpine24,1,1.9,8,1,1,trace,ac,1,workflow.serializer.cpu,16,0.5055619999999994,0.2595206875,0.0975204999999999,0.8608750000000001,-4.0475829999999995,1.3496660000000027
ac_trace,alpine24,1,1.9,8,1,1,trace,ac,2,workflow.serializer.cpu,16,0.4675210000000014,0.5581328750000001,0.08433300000000088,1.198125000000001,-0.08508300000000091,1.4482929999999996
ac_trace,alpine24,1,1.9,8,1,1,trace,ac,1,gpu_ready_to_reduction,16,0.521458,0.5440676875,0.40368750000000003,0.835646,0.069167,0.9017069999999999
ac_trace,alpine24,1,1.9,8,1,1,trace,ac,2,gpu_ready_to_reduction,16,0.5170005,0.545184875,0.42250049999999995,0.8277915,0.096083,0.918499
ac_trace,alpine24,1,1.9,8,1,1,trace,ac,1,gpu_ready_to_ac_model,16,0.4509795,0.267765625,0.18299999999999994,0.8434585000000001,-3.300084,0.9129579999999999
ac_trace,alpine24,1,1.9,8,1,1,trace,ac,2,gpu_ready_to_ac_model,16,0.537334,0.5653384375,0.38997950000000003,0.889125,0.17541699999999993,0.9852069999999999
ac_trace,alpine24,1,1.9,8,1,1,trace,ac,1,dc_ready_to_dc_model,16,0.4559370000000001,0.511038875,0.35645849999999996,0.872,-0.022083000000000075,1.0982919999999998
ac_trace,alpine24,1,1.9,8,1,1,trace,ac,2,dc_ready_to_dc_model,16,1.165083,1.1819529375,1.1448745,1.218437,1.137124,1.318667
ac_trace,alpine24,1,1.9,8,1,1,trace,ac,1,begin_to_models_done,16,0.44637550000000026,0.24197656250000021,0.1424789999999998,0.7316874999999996,-3.334541999999999,1.1811249999999998
ac_trace,alpine24,1,1.9,8,1,1,trace,ac,2,begin_to_models_done,16,0.48958350000000017,0.55598175,0.1703330000000003,1.0584794999999998,0.02691800000000022,1.209999999999999
ac_trace,alpine24,1,1.9,8,1,1,trace,ac,1,dc_group_threads,16,0.0,0,0.0,0.0,0,0
ac_trace,alpine24,1,1.9,8,1,1,trace,ac,2,dc_group_threads,16,0.0,0,0.0,0.0,0,0
ac_trace,alpine24,7,1.9,8,1,1,trace,ac,1,workflow.quantization.cpu,16,-1.376270500000004,-0.7060048750000085,-4.051977999999991,3.757646499999993,-4.784958000000017,7.5483749999999645
ac_trace,alpine24,7,1.9,8,1,1,trace,ac,2,workflow.quantization.cpu,16,-0.4947295000000054,-0.6909635624999986,-3.7463334999999915,1.6639370000000042,-4.934082999999987,5.11095899999998
ac_trace,alpine24,7,1.9,8,1,1,trace,ac,1,token.population_reduce.cpu,16,-0.03187550000000006,-0.07451831250000003,-0.20574950000000003,0.06868750000000001,-0.427125,0.15808200000000006
ac_trace,alpine24,7,1.9,8,1,1,trace,ac,2,token.population_reduce.cpu,16,-0.003062499999999968,-0.0199349375,-0.09558350000000004,0.036395499999999914,-0.13754100000000014,0.056208000000000036
ac_trace,alpine24,7,1.9,8,1,1,trace,ac,1,dc.prepare.cpu,16,-0.09704099999999993,-0.09854668749999992,-1.0689999999999997,0.8605,-1.548625,2.001501
ac_trace,alpine24,7,1.9,8,1,1,trace,ac,2,dc.prepare.cpu,16,0.08070850000000007,-0.15491906249999998,-1.0468965,0.5069170000000005,-1.213209,0.8075000000000001
ac_trace,alpine24,7,1.9,8,1,1,trace,ac,1,entropy.dc.cpu,16,-0.2345830000000002,-0.4333619375,-1.5206039999999998,0.1838335000000002,-1.5993330000000001,0.9579990000000005
ac_trace,alpine24,7,1.9,8,1,1,trace,ac,2,entropy.dc.cpu,16,-0.1560824999999999,-0.24359375,-0.7352710000000002,0.10593750000000002,-1.1742909999999998,0.12937500000000046
ac_trace,alpine24,7,1.9,8,1,1,trace,ac,1,entropy.ac.cpu,16,-0.08916700000000066,-0.6295416875000001,-2.9472709999999998,0.4629374999999998,-3.196833,2.4196670000000005
ac_trace,alpine24,7,1.9,8,1,1,trace,ac,2,entropy.ac.cpu,16,-0.1075210000000002,-0.282192625,-1.3446664999999998,0.4052085000000005,-2.521623999999999,1.0269590000000015
ac_trace,alpine24,7,1.9,8,1,1,trace,ac,1,workflow.serializer.cpu,16,0.41004150000000017,-0.4440624375000002,-5.587999500000002,1.7507500000000018,-6.2860840000000024,8.373125000000002
ac_trace,alpine24,7,1.9,8,1,1,trace,ac,2,workflow.serializer.cpu,16,0.8757704999999998,0.7555208125000004,-1.7180834999999988,2.681063,-2.808834000000001,3.953375000000001
ac_trace,alpine24,7,1.9,8,1,1,trace,ac,1,gpu_ready_to_reduction,16,0.941854,1.0646588125,0.4972085,1.670854,0.4433750000000001,2.910584
ac_trace,alpine24,7,1.9,8,1,1,trace,ac,2,gpu_ready_to_reduction,16,0.9298960000000001,1.0805911875,0.5327085,1.734458,0.484333,2.887125
ac_trace,alpine24,7,1.9,8,1,1,trace,ac,1,gpu_ready_to_ac_model,16,0.5645830000000001,0.7824425625,0.19795850000000004,1.3426454999999997,-0.4778340000000001,3.0503750000000007
ac_trace,alpine24,7,1.9,8,1,1,trace,ac,2,gpu_ready_to_ac_model,16,0.9432914999999998,1.0941354375,0.525063,1.782708,0.45275,2.9795000000000007
ac_trace,alpine24,7,1.9,8,1,1,trace,ac,1,dc_ready_to_dc_model,16,0.995812,0.8845703125000001,0.41370850000000003,1.1710829999999999,0.14937599999999995,1.345417
ac_trace,alpine24,7,1.9,8,1,1,trace,ac,2,dc_ready_to_dc_model,16,1.2023125000000001,1.2278931875,1.1823755,1.3073535,1.177792,1.393666
ac_trace,alpine24,7,1.9,8,1,1,trace,ac,1,begin_to_models_done,16,0.5425625000000007,0.059479124999999855,-3.4446875000000006,1.7315414999999996,-3.870750000000001,6.144041999999999
ac_trace,alpine24,7,1.9,8,1,1,trace,ac,2,begin_to_models_done,16,0.773125499999999,0.7727083750000001,-1.0351459999999992,2.3455209999999997,-1.6040829999999993,3.092417000000001
ac_trace,alpine24,7,1.9,8,1,1,trace,ac,1,dc_group_threads,16,0.0,0,0.0,0.0,0,0
ac_trace,alpine24,7,1.9,8,1,1,trace,ac,2,dc_group_threads,16,0.0,0,0.0,0.0,0,0
ac_trace,campus12,7,1.9,8,1,1,trace,ac,1,workflow.quantization.cpu,16,0.05389649999999335,-0.3332783125000027,-2.327248999999995,1.3930415000000096,-3.5771250000000236,2.0272919999999885
ac_trace,campus12,7,1.9,8,1,1,trace,ac,2,workflow.quantization.cpu,16,-0.07216649999999447,-0.20448406249999707,-1.1829785000000044,0.7517500000000155,-1.5100419999999986,0.8937510000000088
ac_trace,campus12,7,1.9,8,1,1,trace,ac,1,token.population_reduce.cpu,16,-0.0031249999999999334,0.011724249999999992,-0.03749950000000002,0.11189649999999995,-0.09662399999999982,0.1349579999999999
ac_trace,campus12,7,1.9,8,1,1,trace,ac,2,token.population_reduce.cpu,16,-0.010917000000000066,-0.006359249999999969,-0.09281249999999985,0.07520850000000001,-0.152042,0.188334
ac_trace,campus12,7,1.9,8,1,1,trace,ac,1,dc.prepare.cpu,16,0.06729150000000006,0.132580625,-0.287083,0.6210205,-0.5893329999999999,0.6909999999999998
ac_trace,campus12,7,1.9,8,1,1,trace,ac,2,dc.prepare.cpu,16,0.05958350000000001,0.11028406249999995,-0.4760835000000001,0.7411455,-0.7813750000000002,0.9279169999999999
ac_trace,campus12,7,1.9,8,1,1,trace,ac,1,entropy.dc.cpu,16,0.05581299999999967,0.10482062499999983,-0.15025,0.4975419999999997,-0.255042,0.567167
ac_trace,campus12,7,1.9,8,1,1,trace,ac,2,entropy.dc.cpu,16,0.023645999999999834,0.042198249999999965,-0.4034374999999999,0.5691465,-0.6305829999999997,0.8107919999999997
ac_trace,campus12,7,1.9,8,1,1,trace,ac,1,entropy.ac.cpu,16,0.14462499999999956,0.3693776875000002,-0.3218129999999997,1.5834170000000007,-0.6259169999999994,1.677626
ac_trace,campus12,7,1.9,8,1,1,trace,ac,2,entropy.ac.cpu,16,-0.02320800000000034,0.03804968750000015,-1.6465834999999993,1.3174795000000001,-2.1274169999999994,2.6500000000000004
ac_trace,campus12,7,1.9,8,1,1,trace,ac,1,workflow.serializer.cpu,16,1.3937285000000017,1.8933098750000008,0.6177495000000004,4.183042,0.17966700000000202,4.7833330000000025
ac_trace,campus12,7,1.9,8,1,1,trace,ac,2,workflow.serializer.cpu,16,1.872291500000001,1.9914061875000009,-0.47645799999999916,4.017563000000001,-1.431958999999999,6.820208000000001
ac_trace,campus12,7,1.9,8,1,1,trace,ac,1,gpu_ready_to_reduction,16,1.7123545,1.8139060624999999,1.305708,2.3516034999999995,1.0721250000000002,2.519751
ac_trace,campus12,7,1.9,8,1,1,trace,ac,2,gpu_ready_to_reduction,16,1.6965205,1.8147863124999999,1.303896,2.365875,1.0657500000000002,2.520959
ac_trace,campus12,7,1.9,8,1,1,trace,ac,1,gpu_ready_to_ac_model,16,1.3764999999999998,1.2643905625,0.6333545,1.8836249999999999,0.09704099999999993,2.0621660000000004
ac_trace,campus12,7,1.9,8,1,1,trace,ac,2,gpu_ready_to_ac_model,16,1.7480414999999998,1.8418384374999999,1.2803545,2.490417,1.042375,2.714208
ac_trace,campus12,7,1.9,8,1,1,trace,ac,1,dc_ready_to_dc_model,16,1.1826875000000001,1.2150053125,1.1573965,1.3298960000000002,1.103916,1.384666
ac_trace,campus12,7,1.9,8,1,1,trace,ac,2,dc_ready_to_dc_model,16,1.2053125,1.241085625,1.187854,1.3571875000000002,1.128082,1.4122080000000001
ac_trace,campus12,7,1.9,8,1,1,trace,ac,1,begin_to_models_done,16,1.3333745000000006,1.7241458124999995,0.7365830000000004,3.5809794999999998,0.16658299999999926,3.8314169999999983
ac_trace,campus12,7,1.9,8,1,1,trace,ac,2,begin_to_models_done,16,1.756125,1.9672266874999997,0.2416039999999997,3.740792,-0.9555420000000012,5.552749999999998
ac_trace,campus12,7,1.9,8,1,1,trace,ac,1,dc_group_threads,16,0.0,0,0.0,0.0,0,0
ac_trace,campus12,7,1.9,8,1,1,trace,ac,2,dc_group_threads,16,0.0,0,0.0,0.0,0,0
ac_trace,clic_a,1,1.9,8,1,1,trace,ac,1,workflow.quantization.cpu,16,-0.03916649999999988,0.030374937499999866,-0.7480830000000003,0.7666664999999999,-1.0285000000000002,1.5637929999999995
ac_trace,clic_a,1,1.9,8,1,1,trace,ac,2,workflow.quantization.cpu,16,-0.014520499999999714,-0.002695312500000102,-0.7501665000000002,0.6858754999999999,-1.1243759999999998,1.0039999999999996
ac_trace,clic_a,1,1.9,8,1,1,trace,ac,1,token.population_reduce.cpu,16,-0.0016664999999999042,0.01691950000000001,-0.13506200000000002,0.195376,-0.16316700000000006,0.2249580000000001
ac_trace,clic_a,1,1.9,8,1,1,trace,ac,2,token.population_reduce.cpu,16,-0.00793749999999993,0.026552437500000012,-0.1107495,0.19858350000000002,-0.24620799999999987,0.23995900000000003
ac_trace,clic_a,1,1.9,8,1,1,trace,ac,1,dc.prepare.cpu,16,-0.009604499999999794,-0.013492374999999973,-0.054020999999999875,0.02243700000000004,-0.10525000000000029,0.05674899999999994
ac_trace,clic_a,1,1.9,8,1,1,trace,ac,2,dc.prepare.cpu,16,-0.0390625,-0.04097400000000001,-0.11091699999999993,0.00981249999999978,-0.1303329999999998,0.02304200000000023
ac_trace,clic_a,1,1.9,8,1,1,trace,ac,1,entropy.dc.cpu,16,-0.033917000000000086,-0.02964575,-0.04891649999999992,-0.0062709999999999155,-0.10374900000000009,0.023166999999999938
ac_trace,clic_a,1,1.9,8,1,1,trace,ac,2,entropy.dc.cpu,16,-0.058541500000000024,-0.07271087500000005,-0.1131875,-0.026833500000000066,-0.2361660000000001,-0.015584000000000042
ac_trace,clic_a,1,1.9,8,1,1,trace,ac,1,entropy.ac.cpu,16,0.00564549999999997,0.01074231249999999,-0.043458999999999914,0.06233399999999989,-0.11545799999999984,0.14170900000000008
ac_trace,clic_a,1,1.9,8,1,1,trace,ac,2,entropy.ac.cpu,16,-0.0605629999999997,-0.0835805,-0.23179199999999978,0.057104000000000044,-0.27320800000000034,0.08012599999999992
ac_trace,clic_a,1,1.9,8,1,1,trace,ac,1,workflow.serializer.cpu,16,1.1030209999999991,1.0565208125,0.7706460000000002,1.301708,0.7564170000000008,1.438541999999999
ac_trace,clic_a,1,1.9,8,1,1,trace,ac,2,workflow.serializer.cpu,16,1.6142910000000006,1.7274868125,1.4927285000000006,2.0880209999999995,1.397042,2.300667
ac_trace,clic_a,1,1.9,8,1,1,trace,ac,1,gpu_ready_to_reduction,16,1.793334,1.6607785625,1.413604,1.8259785000000002,0.8822920000000001,1.890166
ac_trace,clic_a,1,1.9,8,1,1,trace,ac,2,gpu_ready_to_reduction,16,1.7895835,1.6569193125,1.415146,1.8234165,0.918292,1.8759590000000002
ac_trace,clic_a,1,1.9,8,1,1,trace,ac,1,gpu_ready_to_ac_model,16,0.9607289999999999,0.9595026249999999,0.6859795,1.190917,0.35687499999999983,1.452959
ac_trace,clic_a,1,1.9,8,1,1,trace,ac,2,gpu_ready_to_ac_model,16,1.7298959999999999,1.7160130625,1.4883545,2.054021,0.9382909999999998,2.101626
ac_trace,clic_a,1,1.9,8,1,1,trace,ac,1,dc_ready_to_dc_model,16,1.0922294999999997,1.0768855,0.9491875000000001,1.2141465,0.941666,1.2705000000000002
ac_trace,clic_a,1,1.9,8,1,1,trace,ac,2,dc_ready_to_dc_model,16,1.1140625,1.0974375,0.9708955,1.2326885,0.965458,1.291959
ac_trace,clic_a,1,1.9,8,1,1,trace,ac,1,begin_to_models_done,16,1.0514375000000005,1.057471375,0.857291,1.233126,0.8245829999999996,1.3089580000000005
ac_trace,clic_a,1,1.9,8,1,1,trace,ac,2,begin_to_models_done,16,1.6830410000000002,1.693177125,1.4198954999999995,1.9815215,1.2905829999999998,2.1545000000000005
ac_trace,clic_a,1,1.9,8,1,1,trace,ac,1,dc_group_threads,16,0.0,0,0.0,0.0,0,0
ac_trace,clic_a,1,1.9,8,1,1,trace,ac,2,dc_group_threads,16,0.0,0,0.0,0.0,0,0
ac_trace,clic_a,7,1.9,8,1,1,trace,ac,1,workflow.quantization.cpu,16,0.16664550000000133,0.16426818749999939,-0.382479,0.6191250000000004,-0.6045000000000016,0.8862079999999963
ac_trace,clic_a,7,1.9,8,1,1,trace,ac,2,workflow.quantization.cpu,16,0.012103999999997228,-0.024632875000000443,-0.4666255000000028,0.4805624999999978,-0.7892499999999956,0.6602490000000003
ac_trace,clic_a,7,1.9,8,1,1,trace,ac,1,token.population_reduce.cpu,16,-0.031166499999999986,-0.0301455625,-0.1104575000000001,0.05277100000000001,-0.24204199999999987,0.10754200000000003
ac_trace,clic_a,7,1.9,8,1,1,trace,ac,2,token.population_reduce.cpu,16,0.0032085000000000585,0.0029558125000000435,-0.06254199999999988,0.06110400000000005,-0.12325000000000008,0.12145800000000007
ac_trace,clic_a,7,1.9,8,1,1,trace,ac,1,dc.prepare.cpu,16,-0.021646000000000054,-0.1223644375,-0.5910625,0.15179199999999993,-0.8253339999999998,0.41395800000000005
ac_trace,clic_a,7,1.9,8,1,1,trace,ac,2,dc.prepare.cpu,16,-0.02877099999999988,-0.03503643749999999,-0.17241700000000004,0.09733349999999996,-0.2327919999999999,0.3261249999999998
ac_trace,clic_a,7,1.9,8,1,1,trace,ac,1,entropy.dc.cpu,16,-0.006208500000000006,-0.03561706249999999,-0.2120825,0.07839600000000008,-0.3365420000000001,0.18137499999999995
ac_trace,clic_a,7,1.9,8,1,1,trace,ac,2,entropy.dc.cpu,16,-0.0017084999999999462,-0.002223875000000007,-0.07825000000000004,0.06302199999999997,-0.09070900000000015,0.15837500000000004
ac_trace,clic_a,7,1.9,8,1,1,trace,ac,1,entropy.ac.cpu,16,-0.025333999999999968,-0.10230718750000006,-0.8478955000000004,0.34154149999999994,-1.075584,0.6876670000000003
ac_trace,clic_a,7,1.9,8,1,1,trace,ac,2,entropy.ac.cpu,16,0.008875500000000258,0.0019323125000000885,-0.28329199999999966,0.17693749999999997,-0.33241600000000027,0.6544580000000004
ac_trace,clic_a,7,1.9,8,1,1,trace,ac,1,workflow.serializer.cpu,16,1.0607084999999996,0.8615519374999998,-0.7032290000000003,1.9439585,-1.636583,2.686665999999999
ac_trace,clic_a,7,1.9,8,1,1,trace,ac,2,workflow.serializer.cpu,16,1.7777504999999993,1.8183386875,1.427479,2.2067285000000005,1.0392080000000004,3.4168760000000002
ac_trace,clic_a,7,1.9,8,1,1,trace,ac,1,gpu_ready_to_reduction,16,1.719312,1.7688384375,1.6870205,1.9776465,1.6599160000000002,2.129291
ac_trace,clic_a,7,1.9,8,1,1,trace,ac,2,gpu_ready_to_reduction,16,1.720625,1.7623046875,1.6581044999999999,1.9786465,1.6329159999999998,2.099833
ac_trace,clic_a,7,1.9,8,1,1,trace,ac,1,gpu_ready_to_ac_model,16,1.0945209999999999,1.03981775,0.6492294999999999,1.338708,0.5595000000000003,1.5216260000000001
ac_trace,clic_a,7,1.9,8,1,1,trace,ac,2,gpu_ready_to_ac_model,16,1.7515619999999998,1.7985155625,1.6577915,2.075063,1.5458329999999998,2.1747490000000003
ac_trace,clic_a,7,1.9,8,1,1,trace,ac,1,dc_ready_to_dc_model,16,1.1357295,1.1409268125,1.100209,1.1911450000000001,1.068708,1.213416
ac_trace,clic_a,7,1.9,8,1,1,trace,ac,2,dc_ready_to_dc_model,16,1.162604,1.1692629375,1.1242295,1.224583,1.091667,1.254376
ac_trace,clic_a,7,1.9,8,1,1,trace,ac,1,begin_to_models_done,16,1.0507499999999999,0.8934947500000001,-0.3444164999999999,1.637604,-0.8681249999999991,2.2457499999999992
ac_trace,clic_a,7,1.9,8,1,1,trace,ac,2,begin_to_models_done,16,1.7653955000000003,1.797601375,1.4798959999999997,2.1153334999999998,1.2084160000000006,2.846125
ac_trace,clic_a,7,1.9,8,1,1,trace,ac,1,dc_group_threads,16,0.0,0,0.0,0.0,0,0
ac_trace,clic_a,7,1.9,8,1,1,trace,ac,2,dc_group_threads,16,0.0,0,0.0,0.0,0,0
batch_trace,alpine24,1,1.9,8,4,1,trace,ac,1,workflow.quantization.cpu,12,-3.119917500000014,-1.9421912500000051,-12.625791400000011,9.626437700000022,-14.231334000000004,10.310541999999998
batch_trace,alpine24,1,1.9,8,4,1,trace,ac,2,workflow.quantization.cpu,12,-0.3220215000000053,-1.022566,-8.826949099999997,6.788386900000001,-22.923292000000004,14.826792000000012
batch_trace,alpine24,1,1.9,8,4,1,trace,ac,1,dc.prepare.cpu,12,0.09852100000000008,-3.6146249166666666,-15.215192499999999,1.0406630999999997,-15.779333,3.551375
batch_trace,alpine24,1,1.9,8,4,1,trace,ac,2,dc.prepare.cpu,12,-0.9182495000000004,-1.76797225,-12.355553899999999,1.1622283000000007,-15.976333999999998,16.534333
batch_trace,alpine24,1,1.9,8,4,1,trace,ac,1,entropy.dc.cpu,12,-0.1336459999999997,-0.20491666666666664,-0.7302535999999997,0.2591335999999997,-0.7734580000000006,0.40604199999999935
batch_trace,alpine24,1,1.9,8,4,1,trace,ac,2,entropy.dc.cpu,12,0.21610400000000007,0.2637604166666667,-0.09054570000000026,0.7050500000000004,-0.2918750000000001,0.7282079999999995
batch_trace,alpine24,1,1.9,8,4,1,trace,ac,1,token.population_reduce.cpu,12,0.01908350000000003,0.10949666666666669,-0.700512,0.775901,-0.8377079999999999,0.9479159999999998
batch_trace,alpine24,1,1.9,8,4,1,trace,ac,2,token.population_reduce.cpu,12,0.01793800000000001,0.15496533333333332,-0.20054179999999996,0.7219036000000001,-0.781042,0.9157499999999998
batch_trace,alpine24,1,1.9,8,4,1,trace,ac,1,entropy.ac.cpu,12,-0.10914599999999997,-0.055246833333333356,-0.8680253,1.0851577,-1.579834,1.6284159999999996
batch_trace,alpine24,1,1.9,8,4,1,trace,ac,2,entropy.ac.cpu,12,0.2749584999999999,0.25751033333333323,-0.4182466999999998,0.8716042000000003,-0.5205410000000006,1.239833
batch_trace,alpine24,1,1.9,8,4,1,trace,ac,1,workflow.serializer.cpu,12,-1.4281875,-0.0743264166666678,-46.144042500000005,42.15026220000001,-49.470166000000006,59.658541
batch_trace,alpine24,1,1.9,8,4,1,trace,ac,2,workflow.serializer.cpu,12,-1.5936880000000038,-6.790541833333334,-59.72838779999999,37.41529940000001,-63.501166000000005,60.521416
batch_trace,alpine24,1,1.9,8,4,1,trace,ac,1,gpu_ready_to_reduction,12,0.0164795,-0.7538749166666671,-13.033311899999998,6.6195577,-16.051207,10.470792
batch_trace,alpine24,1,1.9,8,4,1,trace,ac,2,gpu_ready_to_reduction,12,0.008167500000000001,1.7376321666666665,-6.8870328999999995,10.135883900000001,-16.016417,23.261875
batch_trace,alpine24,1,1.9,8,4,1,trace,ac,1,gpu_ready_to_ac_model,12,-1.2656249999999998,-2.5441908333333334,-14.3640625,10.8192175,-15.491915999999998,12.10425
batch_trace,alpine24,1,1.9,8,4,1,trace,ac,2,gpu_ready_to_ac_model,12,0.754917,3.914659833333333,-2.3930455000000004,13.604332800000002,-15.536417,29.031541999999998
batch_trace,alpine24,1,1.9,8,4,1,trace,ac,1,dc_ready_to_dc_model,12,3.4427925000000013,2.0973369166666673,-13.836608900000002,21.974837500000003,-33.76175,25.675625
batch_trace,alpine24,1,1.9,8,4,1,trace,ac,2,dc_ready_to_dc_model,12,18.807833499999997,17.78115975,2.2703423,30.2408405,1.2753329999999998,37.392209
batch_trace,alpine24,1,1.9,8,4,1,trace,ac,1,begin_to_models_done,12,0.06639550000000227,-1.023059250000001,-13.2528875,12.986670499999997,-23.372167000000005,19.672832999999997
batch_trace,alpine24,1,1.9,8,4,1,trace,ac,2,begin_to_models_done,12,4.497354,2.3104859166666656,-9.253912499999998,14.913250299999998,-10.609334000000004,17.045874999999995
batch_trace,alpine24,1,1.9,8,4,1,trace,ac,1,dc_group_threads,12,0.0,0.9166666666666666,-1.7999999999999998,4.9,-3,5
batch_trace,alpine24,1,1.9,8,4,1,trace,ac,2,dc_group_threads,12,0.5,0.75,-1.7999999999999998,3.8000000000000007,-5,5
batch_trace,alpine24,7,1.9,8,4,1,trace,ac,1,workflow.quantization.cpu,12,-4.143812499999967,5.687270750000001,-68.89754609999999,137.69191580000006,-98.16958299999999,161.23979099999997
batch_trace,alpine24,7,1.9,8,4,1,trace,ac,2,workflow.quantization.cpu,12,-14.771833499999957,-17.196534749999987,-62.25902569999998,2.9952798000000143,-82.529583,45.05887500000006
batch_trace,alpine24,7,1.9,8,4,1,trace,ac,1,dc.prepare.cpu,12,0.1198125000000001,0.11813858333333331,-0.9912459000000002,0.7887620999999998,-1.2552089999999998,0.8337920000000003
batch_trace,alpine24,7,1.9,8,4,1,trace,ac,2,dc.prepare.cpu,12,-0.1669995000000002,-0.34370841666666657,-1.5274627999999997,0.7275615999999998,-2.121291,1.1062910000000001
batch_trace,alpine24,7,1.9,8,4,1,trace,ac,1,entropy.dc.cpu,12,-0.3766035000000003,-0.5012986666666667,-1.4366324,0.39113000000000037,-2.8268750000000002,1.1139990000000002
batch_trace,alpine24,7,1.9,8,4,1,trace,ac,2,entropy.dc.cpu,12,-0.082125,-0.3157604166666666,-1.3133622999999996,0.6290216999999996,-1.6840420000000003,0.7182490000000001
batch_trace,alpine24,7,1.9,8,4,1,trace,ac,1,token.population_reduce.cpu,12,0.004417000000000004,-0.0271700833333333,-0.18551250000000002,0.1193291000000001,-0.4065829999999999,0.24491600000000013
batch_trace,alpine24,7,1.9,8,4,1,trace,ac,2,token.population_reduce.cpu,12,-0.005228999999999928,-0.0626735833333333,-0.21226279999999997,0.11388719999999991,-0.7717080000000001,0.22608400000000017
batch_trace,alpine24,7,1.9,8,4,1,trace,ac,1,entropy.ac.cpu,12,-0.1211454999999999,-0.6172045833333334,-2.9864997,2.2355796999999997,-5.5720410000000005,3.0384589999999996
batch_trace,alpine24,7,1.9,8,4,1,trace,ac,2,entropy.ac.cpu,12,0.0553334999999997,-0.024454833333333575,-2.1829795000000005,2.1210461,-2.330041999999999,2.2971259999999987
batch_trace,alpine24,7,1.9,8,4,1,trace,ac,1,workflow.serializer.cpu,12,-2.4107705,-50.357031166666665,-197.9185747,7.8080703000000025,-206.741874,11.180416000000001
batch_trace,alpine24,7,1.9,8,4,1,trace,ac,2,workflow.serializer.cpu,12,-1.9160834999999992,0.6143785000000008,-7.4002592,18.565917000000006,-24.67575,33.713375
batch_trace,alpine24,7,1.9,8,4,1,trace,ac,1,gpu_ready_to_reduction,12,-0.003666500000000003,-44.50097924999999,-172.05890719999996,1.3620832,-194.77224999999999,1.433667
batch_trace,alpine24,7,1.9,8,4,1,trace,ac,2,gpu_ready_to_reduction,12,0.0042714999999999975,1.3304166666666668,-0.03302529999999999,1.6867661000000003,-0.6103749999999999,10.99225
batch_trace,alpine24,7,1.9,8,4,1,trace,ac,1,gpu_ready_to_ac_model,12,-0.01883350000000006,-45.062166833333336,-172.35019190000003,1.0034577000000002,-194.786917,1.3844999999999998
batch_trace,alpine24,7,1.9,8,4,1,trace,ac,2,gpu_ready_to_ac_model,12,0.15685450000000012,1.3082778333333334,-0.19441310000000003,1.5195839000000002,-0.5891249999999997,11.154999
batch_trace,alpine24,7,1.9,8,4,1,trace,ac,1,dc_ready_to_dc_model,12,-3.5577914999999996,-47.40423941666666,-187.33447109999997,8.767992300000003,-197.758417,16.217126
batch_trace,alpine24,7,1.9,8,4,1,trace,ac,2,dc_ready_to_dc_model,12,8.3275,9.6633055,1.214542,16.942032400000002,1.200291,34.335209
batch_trace,alpine24,7,1.9,8,4,1,trace,ac,1,begin_to_models_done,12,-2.2496659999999995,-48.39441291666667,-192.4489702,8.604067000000008,-196.851792,11.382957999999995
batch_trace,alpine24,7,1.9,8,4,1,trace,ac,2,begin_to_models_done,12,-0.801083499999999,1.3686494166666663,-6.423170800000001,17.5688248,-20.027458000000003,33.180167
batch_trace,alpine24,7,1.9,8,4,1,trace,ac,1,dc_group_threads,12,0.0,0,0.0,0.0,0,0
batch_trace,alpine24,7,1.9,8,4,1,trace,ac,2,dc_group_threads,12,0.0,0.08333333333333333,0.0,0.0,0,1
batch_trace,clic_a,1,1.9,8,4,1,trace,ac,1,workflow.quantization.cpu,12,0.20972900000000028,-0.03785049999999993,-1.0050662999999995,1.2230667000000004,-4.390540999999999,1.4748329999999985
batch_trace,clic_a,1,1.9,8,4,1,trace,ac,2,workflow.quantization.cpu,12,0.27937549999999955,0.32818758333333314,-0.5931210999999997,1.0923993999999988,-1.0311250000000012,1.5390420000000002
batch_trace,clic_a,1,1.9,8,4,1,trace,ac,1,dc.prepare.cpu,12,-0.01212549999999979,-0.006958583333333361,-0.042638400000000146,0.029207699999999955,-0.09791600000000011,0.11383300000000007
batch_trace,clic_a,1,1.9,8,4,1,trace,ac,2,dc.prepare.cpu,12,-0.01781199999999994,-0.010673750000000037,-0.060849800000000176,0.014211899999999923,-0.08725000000000005,0.14975000000000005
batch_trace,clic_a,1,1.9,8,4,1,trace,ac,1,entropy.dc.cpu,12,-0.07760400000000012,-0.10012158333333336,-0.2036499999999999,-0.002378899999999788,-0.34825000000000017,0.04595799999999994
batch_trace,clic_a,1,1.9,8,4,1,trace,ac,2,entropy.dc.cpu,12,-0.041459000000000024,-0.07118758333333335,-0.21584639999999988,0.0388958000000001,-0.4590000000000001,0.16708299999999987
batch_trace,clic_a,1,1.9,8,4,1,trace,ac,1,token.population_reduce.cpu,12,0.0019165000000000987,0.036854250000000054,-0.06170769999999988,0.2128298000000001,-0.11358399999999991,0.39195800000000003
batch_trace,clic_a,1,1.9,8,4,1,trace,ac,2,token.population_reduce.cpu,12,-0.014082999999999957,-0.01586783333333332,-0.0746204999999999,0.09108399999999997,-0.28341700000000003,0.09345800000000004
batch_trace,clic_a,1,1.9,8,4,1,trace,ac,1,entropy.ac.cpu,12,-0.11197900000000005,-0.08024658333333334,-0.2778875,0.14180350000000003,-0.30837499999999984,0.36395900000000037
batch_trace,clic_a,1,1.9,8,4,1,trace,ac,2,entropy.ac.cpu,12,-0.144042,-0.15903475000000003,-0.3963753,0.14571310000000032,-0.45704199999999995,0.2120829999999998
batch_trace,clic_a,1,1.9,8,4,1,trace,ac,1,workflow.serializer.cpu,12,-0.23675000000000068,-0.7953680000000002,-2.8872119000000005,1.1970580000000002,-3.1641250000000003,1.3330000000000002
batch_trace,clic_a,1,1.9,8,4,1,trace,ac,2,workflow.serializer.cpu,12,-0.5864574999999999,-0.7550344166666667,-1.9050579999999997,-0.010738000000001142,-2.2261670000000002,0.8186260000000001
batch_trace,clic_a,1,1.9,8,4,1,trace,ac,1,gpu_ready_to_reduction,12,0.179354,0.3462394166666667,-0.4327664000000001,1.487578,-1.8813750000000002,1.625917
batch_trace,clic_a,1,1.9,8,4,1,trace,ac,2,gpu_ready_to_reduction,12,0.13493800000000006,0.48374633333333333,-0.02261760000000002,1.5008125,-0.476459,1.897416
batch_trace,clic_a,1,1.9,8,4,1,trace,ac,1,gpu_ready_to_ac_model,12,0.08781250000000018,0.1814619166666667,-1.3958827,1.5072950000000003,-1.5280829999999999,1.5982089999999998
batch_trace,clic_a,1,1.9,8,4,1,trace,ac,2,gpu_ready_to_ac_model,12,0.1832919999999998,0.5003334166666666,0.0025496999999998155,1.500583,-0.32054199999999966,1.664708
batch_trace,clic_a,1,1.9,8,4,1,trace,ac,1,dc_ready_to_dc_model,12,0.6053335,0.4631322500000001,0.12492950000000057,1.128317,-1.8599569999999999,1.137792
batch_trace,clic_a,1,1.9,8,4,1,trace,ac,2,dc_ready_to_dc_model,12,1.1881665,1.8023541666666667,0.089662,4.4210619,-0.05129199999999989,5.123333000000001
batch_trace,clic_a,1,1.9,8,4,1,trace,ac,1,begin_to_models_done,12,0.3591875,0.19681250000000014,-0.4011739999999997,1.1280327000000006,-2.257916,1.2777500000000002
batch_trace,clic_a,1,1.9,8,4,1,trace,ac,2,begin_to_models_done,12,-0.05120849999999999,-0.002371416666666478,-0.9092743999999989,0.7381500000000001,-1.1257909999999995,1.2345420000000003
batch_trace,clic_a,1,1.9,8,4,1,trace,ac,1,dc_group_threads,12,0.0,0,0.0,0.0,0,0
batch_trace,clic_a,1,1.9,8,4,1,trace,ac,2,dc_group_threads,12,0.0,0,0.0,0.0,0,0
batch_trace,clic_a,7,1.9,8,4,1,trace,ac,1,workflow.quantization.cpu,12,12.100270999999978,6.342899499999994,-46.166083000000015,62.389795500000005,-60.268041,83.934083
batch_trace,clic_a,7,1.9,8,4,1,trace,ac,2,workflow.quantization.cpu,12,2.7418334999999985,1.5388299999999984,-48.907583,29.083724900000007,-59.416291000000015,88.495292
batch_trace,clic_a,7,1.9,8,4,1,trace,ac,1,dc.prepare.cpu,12,-0.14022899999999994,-0.07637166666666662,-0.5478705,0.5219744000000003,-0.7116669999999998,0.562583
batch_trace,clic_a,7,1.9,8,4,1,trace,ac,2,dc.prepare.cpu,12,0.32072849999999997,0.2729165,-0.29950059999999984,0.8970998000000001,-0.5067090000000003,1.093626
batch_trace,clic_a,7,1.9,8,4,1,trace,ac,1,entropy.dc.cpu,12,-0.45400000000000007,-0.5911563333333334,-1.3210590000000002,0.23233300000000007,-1.608583,0.28137499999999993
batch_trace,clic_a,7,1.9,8,4,1,trace,ac,2,entropy.dc.cpu,12,0.11529100000000003,0.18598941666666668,-0.17376300000000003,0.5014759000000001,-0.1981259999999998,0.6419159999999999
batch_trace,clic_a,7,1.9,8,4,1,trace,ac,1,token.population_reduce.cpu,12,-0.040312000000000014,-0.040569583333333346,-0.1833583,0.09313240000000016,-0.20370900000000014,0.1934579999999999
batch_trace,clic_a,7,1.9,8,4,1,trace,ac,2,token.population_reduce.cpu,12,0.019938000000000122,0.010087000000000013,-0.1814413000000001,0.16712080000000004,-0.259833,0.196542
batch_trace,clic_a,7,1.9,8,4,1,trace,ac,1,entropy.ac.cpu,12,-0.5200624999999999,-0.3966075833333334,-1.5853202999999998,0.5974247000000001,-1.6356660000000005,0.9573749999999999
batch_trace,clic_a,7,1.9,8,4,1,trace,ac,2,entropy.ac.cpu,12,0.665208,0.49686108333333334,-0.4134455,1.2680875000000003,-0.7075840000000007,1.362
batch_trace,clic_a,7,1.9,8,4,1,trace,ac,1,workflow.serializer.cpu,12,-5.231542000000001,-6.583461916666666,-50.2863712,43.008516900000004,-61.375208,58.680459
batch_trace,clic_a,7,1.9,8,4,1,trace,ac,2,workflow.serializer.cpu,12,0.8883539999999996,3.2429515833333324,-25.414570700000002,21.4881753,-33.264834,54.815168
batch_trace,clic_a,7,1.9,8,4,1,trace,ac,1,gpu_ready_to_reduction,12,-3.025084,-9.69352075,-49.847458399999994,20.912929200000008,-54.53225,42.513667999999996
batch_trace,clic_a,7,1.9,8,4,1,trace,ac,2,gpu_ready_to_reduction,12,-0.018625000000000003,-3.6908856666666665,-26.4903706,6.176121400000003,-28.732501,22.975999
batch_trace,clic_a,7,1.9,8,4,1,trace,ac,1,gpu_ready_to_ac_model,12,-3.2908964999999997,-10.090673666666667,-50.1450369,20.683583300000006,-54.724792,42.626625
batch_trace,clic_a,7,1.9,8,4,1,trace,ac,2,gpu_ready_to_ac_model,12,-0.14266650000000003,-3.6340902500000003,-26.3396708,6.430679700000002,-28.533001,23.038041
batch_trace,clic_a,7,1.9,8,4,1,trace,ac,1,dc_ready_to_dc_model,12,-3.711937,-5.141975499999999,-49.33483749999999,42.80656700000001,-54.817541,56.548291
batch_trace,clic_a,7,1.9,8,4,1,trace,ac,2,dc_ready_to_dc_model,12,3.5584795,14.187288416666666,1.4093955999999999,55.013629500000015,1.3655419999999998,60.347834
batch_trace,clic_a,7,1.9,8,4,1,trace,ac,1,begin_to_models_done,12,-4.384436999999998,-5.940052083333334,-50.6827368,42.59136600000001,-56.930249999999994,57.188833
batch_trace,clic_a,7,1.9,8,4,1,trace,ac,2,begin_to_models_done,12,1.0965630000000006,2.6869967500000005,-26.3883747,21.201812200000006,-30.307748999999998,53.54
batch_trace,clic_a,7,1.9,8,4,1,trace,ac,1,dc_group_threads,12,0.0,0,0.0,0.0,0,0
batch_trace,clic_a,7,1.9,8,4,1,trace,ac,2,dc_group_threads,12,0.0,0,0.0,0.0,0,0
cpu_tokens,alpine24,1,1.9,8,1,0,trace,ac,1,workflow.quantization.cpu,6,-0.08802150000000353,-0.20441683333333552,-1.1002500000000026,0.5750209999999996,-1.4102080000000043,0.7309580000000011
cpu_tokens,alpine24,1,1.9,8,1,0,trace,ac,2,workflow.quantization.cpu,6,-0.7836880000000015,-0.5259030000000008,-1.0477290000000004,0.2537079999999996,-1.1744580000000013,0.7602499999999992
cpu_tokens,alpine24,1,1.9,8,1,0,trace,ac,1,dc.prepare.cpu,6,-0.013541999999999943,-0.0030001666666666558,-0.03247950000000022,0.03702100000000019,-0.04129200000000033,0.06416700000000031
cpu_tokens,alpine24,1,1.9,8,1,0,trace,ac,2,dc.prepare.cpu,6,-0.02291600000000016,-0.025624500000000012,-0.06974949999999991,0.015792000000000028,-0.08629099999999967,0.033333999999999975
cpu_tokens,alpine24,1,1.9,8,1,0,trace,ac,1,entropy.ac.cpu,6,-0.05914649999999977,-0.033889166666666526,-0.18147899999999995,0.13895800000000014,-0.224958,0.1900409999999999
cpu_tokens,alpine24,1,1.9,8,1,0,trace,ac,2,entropy.ac.cpu,6,0.013291500000000234,0.02052050000000009,-0.07747949999999992,0.12574949999999996,-0.13695900000000005,0.14241599999999988
cpu_tokens,alpine24,1,1.9,8,1,0,trace,ac,1,entropy.dc.cpu,6,-8.350000000012514e-05,0.018707833333333035,-0.18575100000000022,0.24195799999999945,-0.23304300000000033,0.3284999999999991
cpu_tokens,alpine24,1,1.9,8,1,0,trace,ac,2,entropy.dc.cpu,6,-0.014416999999999902,-0.01747933333333333,-0.18712499999999999,0.1491039999999999,-0.2436259999999999,0.23883299999999963
cpu_tokens,alpine24,1,1.9,8,1,0,trace,ac,1,workflow.serializer.cpu,6,0.05018799999999857,-0.017680333333333447,-0.3987294999999982,0.2955004999999993,-0.48791699999999594,0.31016699999999986
cpu_tokens,alpine24,1,1.9,8,1,0,trace,ac,2,workflow.serializer.cpu,6,-0.030812999999998425,-0.054895833333333144,-0.3278959999999991,0.19402149999999807,-0.5031249999999972,0.26754199999999884
cpu_tokens,alpine24,1,1.9,8,1,0,trace,ac,1,dc_ready_to_dc_model,6,-0.007312000000000651,0.030298999999999705,-0.05537499999999973,0.1535839999999995,-0.07170799999999922,0.26279199999999925
cpu_tokens,alpine24,1,1.9,8,1,0,trace,ac,2,dc_ready_to_dc_model,6,-0.022729,-0.0010974999999998996,-0.16660449999999916,0.18604099999999946,-0.21508399999999916,0.33770799999999923
cpu_tokens,alpine24,1,1.9,8,1,0,trace,ac,1,dc_group_threads,6,0.0,0,0.0,0.0,0,0
cpu_tokens,alpine24,1,1.9,8,1,0,trace,ac,2,dc_group_threads,6,0.0,0,0.0,0.0,0,0
cpu_tokens,alpine24,7,1.9,8,1,0,trace,ac,1,workflow.quantization.cpu,6,-1.1522709999999847,-1.652791666666663,-4.622354000000001,0.8162499999999966,-5.5879170000000045,1.4119999999999777
cpu_tokens,alpine24,7,1.9,8,1,0,trace,ac,2,workflow.quantization.cpu,6,-0.4724369999999851,-0.7095136666666614,-2.544291500000014,0.888187500000015,-4.007625000000019,1.4497920000000022
cpu_tokens,alpine24,7,1.9,8,1,0,trace,ac,1,dc.prepare.cpu,6,0.10552099999999998,0.1034238333333332,-0.6171035000000002,0.8218539999999999,-0.7933740000000005,1.220958
cpu_tokens,alpine24,7,1.9,8,1,0,trace,ac,2,dc.prepare.cpu,6,0.19106250000000014,-0.06761783333333334,-1.3699370000000002,0.976021,-2.173541,1.1475
cpu_tokens,alpine24,7,1.9,8,1,0,trace,ac,1,entropy.dc.cpu,6,-0.09027100000000021,0.13310416666666644,-0.21504150000000055,0.7046250000000001,-0.29904100000000033,0.7655409999999998
cpu_tokens,alpine24,7,1.9,8,1,0,trace,ac,2,entropy.dc.cpu,6,-0.0330410000000001,0.02070816666666671,-0.42710500000000007,0.5222705000000003,-0.7727510000000004,0.6190420000000003
cpu_tokens,alpine24,7,1.9,8,1,0,trace,ac,1,entropy.ac.cpu,6,-0.012458499999999262,0.07137500000000004,-0.6506455000000004,0.8772289999999998,-1.0632920000000006,1.1077089999999998
cpu_tokens,alpine24,7,1.9,8,1,0,trace,ac,2,entropy.ac.cpu,6,0.029728999999999672,0.005319333333332861,-0.8490834999999999,0.8353124999999988,-1.593083,1.0226669999999984
cpu_tokens,alpine24,7,1.9,8,1,0,trace,ac,1,workflow.serializer.cpu,6,0.2384379999999986,0.7615554999999988,-2.3461670000000012,4.392395499999999,-4.112709000000002,5.763249999999999
cpu_tokens,alpine24,7,1.9,8,1,0,trace,ac,2,workflow.serializer.cpu,6,0.22295850000000073,0.33692350000000104,-3.6932084999999972,4.4810205,-6.934833999999995,5.696832999999998
cpu_tokens,alpine24,7,1.9,8,1,0,trace,ac,1,dc_ready_to_dc_model,6,0.04566649999999939,0.43425699999999995,-0.9449164999999997,2.2020210000000002,-1.8702499999999986,2.6296250000000008
cpu_tokens,alpine24,7,1.9,8,1,0,trace,ac,2,dc_ready_to_dc_model,6,0.1136670000000004,0.33901416666666656,-1.2411875000000006,2.1445629999999998,-2.436,2.6060420000000004
cpu_tokens,alpine24,7,1.9,8,1,0,trace,ac,1,dc_group_threads,6,0.0,0,0.0,0.0,0,0
cpu_tokens,alpine24,7,1.9,8,1,0,trace,ac,2,dc_group_threads,6,0.0,0,0.0,0.0,0,0
cpu_tokens,clic_a,1,1.9,8,1,0,trace,ac,1,workflow.quantization.cpu,6,0.02112500000000006,0.6612291666666666,-0.08625000000000016,2.0488125,-0.10787499999999994,2.1825
cpu_tokens,clic_a,1,1.9,8,1,0,trace,ac,2,workflow.quantization.cpu,6,-0.15208400000000033,-0.03836833333333356,-1.2000415000000002,1.2370204999999999,-1.6436250000000001,1.996041
cpu_tokens,clic_a,1,1.9,8,1,0,trace,ac,1,dc.prepare.cpu,6,-0.012916499999999997,-0.03766666666666666,-0.11499999999999999,0.0149165,-0.2095419999999999,0.016709000000000085
cpu_tokens,clic_a,1,1.9,8,1,0,trace,ac,2,dc.prepare.cpu,6,0.007770999999999972,0.001555333333333279,-0.02606300000000017,0.022958000000000034,-0.03554200000000041,0.02891699999999986
cpu_tokens,clic_a,1,1.9,8,1,0,trace,ac,1,entropy.dc.cpu,6,0.010186999999999946,0.0257708333333333,-0.0008329999999999727,0.06795849999999992,-0.00158299999999989,0.10979199999999989
cpu_tokens,clic_a,1,1.9,8,1,0,trace,ac,2,entropy.dc.cpu,6,0.009229500000000002,-0.003270666666666681,-0.03591599999999995,0.016874499999999903,-0.06524899999999989,0.020457999999999865
cpu_tokens,clic_a,1,1.9,8,1,0,trace,ac,1,entropy.ac.cpu,6,0.008020999999999834,-0.00013883333333334727,-0.026812499999999906,0.01837500000000003,-0.030041999999999902,0.025875000000000092
cpu_tokens,clic_a,1,1.9,8,1,0,trace,ac,2,entropy.ac.cpu,6,-0.01377050000000013,0.0009933333333333276,-0.05902049999999992,0.07577100000000003,-0.0896659999999998,0.11529200000000017
cpu_tokens,clic_a,1,1.9,8,1,0,trace,ac,1,workflow.serializer.cpu,6,0.04906199999999927,-0.01358333333333365,-0.24102099999999993,0.1512089999999997,-0.24995799999999946,0.16004299999999994
cpu_tokens,clic_a,1,1.9,8,1,0,trace,ac,2,workflow.serializer.cpu,6,-0.09362549999999992,-0.044104499999999845,-0.17945849999999997,0.14077050000000035,-0.18983300000000014,0.1590410000000002
cpu_tokens,clic_a,1,1.9,8,1,0,trace,ac,1,dc_ready_to_dc_model,6,0.03381199999999995,-0.02968083333333334,-0.2609794999999999,0.13812499999999994,-0.39491699999999996,0.16854199999999997
cpu_tokens,clic_a,1,1.9,8,1,0,trace,ac,2,dc_ready_to_dc_model,6,-0.1257085000000001,-0.11458350000000002,-0.23043749999999996,0.012395500000000004,-0.30737499999999995,0.10591600000000012
cpu_tokens,clic_a,1,1.9,8,1,0,trace,ac,1,dc_group_threads,6,0.0,0,0.0,0.0,0,0
cpu_tokens,clic_a,1,1.9,8,1,0,trace,ac,2,dc_group_threads,6,0.0,0,0.0,0.0,0,0
cpu_tokens,clic_a,7,1.9,8,1,0,trace,ac,1,workflow.quantization.cpu,6,-0.030145499999999714,0.0718963333333349,-0.4788744999999963,0.7247090000000007,-0.6410829999999947,0.7591669999999979
cpu_tokens,clic_a,7,1.9,8,1,0,trace,ac,2,workflow.quantization.cpu,6,-0.010999500000000495,0.010500333333334074,-0.5157704999999986,0.5582710000000013,-0.6841249999999945,0.8380420000000015
cpu_tokens,clic_a,7,1.9,8,1,0,trace,ac,1,dc.prepare.cpu,6,-0.006333499999999992,-0.1330555,-0.52125,0.128417,-0.6631670000000001,0.23104199999999997
cpu_tokens,clic_a,7,1.9,8,1,0,trace,ac,2,dc.prepare.cpu,6,-0.0038330000000001974,0.07747933333333323,-0.09725000000000006,0.33352099999999996,-0.16616700000000018,0.6214170000000001
cpu_tokens,clic_a,7,1.9,8,1,0,trace,ac,1,entropy.dc.cpu,6,-0.03093749999999995,-0.07027099999999997,-0.23781250000000004,0.05793700000000007,-0.265667,0.07999900000000004
cpu_tokens,clic_a,7,1.9,8,1,0,trace,ac,2,entropy.dc.cpu,6,0.013229500000000005,0.03365983333333333,-0.03179150000000003,0.11954150000000002,-0.05741600000000002,0.20962500000000006
cpu_tokens,clic_a,7,1.9,8,1,0,trace,ac,1,entropy.ac.cpu,6,-0.10839599999999994,-0.23506249999999995,-0.6532085000000001,0.05641700000000016,-0.9859590000000003,0.07804199999999994
cpu_tokens,clic_a,7,1.9,8,1,0,trace,ac,2,entropy.ac.cpu,6,0.051249999999999796,0.09922883333333332,-0.18706349999999983,0.4335,-0.2972089999999996,0.5633750000000002
cpu_tokens,clic_a,7,1.9,8,1,0,trace,ac,1,workflow.serializer.cpu,6,-0.06777049999999996,-0.45531266666666664,-1.8388545,0.5406870000000001,-2.3632089999999994,0.7394569999999998
cpu_tokens,clic_a,7,1.9,8,1,0,trace,ac,2,workflow.serializer.cpu,6,0.14983350000000062,0.31411783333333404,-0.32445849999999954,1.116978500000001,-0.5805419999999994,1.897457000000001
cpu_tokens,clic_a,7,1.9,8,1,0,trace,ac,1,dc_ready_to_dc_model,6,0.057791999999999955,0.01820866666666669,-0.2871245,0.2839585000000001,-0.38170799999999994,0.3045420000000001
cpu_tokens,clic_a,7,1.9,8,1,0,trace,ac,2,dc_ready_to_dc_model,6,0.10881249999999998,0.127632,-0.01635399999999998,0.2904375,-0.035957999999999934,0.312125
cpu_tokens,clic_a,7,1.9,8,1,0,trace,ac,1,dc_group_threads,6,0.0,0,0.0,0.0,0,0
cpu_tokens,clic_a,7,1.9,8,1,0,trace,ac,2,dc_group_threads,6,0.0,0,0.0,0.0,0,0
cpu_trace,alpine24,1,1.9,2,1,1,trace,ac,1,workflow.quantization.cpu,6,-0.45206250000000026,-0.40592366666666396,-0.7572919999999961,-0.008416499999995608,-0.8064589999999967,0.046167000000004066
cpu_trace,alpine24,1,1.9,2,1,1,trace,ac,2,workflow.quantization.cpu,6,-0.2560634999999962,-0.26931299999999797,-0.7942084999999999,0.24233300000000213,-1.1481670000000008,0.661208000000002
cpu_trace,alpine24,1,1.9,2,1,1,trace,ac,1,token.population_reduce.cpu,6,-0.019270999999999927,-0.04056966666666665,-0.10872899999999996,0.0062909999999999355,-0.19399999999999995,0.019166000000000016
cpu_trace,alpine24,1,1.9,2,1,1,trace,ac,2,token.population_reduce.cpu,6,-0.01681250000000012,-0.03847900000000004,-0.09650000000000003,-0.0021244999999999736,-0.1712499999999999,0.0037920000000000176
cpu_trace,alpine24,1,1.9,2,1,1,trace,ac,1,entropy.ac.cpu,6,0.024875000000000203,0.012381999999999968,-0.1382920000000003,0.150563,-0.18437500000000018,0.17991699999999966
cpu_trace,alpine24,1,1.9,2,1,1,trace,ac,2,entropy.ac.cpu,6,0.018500000000000405,-0.04045816666666665,-0.19522900000000032,0.05535449999999997,-0.22625000000000028,0.07995899999999967
cpu_trace,alpine24,1,1.9,2,1,1,trace,ac,1,dc.prepare.cpu,6,-9.131063000000001,-9.1230905,-9.288041999999999,-8.9501665,-9.394376,-8.938333
cpu_trace,alpine24,1,1.9,2,1,1,trace,ac,2,dc.prepare.cpu,6,-9.225792,-9.295701666666668,-9.6291255,-9.0321875,-9.801292000000002,-8.954041
cpu_trace,alpine24,1,1.9,2,1,1,trace,ac,1,entropy.dc.cpu,6,-0.006187000000000165,-0.03247183333333329,-0.2817289999999999,0.19050050000000018,-0.34966700000000017,0.20279199999999964
cpu_trace,alpine24,1,1.9,2,1,1,trace,ac,2,entropy.dc.cpu,6,-0.04200000000000026,-0.00038866666666666677,-0.16289549999999986,0.20372950000000012,-0.19899999999999984,0.2839590000000003
cpu_trace,alpine24,1,1.9,2,1,1,trace,ac,1,workflow.serializer.cpu,6,-8.515436999999991,-8.21343033333333,-10.342583000000001,-5.782270999999998,-10.694333000000007,-5.041916999999998
cpu_trace,alpine24,1,1.9,2,1,1,trace,ac,2,workflow.serializer.cpu,6,-8.144729499999997,-7.747194333333333,-9.233603500000001,-5.863250000000001,-9.724874,-5.0945409999999995
cpu_trace,alpine24,1,1.9,2,1,1,trace,ac,1,gpu_ready_to_reduction,6,6.482292,6.462055666666666,6.190583500000001,6.7132914999999995,5.969168,6.759166
cpu_trace,alpine24,1,1.9,2,1,1,trace,ac,2,gpu_ready_to_reduction,6,6.4655830000000005,6.4539721666666665,6.1862085,6.710125,5.97825,6.7616249999999996
cpu_trace,alpine24,1,1.9,2,1,1,trace,ac,1,gpu_ready_to_ac_model,6,-8.2589375,-8.248395666666667,-8.5729365,-7.913313,-8.649707,-7.768292000000001
cpu_trace,alpine24,1,1.9,2,1,1,trace,ac,2,gpu_ready_to_ac_model,6,6.49575,6.478236166666667,6.177625,6.761333500000001,6.041,6.822292000000001
cpu_trace,alpine24,1,1.9,2,1,1,trace,ac,1,dc_ready_to_dc_model,6,1.1234375,1.1260555,1.1169790000000002,1.13775,1.1143750000000001,1.145375
cpu_trace,alpine24,1,1.9,2,1,1,trace,ac,2,dc_ready_to_dc_model,6,1.152625,1.1554721666666667,1.1456455,1.1681460000000001,1.143416,1.178542
cpu_trace,alpine24,1,1.9,2,1,1,trace,ac,1,begin_to_models_done,6,-8.088395499999999,-8.023978999999999,-8.2048335,-7.778708,-8.232,-7.670583000000001
cpu_trace,alpine24,1,1.9,2,1,1,trace,ac,2,begin_to_models_done,6,-7.9974989999999995,-8.136923166666666,-8.5171245,-7.896146,-8.957082999999997,-7.857707999999999
cpu_trace,alpine24,1,1.9,2,1,1,trace,ac,1,dc_group_threads,6,1.0,1,1.0,1.0,1,1
cpu_trace,alpine24,1,1.9,2,1,1,trace,ac,2,dc_group_threads,6,1.0,1,1.0,1.0,1,1
cpu_trace,alpine24,1,1.9,4,1,1,trace,ac,1,workflow.quantization.cpu,6,0.23672899999999686,0.17165266666666668,-0.557875499999998,0.8361045000000011,-1.3056249999999991,1.2115420000000015
cpu_trace,alpine24,1,1.9,4,1,1,trace,ac,2,workflow.quantization.cpu,6,0.12385400000000146,0.27008316666666826,-0.5961250000000007,1.282520500000004,-0.7432090000000002,1.3794160000000062
cpu_trace,alpine24,1,1.9,4,1,1,trace,ac,1,token.population_reduce.cpu,6,-0.035646000000000067,-0.09912516666666667,-0.24591649999999998,-0.015812999999999966,-0.4398329999999999,-0.007541999999999938
cpu_trace,alpine24,1,1.9,4,1,1,trace,ac,2,token.population_reduce.cpu,6,-0.04627099999999995,-0.049902999999999996,-0.07250049999999997,-0.030937500000000062,-0.08062600000000009,-0.027834000000000136
cpu_trace,alpine24,1,1.9,4,1,1,trace,ac,1,dc.prepare.cpu,6,-0.25279149999999984,-0.22032633333333326,-0.3240630000000002,-0.08412449999999971,-0.3501669999999999,-0.055290999999999535
cpu_trace,alpine24,1,1.9,4,1,1,trace,ac,2,dc.prepare.cpu,6,-0.18774999999999986,-0.18723599999999996,-0.2988124999999999,-0.07514550000000009,-0.32420900000000064,-0.0005410000000001247
cpu_trace,alpine24,1,1.9,4,1,1,trace,ac,1,entropy.ac.cpu,6,-0.0914170000000003,-0.17207666666666657,-0.4693749999999999,0.044562000000000435,-0.6117499999999998,0.0807500000000001
cpu_trace,alpine24,1,1.9,4,1,1,trace,ac,2,entropy.ac.cpu,6,-0.0015205000000002578,0.002749999999999956,-0.13593799999999945,0.14570849999999957,-0.15199999999999925,0.2214589999999994
cpu_trace,alpine24,1,1.9,4,1,1,trace,ac,1,entropy.dc.cpu,6,-0.03131300000000037,0.024930333333333127,-0.2343955000000002,0.34049949999999995,-0.30587500000000034,0.4330829999999999
cpu_trace,alpine24,1,1.9,4,1,1,trace,ac,2,entropy.dc.cpu,6,0.08797899999999981,-0.06870833333333322,-0.4776244999999997,0.1835205000000002,-0.4834579999999997,0.20058299999999996
cpu_trace,alpine24,1,1.9,4,1,1,trace,ac,1,workflow.serializer.cpu,6,0.7058749999999989,0.6300623333333325,-0.1863759999999992,1.3706879999999977,-0.3797089999999983,1.4912089999999978
cpu_trace,alpine24,1,1.9,4,1,1,trace,ac,2,workflow.serializer.cpu,6,1.1898955000000022,0.967999833333335,0.23520800000000364,1.4788959999999989,0.17666600000000443,1.6323340000000002
cpu_trace,alpine24,1,1.9,4,1,1,trace,ac,1,gpu_ready_to_reduction,6,3.4797700000000003,3.5432913333333333,3.4318955,3.7182085000000002,3.427041,3.728625
cpu_trace,alpine24,1,1.9,4,1,1,trace,ac,2,gpu_ready_to_reduction,6,3.488125,3.5439308333333335,3.4150834999999997,3.728584,3.377375,3.738542
cpu_trace,alpine24,1,1.9,4,1,1,trace,ac,1,gpu_ready_to_ac_model,6,0.9813959999999997,1.0159026666666664,0.890374,1.1759379999999997,0.8386240000000003,1.2278339999999996
cpu_trace,alpine24,1,1.9,4,1,1,trace,ac,2,gpu_ready_to_ac_model,6,3.4956879999999995,3.5371111666666666,3.3913745,3.724271,3.3257070000000004,3.7397919999999996
cpu_trace,alpine24,1,1.9,4,1,1,trace,ac,1,dc_ready_to_dc_model,6,1.1234375,1.1311598333333333,1.122188,1.1478540000000002,1.121584,1.165041
cpu_trace,alpine24,1,1.9,4,1,1,trace,ac,2,dc_ready_to_dc_model,6,1.1493755,1.1571390000000001,1.1458125,1.1762290000000002,1.145125,1.194166
cpu_trace,alpine24,1,1.9,4,1,1,trace,ac,1,begin_to_models_done,6,0.8764159999999999,0.9003744999999999,0.5822494999999996,1.242458,0.42674899999999916,1.265625
cpu_trace,alpine24,1,1.9,4,1,1,trace,ac,2,begin_to_models_done,6,1.0909795000000004,0.977319333333333,0.6476664999999997,1.1933119999999988,0.6251660000000001,1.2051659999999984
cpu_trace,alpine24,1,1.9,4,1,1,trace,ac,1,dc_group_threads,6,1.0,1,1.0,1.0,1,1
cpu_trace,alpine24,1,1.9,4,1,1,trace,ac,2,dc_group_threads,6,1.0,1,1.0,1.0,1,1
cpu_trace,alpine24,7,1.9,2,1,1,trace,ac,1,workflow.quantization.cpu,6,-1.6741665000000125,-1.797173333333338,-5.967229000000003,2.2498755000000017,-8.663625000000025,3.5329169999999976
cpu_trace,alpine24,7,1.9,2,1,1,trace,ac,2,workflow.quantization.cpu,6,-1.6327074999999809,-1.8471384999999902,-5.973832999999985,2.0651249999999948,-7.12379199999998,3.7950409999999692
cpu_trace,alpine24,7,1.9,2,1,1,trace,ac,1,token.population_reduce.cpu,6,-0.029041499999999942,-0.06548583333333328,-0.16227099999999994,-0.005144999999999955,-0.19699999999999984,0.006626000000000021
cpu_trace,alpine24,7,1.9,2,1,1,trace,ac,2,token.population_reduce.cpu,6,-0.039563000000000015,-0.059923666666666674,-0.13212500000000005,-0.008082999999999951,-0.19820799999999994,-0.007290999999999936
cpu_trace,alpine24,7,1.9,2,1,1,trace,ac,1,entropy.ac.cpu,6,-0.11735350000000011,-0.35178450000000056,-1.0864170000000009,0.14841699999999935,-1.1877510000000004,0.25191699999999884
cpu_trace,alpine24,7,1.9,2,1,1,trace,ac,2,entropy.ac.cpu,6,-0.3801874999999999,-0.8269028333333335,-2.0534800000000004,-0.04704100000000011,-2.4700430000000004,-0.012874000000000052
cpu_trace,alpine24,7,1.9,2,1,1,trace,ac,1,dc.prepare.cpu,6,-8.508,-9.9515835,-12.888042,-8.4587085,-13.933084000000001,-8.439458
cpu_trace,alpine24,7,1.9,2,1,1,trace,ac,2,dc.prepare.cpu,6,-8.893563,-9.8949515,-12.118895499999999,-8.672395999999999,-12.942374999999998,-8.637666999999999
cpu_trace,alpine24,7,1.9,2,1,1,trace,ac,1,entropy.dc.cpu,6,-0.1561465000000004,-0.26573633333333335,-0.5887914999999999,-0.052270999999999734,-0.7742920000000004,0.00812500000000016
cpu_trace,alpine24,7,1.9,2,1,1,trace,ac,2,entropy.dc.cpu,6,-0.17325000000000013,-0.22261133333333336,-0.44789599999999985,-0.04668800000000006,-0.5222500000000001,0.008624999999999883
cpu_trace,alpine24,7,1.9,2,1,1,trace,ac,1,workflow.serializer.cpu,6,-6.8572089999999974,-8.763812666666665,-13.377707999999998,-6.056521,-14.707583,-5.921959000000001
cpu_trace,alpine24,7,1.9,2,1,1,trace,ac,2,workflow.serializer.cpu,6,-0.8017710000000022,-2.384625166666666,-6.965770499999998,0.613666000000002,-7.9099159999999955,1.3989580000000004
cpu_trace,alpine24,7,1.9,2,1,1,trace,ac,1,gpu_ready_to_reduction,6,6.1157705,6.075923333333333,5.811187500000001,6.300812,5.805792,6.361291
cpu_trace,alpine24,7,1.9,2,1,1,trace,ac,2,gpu_ready_to_reduction,6,6.114312,6.086423666666667,5.8013545,6.3436045,5.789209,6.430584
cpu_trace,alpine24,7,1.9,2,1,1,trace,ac,1,gpu_ready_to_ac_model,6,-7.4571255,-8.8202295,-11.794979,-7.208584,-12.895540999999998,-7.107584
cpu_trace,alpine24,7,1.9,2,1,1,trace,ac,2,gpu_ready_to_ac_model,6,6.2312705,6.1903055,5.9265,6.413145999999999,5.888,6.536667
cpu_trace,alpine24,7,1.9,2,1,1,trace,ac,1,dc_ready_to_dc_model,6,1.152771,1.1521391666666667,1.1405210000000001,1.1631255,1.137375,1.166542
cpu_trace,alpine24,7,1.9,2,1,1,trace,ac,2,dc_ready_to_dc_model,6,1.1825835,1.1846806666666667,1.1745834999999998,1.196875,1.171625,1.2047080000000001
cpu_trace,alpine24,7,1.9,2,1,1,trace,ac,1,begin_to_models_done,6,-7.406604,-9.294708333333334,-13.2538335,-7.2236875000000005,-14.531125,-7.094667000000001
cpu_trace,alpine24,7,1.9,2,1,1,trace,ac,2,begin_to_models_done,6,-1.7589794999999988,-2.8973546666666663,-5.572854999999999,-1.3602295000000009,-6.447709,-1.1820419999999991
cpu_trace,alpine24,7,1.9,2,1,1,trace,ac,1,dc_group_threads,6,1.0,1,1.0,1.0,1,1
cpu_trace,alpine24,7,1.9,2,1,1,trace,ac,2,dc_group_threads,6,1.0,1,1.0,1.0,1,1
cpu_trace,alpine24,7,1.9,4,1,1,trace,ac,1,workflow.quantization.cpu,6,1.2219380000000228,0.4522921666666946,-3.390582999999964,3.525521500000025,-5.804457999999954,5.620959000000028
cpu_trace,alpine24,7,1.9,4,1,1,trace,ac,2,workflow.quantization.cpu,6,1.1008755000000008,0.9658683333333423,-1.034624999999977,2.8313545000000033,-1.7229169999999954,3.4727920000000267
cpu_trace,alpine24,7,1.9,4,1,1,trace,ac,1,token.population_reduce.cpu,6,0.00927100000000003,-0.009374833333333332,-0.10560400000000003,0.0682085,-0.1785000000000001,0.0971249999999999
cpu_trace,alpine24,7,1.9,4,1,1,trace,ac,2,token.population_reduce.cpu,6,-0.024375000000000036,-0.03147216666666667,-0.07606250000000003,0.006021000000000054,-0.11791700000000005,0.027292000000000094
cpu_trace,alpine24,7,1.9,4,1,1,trace,ac,1,dc.prepare.cpu,6,-0.18018800000000024,-0.1545486666666669,-1.2613540000000003,0.9778959999999999,-2.102291,1.8479169999999998
cpu_trace,alpine24,7,1.9,4,1,1,trace,ac,2,dc.prepare.cpu,6,-0.18037500000000017,-0.1675416666666667,-0.49133349999999965,0.16908349999999972,-0.6527919999999998,0.20916699999999988
cpu_trace,alpine24,7,1.9,4,1,1,trace,ac,1,entropy.dc.cpu,6,-0.1680419999999998,-0.15420833333333336,-0.7551875000000003,0.4606045000000001,-1.222792,0.9078749999999998
cpu_trace,alpine24,7,1.9,4,1,1,trace,ac,2,entropy.dc.cpu,6,-0.07085450000000004,-0.052361166666666646,-0.12416700000000014,0.03793800000000025,-0.1262500000000002,0.06316700000000042
cpu_trace,alpine24,7,1.9,4,1,1,trace,ac,1,entropy.ac.cpu,6,-0.010166000000000786,0.00770849999999997,-1.1967499999999989,1.2300414999999996,-2.3232089999999985,2.2652079999999994
cpu_trace,alpine24,7,1.9,4,1,1,trace,ac,2,entropy.ac.cpu,6,-0.22274999999999956,-0.16960433333333333,-0.3139794999999994,0.02791649999999901,-0.3288329999999995,0.059916999999998666
cpu_trace,alpine24,7,1.9,4,1,1,trace,ac,1,workflow.serializer.cpu,6,0.957083499999996,0.9989444999999991,-3.027437499999998,5.067187499999999,-6.241707999999996,8.006583
cpu_trace,alpine24,7,1.9,4,1,1,trace,ac,2,workflow.serializer.cpu,6,3.093688,3.569027999999998,2.8292914999999965,4.784104499999998,2.8085829999999987,5.046709
cpu_trace,alpine24,7,1.9,4,1,1,trace,ac,1,gpu_ready_to_reduction,6,3.1760624999999996,3.526479333333333,3.0875630000000003,4.3158125,3.040667,5.348332999999999
cpu_trace,alpine24,7,1.9,4,1,1,trace,ac,2,gpu_ready_to_reduction,6,3.1833125,3.5210971666666664,3.064063,4.315916,3.0202920000000004,5.353498999999999
cpu_trace,alpine24,7,1.9,4,1,1,trace,ac,1,gpu_ready_to_ac_model,6,0.9566665000000001,0.9572988333333332,-0.21145800000000015,2.1266879999999997,-0.9673740000000004,3.1799169999999997
cpu_trace,alpine24,7,1.9,4,1,1,trace,ac,2,gpu_ready_to_ac_model,6,3.202584,3.5281111666666662,3.019833,4.3619164999999995,3.017958,5.384207999999999
cpu_trace,alpine24,7,1.9,4,1,1,trace,ac,1,dc_ready_to_dc_model,6,1.178396,1.1987778333333332,1.1539165,1.264021,1.142833,1.303542
cpu_trace,alpine24,7,1.9,4,1,1,trace,ac,2,dc_ready_to_dc_model,6,1.2019795,1.2258748333333334,1.185791,1.289854,1.176541,1.330041
cpu_trace,alpine24,7,1.9,4,1,1,trace,ac,1,begin_to_models_done,6,0.9052299999999995,1.0504376666666662,-1.4357500000000005,3.6818329999999992,-3.619833,5.791708
cpu_trace,alpine24,7,1.9,4,1,1,trace,ac,2,begin_to_models_done,6,2.885937499999999,3.405444333333333,2.7572290000000006,4.5731665,2.709542000000001,5.069333
cpu_trace,alpine24,7,1.9,4,1,1,trace,ac,1,dc_group_threads,6,1.0,1,1.0,1.0,1,1
cpu_trace,alpine24,7,1.9,4,1,1,trace,ac,2,dc_group_threads,6,1.0,1,1.0,1.0,1,1
cpu_trace,clic_a,1,1.9,2,1,1,trace,ac,1,workflow.quantization.cpu,6,0.037812999999999874,0.025777666666666477,-0.06908400000000015,0.1086039999999997,-0.07329199999999947,0.13199999999999967
cpu_trace,clic_a,1,1.9,2,1,1,trace,ac,2,workflow.quantization.cpu,6,0.05287450000000016,0.01904866666666664,-0.14733349999999978,0.15160499999999955,-0.2195829999999992,0.19987599999999972
cpu_trace,clic_a,1,1.9,2,1,1,trace,ac,1,token.population_reduce.cpu,6,0.18502049999999992,0.13293033333333332,-0.050292,0.26406250000000003,-0.07670900000000003,0.29900000000000015
cpu_trace,clic_a,1,1.9,2,1,1,trace,ac,2,token.population_reduce.cpu,6,0.09435400000000005,0.10334683333333333,-0.054980000000000084,0.27066650000000003,-0.1036260000000001,0.3571249999999999
cpu_trace,clic_a,1,1.9,2,1,1,trace,ac,1,dc.prepare.cpu,6,0.008437500000000098,0.00438883333333336,-0.0068749999999999645,0.011603999999999948,-0.019750000000000156,0.011708000000000052
cpu_trace,clic_a,1,1.9,2,1,1,trace,ac,2,dc.prepare.cpu,6,-0.013541500000000095,-0.05590250000000004,-0.1493540000000002,-0.004811999999999816,-0.21312500000000023,-0.0040000000000000036
cpu_trace,clic_a,1,1.9,2,1,1,trace,ac,1,entropy.dc.cpu,6,-0.013645500000000088,0.009222333333333296,-0.050124500000000016,0.09143699999999999,-0.07379099999999994,0.12566600000000006
cpu_trace,clic_a,1,1.9,2,1,1,trace,ac,2,entropy.dc.cpu,6,-0.04243750000000002,-0.025562333333333354,-0.09216600000000008,0.05791650000000004,-0.09579099999999996,0.06279199999999996
cpu_trace,clic_a,1,1.9,2,1,1,trace,ac,1,entropy.ac.cpu,6,0.07177049999999996,0.08076366666666661,0.008915999999999924,0.16160449999999993,-0.028001000000000165,0.20304199999999994
cpu_trace,clic_a,1,1.9,2,1,1,trace,ac,2,entropy.ac.cpu,6,-0.07454199999999989,-0.051687666666666576,-0.10722900000000002,0.026708000000000176,-0.10999999999999988,0.06991600000000009
cpu_trace,clic_a,1,1.9,2,1,1,trace,ac,1,workflow.serializer.cpu,6,1.0981245,1.1183885,0.9688125000000003,1.2882284999999998,0.951041,1.3169579999999996
cpu_trace,clic_a,1,1.9,2,1,1,trace,ac,2,workflow.serializer.cpu,6,1.9634375000000004,1.9279303333333333,1.7055205,2.1148329999999995,1.683458,2.223165999999999
cpu_trace,clic_a,1,1.9,2,1,1,trace,ac,1,gpu_ready_to_reduction,6,1.8414169999999999,1.8324588333333334,1.8105215,1.8454380000000001,1.7915839999999998,1.845459
cpu_trace,clic_a,1,1.9,2,1,1,trace,ac,2,gpu_ready_to_reduction,6,1.840667,1.83757,1.8154795,1.8565635,1.7947089999999999,1.8603759999999998
cpu_trace,clic_a,1,1.9,2,1,1,trace,ac,1,gpu_ready_to_ac_model,6,1.0807504999999997,1.1129168333333332,0.881021,1.376979,0.8730840000000002,1.662208
cpu_trace,clic_a,1,1.9,2,1,1,trace,ac,2,gpu_ready_to_ac_model,6,1.9751459999999998,1.977882,1.7990205000000001,2.1594794999999998,1.7229580000000002,2.233958
cpu_trace,clic_a,1,1.9,2,1,1,trace,ac,1,dc_ready_to_dc_model,6,1.085146,1.0582084999999999,0.9128755,1.176604,0.8955420000000001,1.262583
cpu_trace,clic_a,1,1.9,2,1,1,trace,ac,2,dc_ready_to_dc_model,6,1.0977085,1.0711875,0.9260005,1.1898535,0.908042,1.274832
cpu_trace,clic_a,1,1.9,2,1,1,trace,ac,1,begin_to_models_done,6,1.103729,1.1338608333333333,0.9941874999999998,1.3036660000000002,0.9762079999999997,1.3083740000000006
cpu_trace,clic_a,1,1.9,2,1,1,trace,ac,2,begin_to_models_done,6,1.9433330000000002,1.9241455,1.7154789999999998,2.1136245000000002,1.6551669999999996,2.2115830000000005
cpu_trace,clic_a,1,1.9,2,1,1,trace,ac,1,dc_group_threads,6,0.0,0,0.0,0.0,0,0
cpu_trace,clic_a,1,1.9,2,1,1,trace,ac,2,dc_group_threads,6,0.0,0,0.0,0.0,0,0
cpu_trace,clic_a,1,1.9,4,1,1,trace,ac,1,workflow.quantization.cpu,6,0.23029199999999994,0.038604333333333095,-0.8665835000000004,0.7521044999999997,-1.3478750000000002,1.0591669999999995
cpu_trace,clic_a,1,1.9,4,1,1,trace,ac,2,workflow.quantization.cpu,6,-0.03812500000000041,0.07981266666666646,-0.7902495000000003,1.0678125,-0.9073330000000004,1.2021250000000006
cpu_trace,clic_a,1,1.9,4,1,1,trace,ac,1,token.population_reduce.cpu,6,-0.016999999999999904,-0.04612466666666667,-0.1671245,0.045750499999999916,-0.303666,0.07000099999999998
cpu_trace,clic_a,1,1.9,4,1,1,trace,ac,2,token.population_reduce.cpu,6,-0.01574949999999986,-0.03189566666666662,-0.10968749999999994,0.029749999999999943,-0.1888749999999999,0.050707999999999975
cpu_trace,clic_a,1,1.9,4,1,1,trace,ac,1,dc.prepare.cpu,6,0.026021000000000294,0.022458833333333317,-0.02347800000000011,0.06483349999999977,-0.025332000000000132,0.0949589999999998
cpu_trace,clic_a,1,1.9,4,1,1,trace,ac,2,dc.prepare.cpu,6,-0.03270750000000011,-0.028978833333333398,-0.05143700000000018,-0.0027919999999999057,-0.05316600000000005,0.021749999999999936
cpu_trace,clic_a,1,1.9,4,1,1,trace,ac,1,entropy.dc.cpu,6,-0.03054099999999993,-0.029444499999999946,-0.05906299999999998,0.0012705000000000632,-0.0625420000000001,0.031208000000000125
cpu_trace,clic_a,1,1.9,4,1,1,trace,ac,2,entropy.dc.cpu,6,-0.06631299999999996,-0.06593066666666665,-0.10193700000000006,-0.029541999999999957,-0.11937400000000009,-0.016791999999999918
cpu_trace,clic_a,1,1.9,4,1,1,trace,ac,1,entropy.ac.cpu,6,-0.015021000000000173,-0.023034833333333376,-0.11839599999999995,0.0643125,-0.15625,0.10533400000000004
cpu_trace,clic_a,1,1.9,4,1,1,trace,ac,2,entropy.ac.cpu,6,-0.09345900000000018,-0.08294483333333336,-0.20827099999999987,0.052895499999999984,-0.21424999999999983,0.12787499999999996
cpu_trace,clic_a,1,1.9,4,1,1,trace,ac,1,workflow.serializer.cpu,6,1.0710419999999998,1.0574998333333334,0.9253119999999999,1.1761455000000005,0.8980829999999997,1.182416
cpu_trace,clic_a,1,1.9,4,1,1,trace,ac,2,workflow.serializer.cpu,6,1.5087914999999996,1.452117833333333,1.244062,1.6035,1.0389160000000004,1.6380419999999996
cpu_trace,clic_a,1,1.9,4,1,1,trace,ac,1,gpu_ready_to_reduction,6,1.6979790000000001,1.4482358333333334,0.7921455,1.8545829999999999,0.689583,1.870083
cpu_trace,clic_a,1,1.9,4,1,1,trace,ac,2,gpu_ready_to_reduction,6,1.691646,1.4424306666666666,0.7905415,1.8451045000000001,0.6845829999999999,1.847084
cpu_trace,clic_a,1,1.9,4,1,1,trace,ac,1,gpu_ready_to_ac_model,6,0.9996875000000001,0.8638958333333334,0.4390415000000002,1.1529585,0.4089990000000001,1.2190420000000002
cpu_trace,clic_a,1,1.9,4,1,1,trace,ac,2,gpu_ready_to_ac_model,6,1.640542,1.4421531666666667,0.8051255000000002,1.880792,0.686458,1.9289170000000002
cpu_trace,clic_a,1,1.9,4,1,1,trace,ac,1,dc_ready_to_dc_model,6,1.1181040000000002,1.0917706666666667,1.007833,1.149375,0.90475,1.1603329999999998
cpu_trace,clic_a,1,1.9,4,1,1,trace,ac,2,dc_ready_to_dc_model,6,1.1381875,1.1138956666666666,1.030146,1.1733535,0.929334,1.184332
cpu_trace,clic_a,1,1.9,4,1,1,trace,ac,1,begin_to_models_done,6,1.0669374999999999,1.0822778333333332,0.984146,1.1957499999999999,0.9524170000000005,1.2583339999999996
cpu_trace,clic_a,1,1.9,4,1,1,trace,ac,2,begin_to_models_done,6,1.5234580000000002,1.4727705,1.2615205,1.633333,1.0286660000000003,1.6344579999999995
cpu_trace,clic_a,1,1.9,4,1,1,trace,ac,1,dc_group_threads,6,0.0,0,0.0,0.0,0,0
cpu_trace,clic_a,1,1.9,4,1,1,trace,ac,2,dc_group_threads,6,0.0,0,0.0,0.0,0,0
cpu_trace,clic_a,7,1.9,2,1,1,trace,ac,1,workflow.quantization.cpu,6,-0.23256250000000378,-0.10016683333333394,-0.5956874999999968,0.5277494999999988,-0.655541999999997,0.7165409999999994
cpu_trace,clic_a,7,1.9,2,1,1,trace,ac,2,workflow.quantization.cpu,6,-0.2243329999999979,-0.1128748333333327,-0.6123750000000001,0.4980834999999999,-0.7413740000000004,0.735042
cpu_trace,clic_a,7,1.9,2,1,1,trace,ac,1,token.population_reduce.cpu,6,0.04991650000000003,0.039367999999999924,-0.038562500000000166,0.1067499999999999,-0.04583400000000015,0.11366699999999996
cpu_trace,clic_a,7,1.9,2,1,1,trace,ac,2,token.population_reduce.cpu,6,0.028582999999999914,0.012103999999999967,-0.05189600000000005,0.05962500000000004,-0.10675100000000004,0.059833000000000025
cpu_trace,clic_a,7,1.9,2,1,1,trace,ac,1,dc.prepare.cpu,6,-0.012521000000000004,0.0873956666666668,-0.027916999999999748,0.30262500000000014,-0.03149999999999986,0.3138749999999999
cpu_trace,clic_a,7,1.9,2,1,1,trace,ac,2,dc.prepare.cpu,6,-0.03429199999999999,-0.016222333333333266,-0.18083349999999987,0.16645850000000006,-0.29587499999999967,0.3304170000000002
cpu_trace,clic_a,7,1.9,2,1,1,trace,ac,1,entropy.dc.cpu,6,0.01870900000000003,0.027514,-0.045229500000000034,0.1090625,-0.05654199999999998,0.14037500000000003
cpu_trace,clic_a,7,1.9,2,1,1,trace,ac,2,entropy.dc.cpu,6,0.00658350000000002,0.005375333333333343,-0.07827100000000003,0.08781350000000004,-0.12966600000000006,0.15058400000000005
cpu_trace,clic_a,7,1.9,2,1,1,trace,ac,1,entropy.ac.cpu,6,0.11583300000000007,0.07782616666666657,-0.0925005000000001,0.21014599999999972,-0.13741700000000012,0.24258299999999977
cpu_trace,clic_a,7,1.9,2,1,1,trace,ac,2,entropy.ac.cpu,6,-0.029271000000000047,-0.0638611666666667,-0.2989375000000001,0.136625,-0.5375000000000001,0.2532920000000001
cpu_trace,clic_a,7,1.9,2,1,1,trace,ac,1,workflow.serializer.cpu,6,1.247728500000001,1.400228666666667,0.9296454999999995,2.0233120000000007,0.7406249999999996,2.069000000000001
cpu_trace,clic_a,7,1.9,2,1,1,trace,ac,2,workflow.serializer.cpu,6,1.8789585000000004,1.890888333333334,1.434561500000001,2.3591450000000007,1.2486240000000013,2.678166000000001
cpu_trace,clic_a,7,1.9,2,1,1,trace,ac,1,gpu_ready_to_reduction,6,1.6994785000000001,1.7276316666666667,1.446729,2.0366875,1.212708,2.038708
cpu_trace,clic_a,7,1.9,2,1,1,trace,ac,2,gpu_ready_to_reduction,6,1.7015415,1.728,1.4428329999999998,2.0396255,1.206958,2.043126
cpu_trace,clic_a,7,1.9,2,1,1,trace,ac,1,gpu_ready_to_ac_model,6,1.1387915,1.1855138333333333,0.8514375,1.5663125,0.6319589999999999,1.616375
cpu_trace,clic_a,7,1.9,2,1,1,trace,ac,2,gpu_ready_to_ac_model,6,1.8863955,1.912139,1.5915835,2.258438,1.428417,2.2806669999999998
cpu_trace,clic_a,7,1.9,2,1,1,trace,ac,1,dc_ready_to_dc_model,6,1.1870415,1.1820276666666667,1.112083,1.2469584999999999,1.0895409999999999,1.2911249999999999
cpu_trace,clic_a,7,1.9,2,1,1,trace,ac,2,dc_ready_to_dc_model,6,1.2036875,1.1973331666666667,1.1260409999999998,1.262271,1.103041,1.30625
cpu_trace,clic_a,7,1.9,2,1,1,trace,ac,1,begin_to_models_done,6,1.2396660000000002,1.3406595,0.9999579999999999,1.7823544999999998,0.9306659999999995,1.799417
cpu_trace,clic_a,7,1.9,2,1,1,trace,ac,2,begin_to_models_done,6,1.8683954999999997,1.9323195,1.6815625,2.2470005,1.6770830000000005,2.550084
cpu_trace,clic_a,7,1.9,2,1,1,trace,ac,1,dc_group_threads,6,0.0,0,0.0,0.0,0,0
cpu_trace,clic_a,7,1.9,2,1,1,trace,ac,2,dc_group_threads,6,0.0,0,0.0,0.0,0,0
cpu_trace,clic_a,7,1.9,4,1,1,trace,ac,1,workflow.quantization.cpu,6,-0.5347084999999971,-0.2656526666666655,-0.9273540000000011,0.6651045000000018,-0.9440420000000032,0.7461250000000064
cpu_trace,clic_a,7,1.9,4,1,1,trace,ac,2,workflow.quantization.cpu,6,0.03006249999999966,0.10138183333333473,-0.11502099999999871,0.3891040000000032,-0.1494169999999997,0.6212080000000029
cpu_trace,clic_a,7,1.9,4,1,1,trace,ac,1,token.population_reduce.cpu,6,-0.03729149999999992,-0.060145999999999956,-0.12950050000000002,-0.013645999999999936,-0.19279200000000007,-0.011792000000000025
cpu_trace,clic_a,7,1.9,4,1,1,trace,ac,2,token.population_reduce.cpu,6,-0.045187499999999936,-0.03119449999999994,-0.07497999999999994,0.026584000000000052,-0.0867929999999999,0.07783400000000018
cpu_trace,clic_a,7,1.9,4,1,1,trace,ac,1,dc.prepare.cpu,6,-0.14385400000000015,-0.14504166666666682,-0.4592915000000002,0.1680204999999999,-0.6785830000000002,0.34566600000000003
cpu_trace,clic_a,7,1.9,4,1,1,trace,ac,2,dc.prepare.cpu,6,-0.06339550000000016,0.021395999999999898,-0.2508745000000001,0.37845799999999996,-0.34541600000000017,0.7407490000000001
cpu_trace,clic_a,7,1.9,4,1,1,trace,ac,1,entropy.dc.cpu,6,-0.014811999999999992,-0.03364550000000003,-0.16702050000000002,0.08089599999999991,-0.260707,0.1274169999999999
cpu_trace,clic_a,7,1.9,4,1,1,trace,ac,2,entropy.dc.cpu,6,0.010520499999999988,0.0256943333333333,-0.0803335,0.14689599999999992,-0.123583,0.22858299999999987
cpu_trace,clic_a,7,1.9,4,1,1,trace,ac,1,entropy.ac.cpu,6,-0.184021,-0.19278483333333343,-0.6031045000000002,0.20877099999999982,-0.8997920000000001,0.4560419999999996
cpu_trace,clic_a,7,1.9,4,1,1,trace,ac,2,entropy.ac.cpu,6,0.02743749999999978,0.0970071666666666,-0.3188119999999999,0.5823959999999999,-0.45504100000000003,0.9302089999999996
cpu_trace,clic_a,7,1.9,4,1,1,trace,ac,1,workflow.serializer.cpu,6,0.6947914999999991,0.6156599999999995,-0.4738745,1.6260629999999994,-1.102583000000001,2.360916999999999
cpu_trace,clic_a,7,1.9,4,1,1,trace,ac,2,workflow.serializer.cpu,6,1.6823759999999996,1.9407781666666664,1.125438,3.0145204999999993,0.8970839999999995,4.076249999999999
cpu_trace,clic_a,7,1.9,4,1,1,trace,ac,1,gpu_ready_to_reduction,6,1.7398125,1.8504653333333332,1.6987714999999999,2.112812,1.697126,2.433916
cpu_trace,clic_a,7,1.9,4,1,1,trace,ac,2,gpu_ready_to_reduction,6,1.734584,1.8497153333333332,1.6901875,2.1243745,1.682625,2.4475819999999997
cpu_trace,clic_a,7,1.9,4,1,1,trace,ac,1,gpu_ready_to_ac_model,6,0.9325209999999999,0.966743,0.6402495000000001,1.3274585,0.39712400000000025,1.533916
cpu_trace,clic_a,7,1.9,4,1,1,trace,ac,2,gpu_ready_to_ac_model,6,1.716083,1.8570275,1.671729,2.1832705,1.6711250000000002,2.566666
cpu_trace,clic_a,7,1.9,4,1,1,trace,ac,1,dc_ready_to_dc_model,6,1.1361035,1.1417498333333334,1.102021,1.187125,1.094709,1.2230839999999998
cpu_trace,clic_a,7,1.9,4,1,1,trace,ac,2,dc_ready_to_dc_model,6,1.1749584999999998,1.1767153333333333,1.1326874999999998,1.2225,1.1300839999999999,1.2607089999999999
cpu_trace,clic_a,7,1.9,4,1,1,trace,ac,1,begin_to_models_done,6,0.7570415000000001,0.7753470000000003,0.04781200000000041,1.5211875000000004,-0.47925099999999965,2.030667000000001
cpu_trace,clic_a,7,1.9,4,1,1,trace,ac,2,begin_to_models_done,6,1.7759370000000003,1.981840166666667,1.438729,2.7308545000000004,1.288125,3.5491680000000008
cpu_trace,clic_a,7,1.9,4,1,1,trace,ac,1,dc_group_threads,6,0.0,0,0.0,0.0,0,0
cpu_trace,clic_a,7,1.9,4,1,1,trace,ac,2,dc_group_threads,6,0.0,0,0.0,0.0,0,0
forced_retry,clic_a,7,1.9,8,1,1,trace,ac,1,workflow.quantization.cpu,4,0.15720800000000068,0.10114599999999996,-0.3276742999999996,0.485116699999999,-0.5129990000000006,0.6031669999999991
forced_retry,clic_a,7,1.9,8,1,1,trace,ac,2,workflow.quantization.cpu,4,-0.01841699999999946,-0.03008349999999993,-0.4341456000000001,0.36464539999999984,-0.4593330000000009,0.3758330000000001
forced_retry,clic_a,7,1.9,8,1,1,trace,ac,1,token.population_reduce.cpu,4,0.14547949999999998,0.10155225000000001,0.002625099999999922,0.16533760000000014,-0.056375000000000064,0.17162500000000014
forced_retry,clic_a,7,1.9,8,1,1,trace,ac,2,token.population_reduce.cpu,4,0.15258349999999998,0.10823975000000002,0.019950100000000026,0.16105440000000007,-0.035374999999999934,0.16316700000000006
forced_retry,clic_a,7,1.9,8,1,1,trace,ac,1,dc.prepare.cpu,4,0.286667,0.2786567499999999,-0.1838242000000002,0.7347294999999999,-0.25549900000000036,0.796792
forced_retry,clic_a,7,1.9,8,1,1,trace,ac,2,dc.prepare.cpu,4,0.36975049999999987,0.36548975000000006,0.0344084000000001,0.6931625000000002,-0.019416999999999796,0.7418750000000003
forced_retry,clic_a,7,1.9,8,1,1,trace,ac,1,entropy.dc.cpu,4,0.10479149999999998,0.09818750000000004,-0.08279549999999988,0.27388730000000006,-0.12145799999999984,0.30462500000000003
forced_retry,clic_a,7,1.9,8,1,1,trace,ac,2,entropy.dc.cpu,4,0.07625000000000004,0.10453150000000003,0.004250800000000034,0.22743740000000004,-0.011998999999999982,0.277625
forced_retry,clic_a,7,1.9,8,1,1,trace,ac,1,entropy.ac.cpu,4,0.31181250000000005,0.3059164999999999,-0.26337109999999997,0.8704872999999997,-0.401459,1.0014999999999996
forced_retry,clic_a,7,1.9,8,1,1,trace,ac,2,entropy.ac.cpu,4,0.4070830000000001,0.40753125,0.010483500000000007,0.8049376,-0.07379099999999994,0.8897499999999998
forced_retry,clic_a,7,1.9,8,1,1,trace,ac,1,workflow.serializer.cpu,4,2.7778955000000005,2.6834480000000003,1.1397374000000005,4.1516006,0.7872500000000002,4.390751
forced_retry,clic_a,7,1.9,8,1,1,trace,ac,2,workflow.serializer.cpu,4,3.2359170000000006,3.279865,2.1538752000000008,4.4410131999999996,2.0325000000000006,4.615125999999999
forced_retry,clic_a,7,1.9,8,1,1,trace,ac,1,gpu_ready_to_reduction,4,0.044208500000000005,0.042177250000000006,0.0057592000000000025,0.07697030000000002,-0.000791,0.08108300000000002
forced_retry,clic_a,7,1.9,8,1,1,trace,ac,2,gpu_ready_to_reduction,4,0.0442505,0.03975000000000001,0.0005415000000000055,0.07535810000000001,-0.010208999999999996,0.08070800000000002
forced_retry,clic_a,7,1.9,8,1,1,trace,ac,1,gpu_ready_to_ac_model,4,-0.09106250000000005,-0.23329125000000006,-0.5189113999999999,-0.06145410000000012,-0.701624,-0.049416000000000126
forced_retry,clic_a,7,1.9,8,1,1,trace,ac,2,gpu_ready_to_ac_model,4,0.2399795,0.18516700000000003,0.06319230000000006,0.2632917,-0.008207999999999993,0.2689170000000001
forced_retry,clic_a,7,1.9,8,1,1,trace,ac,1,dc_ready_to_dc_model,4,1.941354,1.93220825,1.8377625,2.0193374,1.795125,2.051
forced_retry,clic_a,7,1.9,8,1,1,trace,ac,2,dc_ready_to_dc_model,4,1.960187,1.952583,1.8584579,2.0406249,1.816958,2.073
forced_retry,clic_a,7,1.9,8,1,1,trace,ac,1,begin_to_models_done,4,2.6038120000000005,2.518458,1.3612116999999997,3.6074211000000003,1.0951239999999993,3.771084
forced_retry,clic_a,7,1.9,8,1,1,trace,ac,2,begin_to_models_done,4,3.0139995,3.0472395000000003,2.2332666000000003,3.8878044000000003,2.1555420000000005,4.0054170000000004
forced_retry,clic_a,7,1.9,8,1,1,trace,ac,1,dc_group_threads,4,0.0,0,0.0,0.0,0,0
forced_retry,clic_a,7,1.9,8,1,1,trace,ac,2,dc_group_threads,4,0.0,0,0.0,0.0,0,0
pilot,alpine24,1,1.9,8,1,1,trace,battery,1,workflow.quantization.cpu,6,2.9490204999999996,1.5709793333333326,-3.184436999999999,4.948354499999997,-3.7340409999999977,5.057082999999999
pilot,alpine24,1,1.9,8,1,1,trace,battery,2,workflow.quantization.cpu,6,2.5409169999999968,1.8666943333333326,-1.4934794999999994,4.552645500000001,-4.904041999999997,5.629458
pilot,alpine24,1,1.9,8,1,1,trace,battery,1,token.population_reduce.cpu,6,-0.014395500000000006,-0.01958316666666667,-0.04472900000000002,0.0003750000000000142,-0.05495800000000006,0.009792000000000023
pilot,alpine24,1,1.9,8,1,1,trace,battery,2,token.population_reduce.cpu,6,-0.02677099999999999,-0.029111166666666688,-0.06018750000000006,-0.0003750000000000142,-0.07099999999999995,0.013208000000000109
pilot,alpine24,1,1.9,8,1,1,trace,battery,1,dc.prepare.cpu,6,0.01910450000000008,0.01814600000000007,0.00041650000000004184,0.03491700000000009,-0.010583999999999705,0.03512499999999985
pilot,alpine24,1,1.9,8,1,1,trace,battery,2,dc.prepare.cpu,6,0.02349999999999941,0.01850016666666665,-0.01570799999999961,0.047708500000000154,-0.03729099999999974,0.05491700000000055
pilot,alpine24,1,1.9,8,1,1,trace,battery,1,entropy.ac.cpu,6,-0.009479499999999419,0.006520500000000447,-0.08462549999999958,0.11366650000000034,-0.10604199999999953,0.1288330000000002
pilot,alpine24,1,1.9,8,1,1,trace,battery,2,entropy.ac.cpu,6,-0.11341650000000003,-0.08241683333333312,-0.20218749999999952,0.06835350000000018,-0.2541669999999998,0.11933300000000013
pilot,alpine24,1,1.9,8,1,1,trace,battery,1,entropy.dc.cpu,6,-0.08360400000000023,-0.06397216666666683,-0.27956249999999994,0.17124999999999968,-0.2833750000000004,0.31049999999999933
pilot,alpine24,1,1.9,8,1,1,trace,battery,2,entropy.dc.cpu,6,0.21877149999999945,0.0726736666666663,-0.3084170000000004,0.30766649999999984,-0.4720830000000005,0.3326659999999997
pilot,alpine24,1,1.9,8,1,1,trace,battery,1,workflow.serializer.cpu,6,0.9916460000000011,0.9785138333333337,0.5366040000000005,1.4072914999999995,0.41658299999999926,1.6651670000000003
pilot,alpine24,1,1.9,8,1,1,trace,battery,2,workflow.serializer.cpu,6,1.3603750000000012,1.3871943333333334,1.308603999999999,1.492604,1.2723750000000003,1.5616659999999989
pilot,alpine24,1,1.9,8,1,1,trace,battery,1,gpu_ready_to_reduction,6,1.632521,1.2421665,0.4061455,1.687833,-0.0010430000000000023,1.69375
pilot,alpine24,1,1.9,8,1,1,trace,battery,2,gpu_ready_to_reduction,6,1.6141044999999998,1.2368681666666668,0.421104,1.675396,0.007290999999999992,1.7049590000000001
pilot,alpine24,1,1.9,8,1,1,trace,battery,1,gpu_ready_to_ac_model,6,1.2629375,1.0228335,0.35435399999999995,1.451209,-0.03708400000000012,1.5848760000000002
pilot,alpine24,1,1.9,8,1,1,trace,battery,2,gpu_ready_to_ac_model,6,1.6318335000000002,1.2446043333333334,0.44068699999999994,1.6612925,0.057541000000000064,1.673043
pilot,alpine24,1,1.9,8,1,1,trace,battery,1,dc_ready_to_dc_model,6,1.1622705,0.9847775000000001,0.502062,1.29,0.4392910000000001,1.291708
pilot,alpine24,1,1.9,8,1,1,trace,battery,2,dc_ready_to_dc_model,6,1.3095835,1.3298055,1.292812,1.387021,1.283166,1.4505000000000001
pilot,alpine24,1,1.9,8,1,1,trace,battery,1,begin_to_models_done,6,1.0841665000000003,0.9374650000000001,0.34889550000000025,1.379333,0.1697500000000005,1.611625
pilot,alpine24,1,1.9,8,1,1,trace,battery,2,begin_to_models_done,6,1.3712914999999999,1.3823401666666673,1.176229000000001,1.5995000000000008,1.0939170000000011,1.7235410000000009
pilot,alpine24,1,1.9,8,1,1,trace,battery,1,dc_group_threads,6,0.0,0,0.0,0.0,0,0
pilot,alpine24,1,1.9,8,1,1,trace,battery,2,dc_group_threads,6,0.0,0,0.0,0.0,0,0
pilot,alpine24,7,1.9,8,1,1,trace,battery,1,workflow.quantization.cpu,6,15.988209000000012,11.583903333333344,-20.556561499999987,39.320062500000006,-38.127748999999994,47.92962499999999
pilot,alpine24,7,1.9,8,1,1,trace,battery,2,workflow.quantization.cpu,6,-3.703041500000012,-0.26818683333332655,-28.763165499999985,31.661646500000018,-42.06037399999997,50.12816700000002
pilot,alpine24,7,1.9,8,1,1,trace,battery,1,dc.prepare.cpu,6,-0.06552050000000031,-0.16003450000000008,-1.1801460000000001,0.7655630000000002,-1.5419169999999998,0.869542
pilot,alpine24,7,1.9,8,1,1,trace,battery,2,dc.prepare.cpu,6,-0.00010449999999950776,0.07077083333333345,-0.31368750000000034,0.5261045000000002,-0.436458,0.6259170000000003
pilot,alpine24,7,1.9,8,1,1,trace,battery,1,token.population_reduce.cpu,6,-0.0010829999999999451,-7.616666666665495e-05,-0.155833,0.15668749999999998,-0.216167,0.2948329999999999
pilot,alpine24,7,1.9,8,1,1,trace,battery,2,token.population_reduce.cpu,6,0.023042499999999966,0.04358383333333334,-0.045228500000000005,0.15293750000000006,-0.08241600000000004,0.260958
pilot,alpine24,7,1.9,8,1,1,trace,battery,1,entropy.dc.cpu,6,-0.25618650000000054,-0.4679235000000001,-1.210521,0.06293700000000024,-1.215834,0.24854100000000034
pilot,alpine24,7,1.9,8,1,1,trace,battery,2,entropy.dc.cpu,6,-0.2920210000000001,-0.3739654999999999,-0.5980839999999996,-0.23179149999999993,-0.8373339999999994,-0.19920700000000036
pilot,alpine24,7,1.9,8,1,1,trace,battery,1,entropy.ac.cpu,6,-0.14618799999999954,-0.3715001666666664,-1.4876664999999996,0.5193539999999999,-1.590083,0.8612919999999988
pilot,alpine24,7,1.9,8,1,1,trace,battery,2,entropy.ac.cpu,6,-0.03612549999999981,-0.16260416666666652,-0.6046455000000002,0.15295850000000044,-0.7342080000000006,0.20520899999999997
pilot,alpine24,7,1.9,8,1,1,trace,battery,1,workflow.serializer.cpu,6,0.867812500000003,0.4893681666666687,-2.970917,3.571209000000003,-3.4305420000000026,5.5219180000000065
pilot,alpine24,7,1.9,8,1,1,trace,battery,2,workflow.serializer.cpu,6,1.1876454999999986,0.971243,-0.6925624999999975,2.418645999999999,-2.317208000000001,3.533417
pilot,alpine24,7,1.9,8,1,1,trace,battery,1,gpu_ready_to_reduction,6,1.449812,1.2973540000000001,0.7608550000000001,1.6813950000000002,0.647126,1.688166
pilot,alpine24,7,1.9,8,1,1,trace,battery,2,gpu_ready_to_reduction,6,1.4310625000000001,1.2903121666666668,0.7815415,1.6583325,0.659542,1.667999
pilot,alpine24,7,1.9,8,1,1,trace,battery,1,gpu_ready_to_ac_model,6,1.377125,1.0794306666666666,0.16047999999999984,1.7006870000000003,-0.5053740000000002,1.7314990000000001
pilot,alpine24,7,1.9,8,1,1,trace,battery,2,gpu_ready_to_ac_model,6,1.5592080000000001,1.3698191666666666,0.8270834999999999,1.723166,0.7255839999999998,1.727208
pilot,alpine24,7,1.9,8,1,1,trace,battery,1,dc_ready_to_dc_model,6,1.3193125,1.230354,0.8909580000000001,1.4807915,0.8657080000000001,1.611209
pilot,alpine24,7,1.9,8,1,1,trace,battery,2,dc_ready_to_dc_model,6,1.377896,1.4242503333333334,1.3517290000000002,1.543126,1.335542,1.682876
pilot,alpine24,7,1.9,8,1,1,trace,battery,1,begin_to_models_done,6,0.8381454999999995,0.5999236666666677,-1.8087909999999976,2.7704165000000014,-1.8784159999999979,3.867167000000002
pilot,alpine24,7,1.9,8,1,1,trace,battery,2,begin_to_models_done,6,1.0617710000000002,0.9333333333333336,-0.29997899999999866,2.038207999999999,-1.4422499999999978,2.7654169999999993
pilot,alpine24,7,1.9,8,1,1,trace,battery,1,dc_group_threads,6,0.0,0,0.0,0.0,0,0
pilot,alpine24,7,1.9,8,1,1,trace,battery,2,dc_group_threads,6,0.0,0,0.0,0.0,0,0
pilot,clic_a,1,1.9,8,1,1,trace,battery,1,workflow.quantization.cpu,6,-0.2974169999999998,-0.2193331666666666,-0.7724159999999998,0.41183349999999974,-0.8685830000000001,0.8739589999999993
pilot,clic_a,1,1.9,8,1,1,trace,battery,2,workflow.quantization.cpu,6,-0.06587499999999968,-0.07634049999999999,-0.9350835000000002,0.7719369999999999,-1.271833,0.8724160000000003
pilot,clic_a,1,1.9,8,1,1,trace,battery,1,token.population_reduce.cpu,6,0.005104499999999956,0.006208166666666626,-0.06081300000000006,0.07433299999999998,-0.09250100000000006,0.08274899999999996
pilot,clic_a,1,1.9,8,1,1,trace,battery,2,token.population_reduce.cpu,6,-0.03720750000000006,-0.001249833333333339,-0.09068799999999999,0.12414600000000003,-0.091584,0.13058400000000003
pilot,clic_a,1,1.9,8,1,1,trace,battery,1,dc.prepare.cpu,6,-0.003667000000000309,-0.0010973333333334316,-0.02706249999999999,0.027437500000000004,-0.04537499999999994,0.030167000000000055
pilot,clic_a,1,1.9,8,1,1,trace,battery,2,dc.prepare.cpu,6,-0.010083000000000064,0.0008961666666666238,-0.02645799999999987,0.039229499999999806,-0.031415999999999666,0.04529199999999989
pilot,clic_a,1,1.9,8,1,1,trace,battery,1,entropy.dc.cpu,6,-0.04177049999999993,-0.044701333333333294,-0.062145499999999965,-0.030187999999999993,-0.06320900000000007,-0.028708999999999874
pilot,clic_a,1,1.9,8,1,1,trace,battery,2,entropy.dc.cpu,6,-0.07254149999999981,-0.0731181666666666,-0.09293800000000008,-0.053874999999999895,-0.09733400000000003,-0.052999999999999936
pilot,clic_a,1,1.9,8,1,1,trace,battery,1,entropy.ac.cpu,6,0.014832500000000026,0.014367666666666704,-0.044146499999999866,0.07241699999999995,-0.04654199999999964,0.09820899999999977
pilot,clic_a,1,1.9,8,1,1,trace,battery,2,entropy.ac.cpu,6,-0.044229000000000074,-0.06793050000000005,-0.146563,-0.012999500000000053,-0.2251669999999999,-0.0052080000000001014
pilot,clic_a,1,1.9,8,1,1,trace,battery,1,workflow.serializer.cpu,6,1.0490830000000004,1.0089376666666665,0.9069379999999994,1.070792,0.8013759999999994,1.0866249999999997
pilot,clic_a,1,1.9,8,1,1,trace,battery,2,workflow.serializer.cpu,6,2.3458955,2.3170623333333333,2.1635625000000003,2.4417289999999996,2.1174169999999997,2.4877909999999996
pilot,clic_a,1,1.9,8,1,1,trace,battery,1,gpu_ready_to_reduction,6,2.3694375,2.4072845,2.3351455,2.5172705,2.315374,2.644125
pilot,clic_a,1,1.9,8,1,1,trace,battery,2,gpu_ready_to_reduction,6,2.369125,2.407582833333333,2.3373745,2.516249,2.321666,2.638166
pilot,clic_a,1,1.9,8,1,1,trace,battery,1,gpu_ready_to_ac_model,6,1.004771,0.9947986666666666,0.7493954999999999,1.2302294999999999,0.5458749999999997,1.3777499999999998
pilot,clic_a,1,1.9,8,1,1,trace,battery,2,gpu_ready_to_ac_model,6,2.4347495,2.4361873333333333,2.319042,2.5547705,2.3043750000000003,2.577416
pilot,clic_a,1,1.9,8,1,1,trace,battery,1,dc_ready_to_dc_model,6,0.9758535,0.9943611666666667,0.9416675000000001,1.0655625,0.9350010000000001,1.0749170000000001
pilot,clic_a,1,1.9,8,1,1,trace,battery,2,dc_ready_to_dc_model,6,0.9979994999999999,1.0158401666666665,0.961688,1.0878329999999998,0.955292,1.094541
pilot,clic_a,1,1.9,8,1,1,trace,battery,1,begin_to_models_done,6,0.998812,0.9964511666666667,0.9184994999999998,1.0720420000000002,0.8734999999999999,1.089042
pilot,clic_a,1,1.9,8,1,1,trace,battery,2,begin_to_models_done,6,2.4021249999999994,2.3668335,2.2479375,2.450438,2.2069579999999993,2.4623340000000002
pilot,clic_a,1,1.9,8,1,1,trace,battery,1,dc_group_threads,6,0.0,0,0.0,0.0,0,0
pilot,clic_a,1,1.9,8,1,1,trace,battery,2,dc_group_threads,6,0.0,0,0.0,0.0,0,0
pilot,clic_a,7,1.9,8,1,1,trace,battery,1,workflow.quantization.cpu,6,1.5627505,1.747201499999998,-2.381646500000002,6.060500499999996,-3.5080840000000038,8.012625999999997
pilot,clic_a,7,1.9,8,1,1,trace,battery,2,workflow.quantization.cpu,6,3.061207999999997,2.5368610000000005,-2.394333499999995,6.9437085,-2.7599170000000015,8.335542000000004
pilot,clic_a,7,1.9,8,1,1,trace,battery,1,token.population_reduce.cpu,6,0.018187500000000023,0.06439583333333328,-0.14593750000000005,0.3209374999999999,-0.148042,0.5081669999999998
pilot,clic_a,7,1.9,8,1,1,trace,battery,2,token.population_reduce.cpu,6,0.05841649999999998,0.03683316666666666,-0.13241650000000005,0.18449950000000004,-0.1372500000000001,0.23791699999999993
pilot,clic_a,7,1.9,8,1,1,trace,battery,1,dc.prepare.cpu,6,0.023186999999999847,0.28795783333333325,-0.011938000000000226,0.8526245000000001,-0.02087600000000034,1.099666
pilot,clic_a,7,1.9,8,1,1,trace,battery,2,dc.prepare.cpu,6,0.014020499999999991,0.10418016666666663,-0.030333500000000235,0.32885350000000013,-0.06266700000000025,0.6179580000000002
pilot,clic_a,7,1.9,8,1,1,trace,battery,1,entropy.dc.cpu,6,0.06708350000000007,0.13246516666666674,-0.0003754999999999731,0.33068750000000013,-0.009417000000000009,0.5585000000000002
pilot,clic_a,7,1.9,8,1,1,trace,battery,2,entropy.dc.cpu,6,0.04437500000000005,0.06267366666666674,0.021229000000000053,0.12241700000000011,0.005624999999999991,0.15337500000000026
pilot,clic_a,7,1.9,8,1,1,trace,battery,1,entropy.ac.cpu,6,-0.07939599999999958,0.27853449999999996,-0.13558400000000015,1.0505834999999997,-0.15733400000000053,1.748792
pilot,clic_a,7,1.9,8,1,1,trace,battery,2,entropy.ac.cpu,6,-0.05945849999999986,-0.011020833333333554,-0.17050000000000054,0.19689599999999974,-0.18387500000000045,0.29916699999999974
pilot,clic_a,7,1.9,8,1,1,trace,battery,1,workflow.serializer.cpu,6,1.1699159999999997,2.0705899999999997,0.9196454999999997,4.122208499999999,0.917999,6.058750999999999
pilot,clic_a,7,1.9,8,1,1,trace,battery,2,workflow.serializer.cpu,6,2.5141039999999997,2.6568401666666666,1.9638959999999992,3.4925205000000004,1.8895419999999987,3.7917500000000004
pilot,clic_a,7,1.9,8,1,1,trace,battery,1,gpu_ready_to_reduction,6,2.3100005,2.5212573333333332,2.1173960000000003,3.1363754999999998,2.1052500000000003,3.518751
pilot,clic_a,7,1.9,8,1,1,trace,battery,2,gpu_ready_to_reduction,6,2.3114795,2.5135003333333334,2.1151875,3.1138339999999998,2.1,3.4828759999999996
pilot,clic_a,7,1.9,8,1,1,trace,battery,1,gpu_ready_to_ac_model,6,1.3551045,1.4814793333333334,0.9732500000000002,2.1160835000000002,0.9013750000000003,2.7432920000000003
pilot,clic_a,7,1.9,8,1,1,trace,battery,2,gpu_ready_to_ac_model,6,2.3258125,2.5879513333333333,2.1487705000000004,3.289271,2.003458,3.77475
pilot,clic_a,7,1.9,8,1,1,trace,battery,1,dc_ready_to_dc_model,6,1.2352295,1.3353545,1.1501044999999999,1.6207295,1.149042,1.967584
pilot,clic_a,7,1.9,8,1,1,trace,battery,2,dc_ready_to_dc_model,6,1.2629584999999999,1.3641738333333333,1.1802715,1.6492915,1.1773339999999999,1.995375
pilot,clic_a,7,1.9,8,1,1,trace,battery,1,begin_to_models_done,6,1.1431874999999998,1.8953471666666666,1.0066245,3.5362295,0.9720829999999996,4.8621669999999995
pilot,clic_a,7,1.9,8,1,1,trace,battery,2,begin_to_models_done,6,2.608271,2.7217429999999996,2.0100204999999995,3.5469375,1.9017079999999993,3.953498999999999
pilot,clic_a,7,1.9,8,1,1,trace,battery,1,dc_group_threads,6,0.0,0,0.0,0.0,0,0
pilot,clic_a,7,1.9,8,1,1,trace,battery,2,dc_group_threads,6,0.0,0,0.0,0.0,0,0
rate_trace,alpine24,10,1.9,8,1,1,trace,ac,1,workflow.quantization.cpu,3,0.36762499999997544,0.08511066666665101,-0.9404086000000234,0.9976241999999957,-1.267417000000023,1.1551240000000007
rate_trace,alpine24,10,1.9,8,1,1,trace,ac,2,workflow.quantization.cpu,3,-1.3933749999999918,-1.0894030000000043,-1.4494085999999924,-0.6078086000000211,-1.4634169999999926,-0.41141700000002857
rate_trace,alpine24,10,1.9,8,1,1,trace,ac,1,dc.prepare.cpu,3,-0.9641670000000002,-1.0149303333333335,-1.3993998000000003,-0.6507662000000001,-1.5082080000000002,-0.572416
rate_trace,alpine24,10,1.9,8,1,1,trace,ac,2,dc.prepare.cpu,3,-0.9353330000000004,-1.1165693333333335,-1.8641994000000002,-0.44143380000000015,-2.096416,-0.3179590000000001
rate_trace,alpine24,10,1.9,8,1,1,trace,ac,1,token.population_reduce.cpu,3,-0.07633299999999998,-0.1605,-0.2837002,-0.07096660000000003,-0.335542,-0.06962500000000005
rate_trace,alpine24,10,1.9,8,1,1,trace,ac,2,token.population_reduce.cpu,3,-0.01733299999999982,-0.08744433333333324,-0.22190019999999996,0.018967000000000137,-0.273042,0.028042000000000122
rate_trace,alpine24,10,1.9,8,1,1,trace,ac,1,entropy.dc.cpu,3,-0.6394149999999996,-1.8611519999999995,-4.0624494,-0.14854939999999883,-4.918208,-0.025832999999998663
rate_trace,alpine24,10,1.9,8,1,1,trace,ac,2,entropy.dc.cpu,3,-0.7984170000000006,-2.357778000000001,-5.412750599999998,0.07345019999999636,-6.566333999999998,0.2914169999999956
rate_trace,alpine24,10,1.9,8,1,1,trace,ac,1,entropy.ac.cpu,3,-0.4158749999999998,-2.2557356666666664,-5.557907800000004,0.31049220000000455,-6.843416000000005,0.4920840000000055
rate_trace,alpine24,10,1.9,8,1,1,trace,ac,2,entropy.ac.cpu,3,-0.27958399999999983,-2.509388666666671,-6.140583200000004,0.22988399999999276,-7.605833000000004,0.3572509999999909
rate_trace,alpine24,10,1.9,8,1,1,trace,ac,1,workflow.serializer.cpu,3,-0.2157499999999999,-1.4994723333333297,-4.417583599999998,0.9051500000000061,-5.468041999999997,1.1853750000000076
rate_trace,alpine24,10,1.9,8,1,1,trace,ac,2,workflow.serializer.cpu,3,-1.0279999999999916,-3.664624999999996,-7.689166399999993,-0.6947336000000006,-9.354457999999994,-0.611417000000003
rate_trace,alpine24,10,1.9,8,1,1,trace,ac,1,gpu_ready_to_reduction,3,0.6124580000000001,0.676722,0.530458,0.8486916000000001,0.5099579999999999,0.9077500000000001
rate_trace,alpine24,10,1.9,8,1,1,trace,ac,2,gpu_ready_to_reduction,3,-0.7507909999999999,-0.9547083333333333,-1.5655917999999998,-0.4253918,-1.7692919999999999,-0.34404200000000007
rate_trace,alpine24,10,1.9,8,1,1,trace,ac,1,dc_group_threads,3,0,0,0.0,0.0,0,0
rate_trace,alpine24,10,1.9,8,1,1,trace,ac,2,dc_group_threads,3,0,0,0.0,0.0,0,0
rate_trace,alpine24,8,1.9,8,1,1,trace,ac,1,workflow.quantization.cpu,3,0.14008300000000418,0.927485666666693,-1.0903833999999732,3.260315800000035,-1.3979999999999677,4.0403740000000425
rate_trace,alpine24,8,1.9,8,1,1,trace,ac,2,workflow.quantization.cpu,3,1.2193750000000136,0.8831113333333557,-2.1414577999999667,3.773175000000015,-2.9816659999999615,4.411625000000015
rate_trace,alpine24,8,1.9,8,1,1,trace,ac,1,dc.prepare.cpu,3,0.33012400000000053,0.2083183333333333,-0.24557599999999996,0.6134903999999997,-0.3895010000000001,0.6843319999999995
rate_trace,alpine24,8,1.9,8,1,1,trace,ac,2,dc.prepare.cpu,3,0.7424990000000005,0.5104990000000001,-0.47240099999999996,1.4005990000000001,-0.7761260000000001,1.565124
rate_trace,alpine24,8,1.9,8,1,1,trace,ac,1,token.population_reduce.cpu,3,0.010375000000000023,0.07154166666666668,-0.008591400000000027,0.1761414000000001,-0.01333300000000004,0.21758300000000008
rate_trace,alpine24,8,1.9,8,1,1,trace,ac,2,token.population_reduce.cpu,3,0.047667000000000126,0.04736166666666667,-0.09616580000000008,0.19076700000000005,-0.13212400000000013,0.22654200000000002
rate_trace,alpine24,8,1.9,8,1,1,trace,ac,1,entropy.dc.cpu,3,0.9712910000000008,2.4001110000000025,-0.11724179999999507,5.488991800000001,-0.38937499999999403,6.618417000000001
rate_trace,alpine24,8,1.9,8,1,1,trace,ac,2,entropy.dc.cpu,3,-0.1907499999999942,1.2890966666666681,-2.5382171999999996,5.708349200000001,-3.125084000000001,7.183123999999999
rate_trace,alpine24,8,1.9,8,1,1,trace,ac,1,entropy.ac.cpu,3,0.25175000000000125,2.3717503333333334,0.05628360000000328,5.535217199999997,0.007417000000003782,6.856083999999996
rate_trace,alpine24,8,1.9,8,1,1,trace,ac,2,entropy.ac.cpu,3,1.6726249999999965,2.058375666666663,-2.8870742000000034,7.158125799999997,-4.0269990000000035,8.529500999999996
rate_trace,alpine24,8,1.9,8,1,1,trace,ac,1,workflow.serializer.cpu,3,1.7039160000000066,3.103819333333334,0.5553504000000005,6.212249599999999,0.2682089999999988,7.339332999999996
rate_trace,alpine24,8,1.9,8,1,1,trace,ac,2,workflow.serializer.cpu,3,2.8035830000000033,2.219889,-3.346049800000003,7.552350200000001,-4.8834580000000045,8.739542
rate_trace,alpine24,8,1.9,8,1,1,trace,ac,1,gpu_ready_to_reduction,3,1.451416,1.3865276666666666,0.3966832,2.3504168,0.13300000000000003,2.575167
rate_trace,alpine24,8,1.9,8,1,1,trace,ac,2,gpu_ready_to_reduction,3,0.7219570000000001,0.2931240000000001,-1.1739429999999997,1.5886578,-1.6479179999999998,1.805333
rate_trace,alpine24,8,1.9,8,1,1,trace,ac,1,dc_group_threads,3,0,0,0.0,0.0,0,0
rate_trace,alpine24,8,1.9,8,1,1,trace,ac,2,dc_group_threads,3,0,0,0.0,0.0,0,0
rate_trace,clic_a,10,1.9,8,1,1,trace,ac,1,workflow.quantization.cpu,3,-0.5305000000000035,-0.47562533333333573,-0.7663664000000011,-0.16293440000000314,-0.8253330000000005,-0.07104300000000308
rate_trace,clic_a,10,1.9,8,1,1,trace,ac,2,workflow.quantization.cpu,3,-0.18420900000000984,-0.14662500000000497,-0.7014746000000059,0.42325819999999803,-0.8307910000000049,0.5751249999999999
rate_trace,clic_a,10,1.9,8,1,1,trace,ac,1,dc.prepare.cpu,3,0.012750000000000039,2.7666666666685085e-05,-0.018649999999999965,0.013616399999999996,-0.026499999999999968,0.013832999999999984
rate_trace,clic_a,10,1.9,8,1,1,trace,ac,2,dc.prepare.cpu,3,0.002583000000000002,0.004444333333333272,-0.011083399999999966,0.020716599999999818,-0.014499999999999957,0.025249999999999773
rate_trace,clic_a,10,1.9,8,1,1,trace,ac,1,token.population_reduce.cpu,3,-0.01070799999999994,-0.01512433333333337,-0.0326744000000001,0.0006591999999999935,-0.038166000000000144,0.0035009999999999764
rate_trace,clic_a,10,1.9,8,1,1,trace,ac,2,token.population_reduce.cpu,3,0.034833000000000114,0.027264000000000028,-0.0035997999999998857,0.05510019999999991,-0.013207999999999886,0.06016699999999986
rate_trace,clic_a,10,1.9,8,1,1,trace,ac,1,entropy.dc.cpu,3,0.5370420000000014,0.43213900000000055,0.2804419999999997,0.5418748000000011,0.21629199999999926,0.5430830000000011
rate_trace,clic_a,10,1.9,8,1,1,trace,ac,2,entropy.dc.cpu,3,0.12529199999999996,0.19922266666666685,-0.13037439999999983,0.5583920000000002,-0.19429099999999977,0.6666670000000003
rate_trace,clic_a,10,1.9,8,1,1,trace,ac,1,entropy.ac.cpu,3,0.10249999999999915,0.13167999999999994,0.08489840000000015,0.19013360000000007,0.0804980000000004,0.21204200000000029
rate_trace,clic_a,10,1.9,8,1,1,trace,ac,2,entropy.ac.cpu,3,-0.07391599999999876,-0.09926366666666613,-0.43751679999999915,0.2288504,-0.5284169999999992,0.30454199999999965
rate_trace,clic_a,10,1.9,8,1,1,trace,ac,1,workflow.serializer.cpu,3,1.378416999999999,1.4133610000000008,1.3592162,1.481483400000002,1.3544160000000005,1.5072500000000026
rate_trace,clic_a,10,1.9,8,1,1,trace,ac,2,workflow.serializer.cpu,3,-0.22195800000000077,-0.03187499999999943,-0.35039160000000036,0.3626748000000021,-0.3825000000000003,0.5088330000000028
rate_trace,clic_a,10,1.9,8,1,1,trace,ac,1,gpu_ready_to_reduction,3,1.7045409999999999,1.7223743333333332,1.7013074,1.7505746,1.700499,1.762083
rate_trace,clic_a,10,1.9,8,1,1,trace,ac,2,gpu_ready_to_reduction,3,-0.004083000000000059,0.002513999999999905,-0.009150200000000108,0.016816999999999905,-0.01041700000000012,0.022041999999999895
rate_trace,clic_a,10,1.9,8,1,1,trace,ac,1,dc_group_threads,3,0,0,0.0,0.0,0,0
rate_trace,clic_a,10,1.9,8,1,1,trace,ac,2,dc_group_threads,3,0,0,0.0,0.0,0,0
rate_trace,clic_a,8,1.9,8,1,1,trace,ac,1,workflow.quantization.cpu,3,-0.17029199999999634,0.46008333333333457,-0.21762480000000012,1.3899416000000018,-0.22945800000000105,1.7800000000000011
rate_trace,clic_a,8,1.9,8,1,1,trace,ac,2,workflow.quantization.cpu,3,0.22987400000000235,0.29552766666666724,-0.2940916000000001,0.9114084000000006,-0.42508300000000077,1.081792
rate_trace,clic_a,8,1.9,8,1,1,trace,ac,1,dc.prepare.cpu,3,-0.04512499999999964,-0.2013883333333332,-0.4782577999999999,0.012975800000000072,-0.586541,0.027500999999999998
rate_trace,clic_a,8,1.9,8,1,1,trace,ac,2,dc.prepare.cpu,3,-0.013207999999999664,-0.24694433333333313,-0.607108,0.01972480000000037,-0.7555830000000001,0.02795800000000037
rate_trace,clic_a,8,1.9,8,1,1,trace,ac,1,token.population_reduce.cpu,3,-0.007749999999999924,-0.05109733333333333,-0.12101720000000005,0.0014836000000000293,-0.14933400000000008,0.0037920000000000176
rate_trace,clic_a,8,1.9,8,1,1,trace,ac,2,token.population_reduce.cpu,3,0.005333000000000032,-0.03833366666666671,-0.10330060000000008,0.009166599999999959,-0.1304590000000001,0.01012499999999994
rate_trace,clic_a,8,1.9,8,1,1,trace,ac,1,entropy.dc.cpu,3,-0.33549899999999866,-0.5959166666666663,-1.245799799999999,-0.05020060000000087,-1.473374999999999,0.02112399999999859
rate_trace,clic_a,8,1.9,8,1,1,trace,ac,2,entropy.dc.cpu,3,-0.20816699999999955,-0.6991946666666665,-1.4182997999999991,-0.17650060000000067,-1.720832999999999,-0.16858400000000096
rate_trace,clic_a,8,1.9,8,1,1,trace,ac,1,entropy.ac.cpu,3,-0.7541659999999997,-0.9156939999999997,-2.055333199999999,0.15933399999999942,-2.3806249999999984,0.3877089999999992
rate_trace,clic_a,8,1.9,8,1,1,trace,ac,2,entropy.ac.cpu,3,-0.3815420000000014,-1.068666666666667,-2.2897092,-0.12247400000000075,-2.7667509999999993,-0.05770700000000062
rate_trace,clic_a,8,1.9,8,1,1,trace,ac,1,workflow.serializer.cpu,3,0.42433300000000074,0.010249999999999204,-1.2700998000000006,1.1249665999999983,-1.6937080000000009,1.3001249999999978
rate_trace,clic_a,8,1.9,8,1,1,trace,ac,2,workflow.serializer.cpu,3,-0.1664170000000027,-1.1405416666666675,-2.5841498000000014,-0.08658339999999924,-3.1885830000000013,-0.06662499999999838
rate_trace,clic_a,8,1.9,8,1,1,trace,ac,1,gpu_ready_to_reduction,3,1.704584,1.7191666666666667,1.6981504,1.746016,1.696542,1.756374
rate_trace,clic_a,8,1.9,8,1,1,trace,ac,2,gpu_ready_to_reduction,3,0.005249999999999977,-0.05665299999999999,-0.1611163999999999,0.023049199999999947,-0.2027079999999999,0.02749899999999994
rate_trace,clic_a,8,1.9,8,1,1,trace,ac,1,dc_group_threads,3,0,0,0.0,0.0,0,0
rate_trace,clic_a,8,1.9,8,1,1,trace,ac,2,dc_group_threads,3,0,0,0.0,0.0,0,0
synthetic,dense_pad,1,1.9,8,1,1,trace,ac,1,workflow.quantization.cpu,6,-0.03372949999999997,-0.2585623333333333,-1.3721869999999998,0.6302295,-1.9987499999999998,0.7805420000000001
synthetic,dense_pad,1,1.9,8,1,1,trace,ac,2,workflow.quantization.cpu,6,0.15491699999999997,0.21786149999999993,-0.08712450000000005,0.5857919999999999,-0.11124899999999993,0.7587090000000001
synthetic,dense_pad,1,1.9,8,1,1,trace,ac,1,dc.prepare.cpu,6,-0.002000500000000016,0.000791499999999982,-0.0074785000000000545,0.011853500000000017,-0.009333000000000036,0.01637500000000003
synthetic,dense_pad,1,1.9,8,1,1,trace,ac,2,dc.prepare.cpu,6,-0.006145999999999985,-0.0036668333333333227,-0.02218749999999997,0.017332999999999987,-0.030541999999999958,0.01795800000000003
synthetic,dense_pad,1,1.9,8,1,1,trace,ac,1,token.population_reduce.cpu,6,0.027770000000000017,0.013360833333333377,-0.10779149999999993,0.12010400000000004,-0.15774999999999995,0.14516700000000005
synthetic,dense_pad,1,1.9,8,1,1,trace,ac,2,token.population_reduce.cpu,6,-0.016895999999999967,0.0014235000000000404,-0.051499499999999976,0.07266600000000006,-0.05770799999999998,0.13004100000000007
synthetic,dense_pad,1,1.9,8,1,1,trace,ac,1,entropy.dc.cpu,6,-0.011229000000000045,-0.011020666666666679,-0.025312,0.00347900000000001,-0.033791000000000015,0.007998999999999978
synthetic,dense_pad,1,1.9,8,1,1,trace,ac,2,entropy.dc.cpu,6,-0.00012449999999997186,0.0010906666666666471,-0.011229000000000045,0.014625499999999958,-0.013708000000000053,0.016708999999999974
synthetic,dense_pad,1,1.9,8,1,1,trace,ac,1,entropy.ac.cpu,6,-0.025124499999999994,-0.020687333333333353,-0.0755625000000002,0.03862500000000013,-0.09879199999999999,0.05550000000000033
synthetic,dense_pad,1,1.9,8,1,1,trace,ac,2,entropy.ac.cpu,6,-0.0506034999999998,-0.03402766666666657,-0.11070800000000003,0.05922850000000013,-0.12229100000000015,0.06045800000000012
synthetic,dense_pad,1,1.9,8,1,1,trace,ac,1,workflow.serializer.cpu,6,0.03854199999999963,0.06710433333333328,-0.16422900000000018,0.3270000000000004,-0.2087500000000002,0.43337500000000073
synthetic,dense_pad,1,1.9,8,1,1,trace,ac,2,workflow.serializer.cpu,6,0.08914599999999995,0.12594466666666668,-0.045937499999999964,0.3346255,-0.09020799999999962,0.3834590000000002
synthetic,dense_pad,1,1.9,8,1,1,trace,ac,1,gpu_ready_to_reduction,6,0.030562,0.07312483333333333,0.020353999999999997,0.16845849999999998,0.016625,0.17099999999999999
synthetic,dense_pad,1,1.9,8,1,1,trace,ac,2,gpu_ready_to_reduction,6,0.041583,0.07693033333333332,0.01652,0.17268799999999998,0.014123999999999998,0.18054199999999998
synthetic,dense_pad,1,1.9,8,1,1,trace,ac,1,gpu_ready_to_ac_model,6,0.09189600000000003,0.07504150000000002,-0.06897999999999999,0.2022085,-0.13933399999999996,0.24729200000000007
synthetic,dense_pad,1,1.9,8,1,1,trace,ac,2,gpu_ready_to_ac_model,6,0.10270850000000004,0.10659716666666669,-0.003771499999999983,0.2208545,-0.015876,0.22112500000000002
synthetic,dense_pad,1,1.9,8,1,1,trace,ac,1,dc_ready_to_dc_model,6,0.074708,0.09197916666666668,-0.07052049999999999,0.27175000000000005,-0.10908299999999993,0.34462500000000007
synthetic,dense_pad,1,1.9,8,1,1,trace,ac,2,dc_ready_to_dc_model,6,0.733083,0.7192636666666667,0.652479,0.772229,0.621,0.7777080000000001
synthetic,dense_pad,1,1.9,8,1,1,trace,ac,1,begin_to_models_done,6,0.02166699999999988,0.06397966666666684,-0.1245824999999996,0.29485450000000024,-0.16149899999999962,0.39254200000000017
synthetic,dense_pad,1,1.9,8,1,1,trace,ac,2,begin_to_models_done,6,0.10506300000000013,0.11605600000000009,-0.0420824999999998,0.2851874999999999,-0.11491600000000002,0.3347089999999997
synthetic,dense_pad,1,1.9,8,1,1,trace,ac,1,dc_group_threads,6,0.0,0,0.0,0.0,0,0
synthetic,dense_pad,1,1.9,8,1,1,trace,ac,2,dc_group_threads,6,0.0,0,0.0,0.0,0,0
synthetic,dense_pad,7,1.9,8,1,1,trace,ac,1,workflow.quantization.cpu,6,0.11583299999999852,0.09541650000000008,-0.30364649999999926,0.474063000000001,-0.5769589999999987,0.4811259999999997
synthetic,dense_pad,7,1.9,8,1,1,trace,ac,2,workflow.quantization.cpu,6,-0.02089599999999958,-0.10563899999999975,-0.5866249999999997,0.2906040000000001,-0.6436670000000007,0.3748749999999994
synthetic,dense_pad,7,1.9,8,1,1,trace,ac,1,dc.prepare.cpu,6,0.012853999999999977,0.010763833333333342,-0.0066249999999999365,0.02606249999999999,-0.011499999999999955,0.02645799999999998
synthetic,dense_pad,7,1.9,8,1,1,trace,ac,2,dc.prepare.cpu,6,-0.0008544999999999803,-0.006048500000000012,-0.03218700000000002,0.014895999999999965,-0.03970800000000008,0.01691699999999996
synthetic,dense_pad,7,1.9,8,1,1,trace,ac,1,token.population_reduce.cpu,6,0.0005204999999999793,0.01772216666666665,-0.040249499999999994,0.09289549999999996,-0.05420799999999992,0.11570799999999992
synthetic,dense_pad,7,1.9,8,1,1,trace,ac,2,token.population_reduce.cpu,6,-0.009207999999999994,-0.014187499999999983,-0.04566699999999996,0.012312500000000004,-0.05558399999999997,0.016583000000000014
synthetic,dense_pad,7,1.9,8,1,1,trace,ac,1,entropy.dc.cpu,6,0.0019164999999999877,0.0027848333333333475,-0.02624949999999998,0.032687500000000036,-0.03345799999999999,0.041167000000000065
synthetic,dense_pad,7,1.9,8,1,1,trace,ac,2,entropy.dc.cpu,6,-0.010916499999999996,-0.012707833333333344,-0.033145499999999994,0.005938499999999958,-0.04629099999999997,0.007375999999999938
synthetic,dense_pad,7,1.9,8,1,1,trace,ac,1,entropy.ac.cpu,6,0.024958500000000106,0.07209750000000008,0.008125500000000008,0.1832085000000001,0.003417999999999921,0.19983400000000007
synthetic,dense_pad,7,1.9,8,1,1,trace,ac,2,entropy.ac.cpu,6,0.0023965000000001346,-0.01574249999999992,-0.0617494999999999,0.012125500000000011,-0.10058299999999987,0.015959000000000056
synthetic,dense_pad,7,1.9,8,1,1,trace,ac,1,workflow.serializer.cpu,6,0.275188,0.3289791666666669,0.12822900000000015,0.5835205000000006,0.08787400000000112,0.6787080000000003
synthetic,dense_pad,7,1.9,8,1,1,trace,ac,2,workflow.serializer.cpu,6,0.30131250000000076,0.26162516666666696,0.12358400000000014,0.35997900000000005,0.07254200000000033,0.3705829999999999
synthetic,dense_pad,7,1.9,8,1,1,trace,ac,1,gpu_ready_to_reduction,6,0.248333,0.20865283333333334,0.107146,0.2704795,-0.016832,0.278542
synthetic,dense_pad,7,1.9,8,1,1,trace,ac,2,gpu_ready_to_reduction,6,0.2507085,0.21327816666666666,0.09589649999999997,0.29322950000000003,-0.044291,0.313834
synthetic,dense_pad,7,1.9,8,1,1,trace,ac,1,gpu_ready_to_ac_model,6,0.246375,0.21579183333333332,0.07127150000000004,0.32972899999999994,-0.036541000000000046,0.36875099999999994
synthetic,dense_pad,7,1.9,8,1,1,trace,ac,2,gpu_ready_to_ac_model,6,0.2794789999999999,0.22910433333333333,0.10229200000000005,0.305542,-0.03416600000000003,0.3074589999999999
synthetic,dense_pad,7,1.9,8,1,1,trace,ac,1,dc_ready_to_dc_model,6,0.306354,0.30700683333333334,0.201229,0.41343750000000007,0.19137499999999996,0.4381670000000001
synthetic,dense_pad,7,1.9,8,1,1,trace,ac,2,dc_ready_to_dc_model,6,0.814562,0.8509648333333333,0.7986869999999999,0.9396455,0.797833,1.022208
synthetic,dense_pad,7,1.9,8,1,1,trace,ac,1,begin_to_models_done,6,0.40025049999999984,0.3765768333333333,0.19410500000000042,0.5353749999999997,0.1816260000000005,0.5939160000000001
synthetic,dense_pad,7,1.9,8,1,1,trace,ac,2,begin_to_models_done,6,0.3082919999999998,0.29422266666666674,0.19183400000000006,0.3825420000000004,0.17608399999999946,0.4480000000000004
synthetic,dense_pad,7,1.9,8,1,1,trace,ac,1,dc_group_threads,6,0.0,0,0.0,0.0,0,0
synthetic,dense_pad,7,1.9,8,1,1,trace,ac,2,dc_group_threads,6,0.0,0,0.0,0.0,0,0
synthetic,flat_pad,1,1.9,8,1,1,trace,ac,1,workflow.quantization.cpu,6,-0.02895900000000018,-0.04737516666666671,-0.10272899999999996,-0.010437499999999988,-0.11362499999999986,-0.005291999999999852
synthetic,flat_pad,1,1.9,8,1,1,trace,ac,2,workflow.quantization.cpu,6,0.03735400000000011,0.05065966666666669,-0.047687000000000035,0.162312,-0.055249000000000104,0.25670800000000016
synthetic,flat_pad,1,1.9,8,1,1,trace,ac,1,dc.prepare.cpu,6,-0.007041499999999978,-0.003284500000000005,-0.01408300000000004,0.011271000000000003,-0.016124000000000027,0.01425000000000004
synthetic,flat_pad,1,1.9,8,1,1,trace,ac,2,dc.prepare.cpu,6,0.0011459999999999526,0.005257166666666656,-0.0020620000000000083,0.016687500000000022,-0.0028329999999999744,0.01808300000000007
synthetic,flat_pad,1,1.9,8,1,1,trace,ac,1,token.population_reduce.cpu,6,0.06835399999999997,0.07320133333333333,0.018937500000000024,0.1323125,-0.006999999999999951,0.14425
synthetic,flat_pad,1,1.9,8,1,1,trace,ac,2,token.population_reduce.cpu,6,0.06589550000000002,0.08789566666666666,0.026687500000000003,0.17110399999999995,0.02458300000000002,0.18929099999999993
synthetic,flat_pad,1,1.9,8,1,1,trace,ac,1,entropy.dc.cpu,6,-0.0009794999999999943,0.0026461666666666717,-0.002874500000000002,0.011792500000000011,-0.002915999999999974,0.016293000000000002
synthetic,flat_pad,1,1.9,8,1,1,trace,ac,2,entropy.dc.cpu,6,0.009958000000000022,0.009778000000000009,0.0012085000000000012,0.018167500000000003,-0.0014590000000000436,0.02125100000000002
synthetic,flat_pad,1,1.9,8,1,1,trace,ac,1,entropy.ac.cpu,6,0.005937000000000026,0.00688216666666668,-0.0021660000000000013,0.016875500000000015,-0.0024159999999999737,0.018125000000000002
synthetic,flat_pad,1,1.9,8,1,1,trace,ac,2,entropy.ac.cpu,6,0.019104500000000024,0.01827766666666668,0.01397900000000002,0.021749500000000005,0.010083000000000009,0.022123999999999977
synthetic,flat_pad,1,1.9,8,1,1,trace,ac,1,workflow.serializer.cpu,6,0.3975210000000001,0.3594303333333334,0.24514550000000002,0.4356245000000001,0.15349999999999975,0.43712399999999985
synthetic,flat_pad,1,1.9,8,1,1,trace,ac,2,workflow.serializer.cpu,6,0.3677910000000002,0.40697883333333335,0.31431200000000004,0.5388334999999999,0.3029580000000003,0.569917
synthetic,flat_pad,1,1.9,8,1,1,trace,ac,1,gpu_ready_to_reduction,6,0.2937085,0.29533333333333334,0.280208,0.31208349999999996,0.273791,0.316583
synthetic,flat_pad,1,1.9,8,1,1,trace,ac,2,gpu_ready_to_reduction,6,0.293041,0.29505533333333334,0.28693749999999996,0.3051875,0.282375,0.309083
synthetic,flat_pad,1,1.9,8,1,1,trace,ac,1,gpu_ready_to_ac_model,6,0.3516665,0.349604,0.3015625,0.395583,0.276667,0.401625
synthetic,flat_pad,1,1.9,8,1,1,trace,ac,2,gpu_ready_to_ac_model,6,0.3944995,0.406986,0.335542,0.4909165,0.32866700000000004,0.516625
synthetic,flat_pad,1,1.9,8,1,1,trace,ac,1,dc_ready_to_dc_model,6,0.3652915,0.35718700000000003,0.295437,0.4108325,0.24579099999999998,0.434291
synthetic,flat_pad,1,1.9,8,1,1,trace,ac,2,dc_ready_to_dc_model,6,0.5945005000000001,0.5905415,0.5067705,0.6703535,0.50275,0.6749999999999999
synthetic,flat_pad,1,1.9,8,1,1,trace,ac,1,begin_to_models_done,6,0.3697705,0.3502501666666667,0.27766750000000007,0.4033125000000001,0.21133400000000013,0.41995800000000005
synthetic,flat_pad,1,1.9,8,1,1,trace,ac,2,begin_to_models_done,6,0.41754099999999994,0.42698616666666667,0.349688,0.5137295000000001,0.34245899999999985,0.5447090000000001
synthetic,flat_pad,1,1.9,8,1,1,trace,ac,1,dc_group_threads,6,0.0,0,0.0,0.0,0,0
synthetic,flat_pad,1,1.9,8,1,1,trace,ac,2,dc_group_threads,6,0.0,0,0.0,0.0,0,0
synthetic,flat_pad,7,1.9,8,1,1,trace,ac,1,workflow.quantization.cpu,6,-0.31489549999999955,-0.24761816666666667,-0.6131460000000004,0.185187,-0.6383330000000011,0.2717500000000008
synthetic,flat_pad,7,1.9,8,1,1,trace,ac,2,workflow.quantization.cpu,6,-0.1458964999999992,-0.1681251666666661,-0.2766245000000005,-0.08185449999999861,-0.2837499999999995,-0.06783299999999848
synthetic,flat_pad,7,1.9,8,1,1,trace,ac,1,dc.prepare.cpu,6,0.0055215000000000125,0.024062666666666687,-0.009916499999999967,0.07658300000000001,-0.015165999999999957,0.085125
synthetic,flat_pad,7,1.9,8,1,1,trace,ac,2,dc.prepare.cpu,6,0.013854000000000005,0.033055333333333346,-0.005291999999999991,0.09060400000000002,-0.006041999999999992,0.11175000000000002
synthetic,flat_pad,7,1.9,8,1,1,trace,ac,1,token.population_reduce.cpu,6,-0.04543799999999998,-0.024868166666666653,-0.168875,0.1397085,-0.196917,0.267
synthetic,flat_pad,7,1.9,8,1,1,trace,ac,2,token.population_reduce.cpu,6,0.042415999999999954,0.04793716666666664,-0.10533350000000002,0.206729,-0.18641700000000005,0.207916
synthetic,flat_pad,7,1.9,8,1,1,trace,ac,1,entropy.dc.cpu,6,0.004479499999999997,0.013278166666666666,-0.016040999999999972,0.05139599999999997,-0.016874999999999973,0.07433299999999998
synthetic,flat_pad,7,1.9,8,1,1,trace,ac,2,entropy.dc.cpu,6,0.019708500000000018,0.03006966666666666,-0.0015410000000000146,0.07204149999999998,-0.012833000000000039,0.098167
synthetic,flat_pad,7,1.9,8,1,1,trace,ac,1,entropy.ac.cpu,6,-0.007020499999999999,0.0026876666666666715,-0.009270499999999987,0.024354,-0.009416999999999981,0.047708
synthetic,flat_pad,7,1.9,8,1,1,trace,ac,2,entropy.ac.cpu,6,0.020230000000000012,0.023153000000000003,0.005124500000000004,0.04410449999999999,0.003499000000000002,0.05341699999999999
synthetic,flat_pad,7,1.9,8,1,1,trace,ac,1,workflow.serializer.cpu,6,0.19002050000000015,0.3094858333333334,0.09306199999999998,0.645375,0.036583000000000254,1.0001670000000003
synthetic,flat_pad,7,1.9,8,1,1,trace,ac,2,workflow.serializer.cpu,6,0.48033249999999994,0.44323583333333333,0.19291700000000012,0.656458,0.11870899999999995,0.6619989999999998
synthetic,flat_pad,7,1.9,8,1,1,trace,ac,1,gpu_ready_to_reduction,6,0.27618699999999996,0.2935623333333333,0.2475205,0.3569795,0.23591600000000001,0.364834
synthetic,flat_pad,7,1.9,8,1,1,trace,ac,2,gpu_ready_to_reduction,6,0.288188,0.29206966666666667,0.239875,0.348146,0.22508300000000003,0.349959
synthetic,flat_pad,7,1.9,8,1,1,trace,ac,1,gpu_ready_to_ac_model,6,0.20689499999999994,0.25834016666666665,0.12006249999999996,0.448063,0.10241699999999998,0.6311260000000001
synthetic,flat_pad,7,1.9,8,1,1,trace,ac,2,gpu_ready_to_ac_model,6,0.36473000000000005,0.36369466666666667,0.21754149999999994,0.5088124999999999,0.181458,0.533125
synthetic,flat_pad,7,1.9,8,1,1,trace,ac,1,dc_ready_to_dc_model,6,0.2274575000000001,0.2508675,0.08485350000000005,0.4402915,0.048708000000000085,0.604167
synthetic,flat_pad,7,1.9,8,1,1,trace,ac,2,dc_ready_to_dc_model,6,0.7532915,0.716222,0.5726040000000001,0.8227705000000001,0.528166,0.847458
synthetic,flat_pad,7,1.9,8,1,1,trace,ac,1,begin_to_models_done,6,0.19266650000000007,0.2734448333333333,0.09875099999999992,0.528917,0.08729299999999984,0.7719590000000001
synthetic,flat_pad,7,1.9,8,1,1,trace,ac,2,begin_to_models_done,6,0.43393800000000005,0.43981950000000003,0.23660400000000004,0.6489165,0.12412500000000004,0.6530419999999999
synthetic,flat_pad,7,1.9,8,1,1,trace,ac,1,dc_group_threads,6,0.0,0,0.0,0.0,0,0
synthetic,flat_pad,7,1.9,8,1,1,trace,ac,2,dc_group_threads,6,0.0,0,0.0,0.0,0,0
synthetic,gradient_pad,1,1.9,8,1,1,trace,ac,1,workflow.quantization.cpu,6,0.06558300000000006,0.022173333333333378,-0.11279199999999978,0.11372899999999986,-0.12075099999999983,0.12379099999999998
synthetic,gradient_pad,1,1.9,8,1,1,trace,ac,2,workflow.quantization.cpu,6,0.09489600000000009,0.0302290000000001,-0.11827099999999979,0.114062,-0.17316699999999985,0.12537500000000001
synthetic,gradient_pad,1,1.9,8,1,1,trace,ac,1,dc.prepare.cpu,6,-0.0047499999999999765,-0.0015695000000000014,-0.023833500000000007,0.02387499999999998,-0.03079199999999993,0.03454199999999996
synthetic,gradient_pad,1,1.9,8,1,1,trace,ac,2,dc.prepare.cpu,6,-0.016103499999999937,-0.006902166666666654,-0.027937000000000045,0.02333400000000002,-0.028458000000000094,0.03812599999999999
synthetic,gradient_pad,1,1.9,8,1,1,trace,ac,1,token.population_reduce.cpu,6,-0.005042000000000019,0.023229333333333334,-0.05925,0.13398000000000002,-0.09070799999999996,0.256417
synthetic,gradient_pad,1,1.9,8,1,1,trace,ac,2,token.population_reduce.cpu,6,0.0328745,0.04938883333333335,-0.025437499999999974,0.1407295,-0.03141699999999997,0.196334
synthetic,gradient_pad,1,1.9,8,1,1,trace,ac,1,entropy.dc.cpu,6,-0.00020850000000000035,0.01744449999999999,-0.0154165,0.06795849999999998,-0.019291000000000003,0.12379199999999996
synthetic,gradient_pad,1,1.9,8,1,1,trace,ac,2,entropy.dc.cpu,6,0.008874999999999994,0.02295833333333332,-0.006708500000000006,0.06670849999999998,-0.015417000000000014,0.11079199999999995
synthetic,gradient_pad,1,1.9,8,1,1,trace,ac,1,entropy.ac.cpu,6,-0.008187000000000055,-0.00889566666666671,-0.04614550000000006,0.02764549999999999,-0.06920799999999994,0.06062400000000001
synthetic,gradient_pad,1,1.9,8,1,1,trace,ac,2,entropy.ac.cpu,6,-0.006937000000000082,-0.0011941666666666444,-0.03316649999999999,0.03652100000000014,-0.039292000000000105,0.07200000000000006
synthetic,gradient_pad,1,1.9,8,1,1,trace,ac,1,workflow.serializer.cpu,6,0.29560450000000005,0.32035416666666655,0.1931664999999998,0.47229149999999986,0.18358399999999975,0.5628329999999999
synthetic,gradient_pad,1,1.9,8,1,1,trace,ac,2,workflow.serializer.cpu,6,0.4918545000000001,0.4524234999999999,0.2893119999999998,0.576104,0.24666599999999983,0.5969579999999999
synthetic,gradient_pad,1,1.9,8,1,1,trace,ac,1,gpu_ready_to_reduction,6,0.3786665,0.3816385,0.362541,0.40370799999999996,0.35904100000000005,0.41825
synthetic,gradient_pad,1,1.9,8,1,1,trace,ac,2,gpu_ready_to_reduction,6,0.379667,0.3815693333333333,0.36531250000000004,0.3997285,0.361167,0.417833
synthetic,gradient_pad,1,1.9,8,1,1,trace,ac,1,gpu_ready_to_ac_model,6,0.37372900000000003,0.3910345,0.29189499999999996,0.5074795000000001,0.24137399999999998,0.6260840000000001
synthetic,gradient_pad,1,1.9,8,1,1,trace,ac,2,gpu_ready_to_ac_model,6,0.432937,0.4562566666666667,0.36939549999999993,0.5664375000000001,0.35329199999999994,0.6026250000000001
synthetic,gradient_pad,1,1.9,8,1,1,trace,ac,1,dc_ready_to_dc_model,6,0.35427050000000004,0.37131233333333336,0.250521,0.5091455,0.21537500000000004,0.621333
synthetic,gradient_pad,1,1.9,8,1,1,trace,ac,2,dc_ready_to_dc_model,6,0.522062,0.5612078333333334,0.4872915,0.67427,0.47558300000000003,0.725958
synthetic,gradient_pad,1,1.9,8,1,1,trace,ac,1,begin_to_models_done,6,0.3279380000000002,0.3544375000000001,0.24295750000000016,0.492417,0.24070800000000014,0.605917
synthetic,gradient_pad,1,1.9,8,1,1,trace,ac,2,begin_to_models_done,6,0.4756245,0.44820133333333334,0.307021,0.5619585,0.29837500000000006,0.580417
synthetic,gradient_pad,1,1.9,8,1,1,trace,ac,1,dc_group_threads,6,0.0,0,0.0,0.0,0,0
synthetic,gradient_pad,1,1.9,8,1,1,trace,ac,2,dc_group_threads,6,0.0,0,0.0,0.0,0,0
synthetic,gradient_pad,7,1.9,8,1,1,trace,ac,1,workflow.quantization.cpu,6,0.19158350000000013,0.15726366666666655,-0.32425050000000066,0.6044580000000002,-0.5035420000000013,0.6699160000000006
synthetic,gradient_pad,7,1.9,8,1,1,trace,ac,2,workflow.quantization.cpu,6,-0.14108350000000058,-0.02460450000000029,-0.3450420000000003,0.412312,-0.359,0.4309580000000004
synthetic,gradient_pad,7,1.9,8,1,1,trace,ac,1,dc.prepare.cpu,6,0.0030835000000000168,0.000659666666666688,-0.011749999999999983,0.01064550000000003,-0.024958000000000036,0.01695800000000003
synthetic,gradient_pad,7,1.9,8,1,1,trace,ac,2,dc.prepare.cpu,6,0.0005410000000000137,0.0001871666666666827,-0.025624999999999953,0.025645499999999988,-0.03154199999999996,0.02662500000000001
synthetic,gradient_pad,7,1.9,8,1,1,trace,ac,1,token.population_reduce.cpu,6,-0.09827100000000005,-0.047680666666666705,-0.1689795,0.12420849999999994,-0.19120899999999996,0.179083
synthetic,gradient_pad,7,1.9,8,1,1,trace,ac,2,token.population_reduce.cpu,6,-0.021625000000000005,-0.015104166666666677,-0.1215,0.09781249999999997,-0.163458,0.10587499999999994
synthetic,gradient_pad,7,1.9,8,1,1,trace,ac,1,entropy.dc.cpu,6,-0.020561999999999997,-0.018722166666666668,-0.04783350000000003,0.012229000000000018,-0.05475000000000002,0.017500000000000016
synthetic,gradient_pad,7,1.9,8,1,1,trace,ac,2,entropy.dc.cpu,6,0.00820849999999998,0.0026530000000000073,-0.017957999999999974,0.017708500000000016,-0.03354099999999999,0.02033400000000002
synthetic,gradient_pad,7,1.9,8,1,1,trace,ac,1,entropy.ac.cpu,6,-0.06708349999999991,-0.07647266666666662,-0.16433399999999998,0.001999500000000043,-0.197917,0.005916000000000032
synthetic,gradient_pad,7,1.9,8,1,1,trace,ac,2,entropy.ac.cpu,6,-0.0038129999999999553,-0.006090666666666615,-0.02197949999999993,0.007520500000000041,-0.033041999999999905,0.012040999999999968
synthetic,gradient_pad,7,1.9,8,1,1,trace,ac,1,workflow.serializer.cpu,6,0.2615415000000001,0.2125,-0.016562500000000036,0.3925209999999999,-0.023166999999999938,0.49883299999999986
synthetic,gradient_pad,7,1.9,8,1,1,trace,ac,2,workflow.serializer.cpu,6,0.3250624999999998,0.3700901666666665,0.24070799999999992,0.5444999999999998,0.1952919999999998,0.5682069999999997
synthetic,gradient_pad,7,1.9,8,1,1,trace,ac,1,gpu_ready_to_reduction,6,0.3514585,0.36054866666666663,0.3466045,0.383583,0.345709,0.390708
synthetic,gradient_pad,7,1.9,8,1,1,trace,ac,2,gpu_ready_to_reduction,6,0.360229,0.36089566666666667,0.34331249999999996,0.3791455,0.34324999999999994,0.3805
synthetic,gradient_pad,7,1.9,8,1,1,trace,ac,1,gpu_ready_to_ac_model,6,0.27077049999999997,0.29938233333333336,0.16689650000000006,0.46048,0.14083400000000001,0.5115839999999999
synthetic,gradient_pad,7,1.9,8,1,1,trace,ac,2,gpu_ready_to_ac_model,6,0.35547899999999993,0.37121533333333334,0.26191700000000007,0.49625,0.2041670000000001,0.5141249999999999
synthetic,gradient_pad,7,1.9,8,1,1,trace,ac,1,dc_ready_to_dc_model,6,0.26985449999999994,0.3084723333333333,0.18233300000000002,0.47322949999999997,0.17295800000000006,0.5271669999999999
synthetic,gradient_pad,7,1.9,8,1,1,trace,ac,2,dc_ready_to_dc_model,6,0.6354375,0.6450071666666667,0.5518755,0.7477085,0.550042,0.7725
synthetic,gradient_pad,7,1.9,8,1,1,trace,ac,1,begin_to_models_done,6,0.21660400000000002,0.2155623333333333,-0.010000500000000079,0.44008349999999996,-0.017125000000000057,0.516875
synthetic,gradient_pad,7,1.9,8,1,1,trace,ac,2,begin_to_models_done,6,0.333333,0.360597,0.24164549999999996,0.5068125,0.172666,0.5239590000000001
synthetic,gradient_pad,7,1.9,8,1,1,trace,ac,1,dc_group_threads,6,0.0,0,0.0,0.0,0,0
synthetic,gradient_pad,7,1.9,8,1,1,trace,ac,2,dc_group_threads,6,0.0,0,0.0,0.0,0,0
synthetic,narrow,1,1.9,8,1,1,trace,ac,1,workflow.quantization.cpu,6,-0.0019579999999999598,-0.007020666666666657,-0.06616650000000002,0.04706250000000001,-0.07483300000000004,0.06104200000000004
synthetic,narrow,1,1.9,8,1,1,trace,ac,2,workflow.quantization.cpu,6,-0.0027710000000000234,0.007465500000000014,-0.024311999999999945,0.04947950000000001,-0.028374999999999928,0.08450100000000005
synthetic,narrow,1,1.9,8,1,1,trace,ac,1,dc.prepare.cpu,6,0.009166999999999995,0.010958333333333332,0.006603999999999999,0.017104,0.005375000000000005,0.023374000000000006
synthetic,narrow,1,1.9,8,1,1,trace,ac,2,dc.prepare.cpu,6,0.005479999999999999,0.007201333333333328,-0.0011880000000000085,0.017311999999999994,-0.005500000000000005,0.027873999999999996
synthetic,narrow,1,1.9,8,1,1,trace,ac,1,entropy.dc.cpu,6,0.004645499999999997,0.004680333333333332,-0.0025835000000000025,0.011979000000000004,-0.005624999999999991,0.012458000000000025
synthetic,narrow,1,1.9,8,1,1,trace,ac,2,entropy.dc.cpu,6,0.004895499999999997,0.006020499999999998,0.0013745000000000007,0.011791499999999996,-0.00045900000000001495,0.013667000000000012
synthetic,narrow,1,1.9,8,1,1,trace,ac,1,token.population_reduce.cpu,6,0.005145499999999997,0.013201333333333334,-0.0007500000000000007,0.035208500000000004,-0.001709000000000016,0.054125000000000006
synthetic,narrow,1,1.9,8,1,1,trace,ac,2,token.population_reduce.cpu,6,0.005020499999999997,0.013500000000000003,0.0011460000000000081,0.0343335,-0.0012909999999999866,0.055416999999999994
synthetic,narrow,1,1.9,8,1,1,trace,ac,1,entropy.ac.cpu,6,-0.0017705000000000082,0.003486166666666679,-0.006437499999999985,0.01866650000000003,-0.007499999999999951,0.032625000000000015
synthetic,narrow,1,1.9,8,1,1,trace,ac,2,entropy.ac.cpu,6,-0.0011455000000000215,0.0007778333333333295,-0.009521000000000002,0.013000000000000012,-0.014834000000000014,0.019750000000000045
synthetic,narrow,1,1.9,8,1,1,trace,ac,1,workflow.serializer.cpu,6,0.02358349999999998,0.038937166666666655,-0.006063000000000041,0.09929100000000002,-0.006125000000000158,0.11462400000000006
synthetic,narrow,1,1.9,8,1,1,trace,ac,2,workflow.serializer.cpu,6,0.07206299999999988,0.07600683333333329,0.0052915000000000045,0.15066599999999997,-0.006291999999999964,0.18899899999999992
synthetic,narrow,1,1.9,8,1,1,trace,ac,1,gpu_ready_to_reduction,6,0.002230000000000003,0.006417166666666667,-0.0020205000000000015,0.019042,-0.004291000000000003,0.034374999999999996
synthetic,narrow,1,1.9,8,1,1,trace,ac,2,gpu_ready_to_reduction,6,0.004542000000000001,0.008361333333333333,0.0011665000000000009,0.019375499999999997,0.0,0.031333999999999994
synthetic,narrow,1,1.9,8,1,1,trace,ac,1,gpu_ready_to_ac_model,6,-6.20000000000065e-05,0.008583500000000003,-0.012791499999999997,0.03860400000000001,-0.017208,0.04991700000000002
synthetic,narrow,1,1.9,8,1,1,trace,ac,2,gpu_ready_to_ac_model,6,0.0358965,0.04543083333333334,0.025979000000000002,0.07441700000000001,0.02291700000000002,0.08883400000000002
synthetic,narrow,1,1.9,8,1,1,trace,ac,1,dc_ready_to_dc_model,6,-0.00033249999999999946,0.009625499999999995,-0.010083000000000009,0.039291999999999994,-0.012457999999999997,0.05516599999999999
synthetic,narrow,1,1.9,8,1,1,trace,ac,2,dc_ready_to_dc_model,6,0.201646,0.211653,0.191188,0.242125,0.18741799999999997,0.260708
synthetic,narrow,1,1.9,8,1,1,trace,ac,1,begin_to_models_done,6,0.007187500000000013,0.015208499999999995,-0.015249500000000027,0.0536875,-0.018623999999999974,0.082708
synthetic,narrow,1,1.9,8,1,1,trace,ac,2,begin_to_models_done,6,0.03347949999999994,0.048611499999999974,0.021875499999999992,0.09047949999999999,0.01966699999999999,0.11362499999999998
synthetic,narrow,1,1.9,8,1,1,trace,ac,1,dc_group_threads,6,0.0,0,0.0,0.0,0,0
synthetic,narrow,1,1.9,8,1,1,trace,ac,2,dc_group_threads,6,0.0,0,0.0,0.0,0,0
synthetic,narrow,7,1.9,8,1,1,trace,ac,1,workflow.quantization.cpu,6,-0.0034169999999997813,-0.1489514999999999,-0.5471875000000002,0.10375000000000023,-0.7060830000000005,0.1226250000000002
synthetic,narrow,7,1.9,8,1,1,trace,ac,2,workflow.quantization.cpu,6,-0.05585400000000007,-0.1392636666666666,-0.4462704999999998,0.08433350000000006,-0.4498749999999996,0.17783399999999983
synthetic,narrow,7,1.9,8,1,1,trace,ac,1,dc.prepare.cpu,6,0.008562999999999998,0.009222166666666665,0.0001244999999999996,0.018979,-0.0029590000000000033,0.028084000000000005
synthetic,narrow,7,1.9,8,1,1,trace,ac,2,dc.prepare.cpu,6,-0.003749499999999996,-0.008298833333333332,-0.0328965,0.011749500000000003,-0.056667999999999996,0.018375000000000002
synthetic,narrow,7,1.9,8,1,1,trace,ac,1,entropy.dc.cpu,6,-0.00508299999999999,-0.003257166666666658,-0.008791999999999994,0.00410350000000001,-0.012000999999999984,0.009333000000000008
synthetic,narrow,7,1.9,8,1,1,trace,ac,2,entropy.dc.cpu,6,-0.0007079999999999864,-0.002347333333333331,-0.013146000000000005,0.006811999999999999,-0.01841699999999999,0.009457999999999994
synthetic,narrow,7,1.9,8,1,1,trace,ac,1,token.population_reduce.cpu,6,-0.005895500000000012,-0.004291500000000008,-0.014604000000000006,0.007624999999999993,-0.015667000000000014,0.014957999999999999
synthetic,narrow,7,1.9,8,1,1,trace,ac,2,token.population_reduce.cpu,6,-0.00039550000000000696,-0.000645666666666674,-0.01095800000000001,0.009416499999999994,-0.020166000000000017,0.015874
synthetic,narrow,7,1.9,8,1,1,trace,ac,1,entropy.ac.cpu,6,-0.004332999999999948,0.0037011666666666907,-0.007562999999999986,0.022999500000000006,-0.008541999999999994,0.036916000000000004
synthetic,narrow,7,1.9,8,1,1,trace,ac,2,entropy.ac.cpu,6,0.0001455000000000206,0.00015966666666666907,-0.016208500000000015,0.016542,-0.024708000000000008,0.03008299999999997
synthetic,narrow,7,1.9,8,1,1,trace,ac,1,workflow.serializer.cpu,6,-0.018478499999999953,-0.016708000000000056,-0.07758350000000014,0.04593799999999992,-0.09512500000000013,0.08920899999999987
synthetic,narrow,7,1.9,8,1,1,trace,ac,2,workflow.serializer.cpu,6,0.030626000000000042,0.02155599999999998,-0.047979000000000105,0.08202100000000001,-0.09616700000000011,0.113375
synthetic,narrow,7,1.9,8,1,1,trace,ac,1,gpu_ready_to_reduction,6,0.002353999999999995,0.0024995000000000017,-0.005396499999999992,0.010541000000000002,-0.0060009999999999925,0.010957999999999996
synthetic,narrow,7,1.9,8,1,1,trace,ac,2,gpu_ready_to_reduction,6,0.003041000000000002,0.004659333333333331,6.250000000000006e-05,0.010874499999999992,-0.0008750000000000008,0.01354099999999999
synthetic,narrow,7,1.9,8,1,1,trace,ac,1,gpu_ready_to_ac_model,6,-0.021187499999999998,-0.020548666666666663,-0.028937500000000005,-0.01152099999999999,-0.029209000000000013,-0.00841699999999998
synthetic,narrow,7,1.9,8,1,1,trace,ac,2,gpu_ready_to_ac_model,6,0.025499999999999995,0.025992833333333337,0.015853500000000006,0.036625000000000005,0.01283200000000001,0.04008300000000001
synthetic,narrow,7,1.9,8,1,1,trace,ac,1,dc_ready_to_dc_model,6,-0.012520500000000004,-0.015847000000000003,-0.026770500000000003,-0.008250000000000007,-0.030956999999999985,-0.005459000000000019
synthetic,narrow,7,1.9,8,1,1,trace,ac,2,dc_ready_to_dc_model,6,0.224083,0.2240905,0.21620850000000003,0.23198000000000002,0.21058400000000002,0.23279200000000003
synthetic,narrow,7,1.9,8,1,1,trace,ac,1,begin_to_models_done,6,-0.031063000000000007,-0.01896516666666666,-0.039728499999999944,0.013895999999999964,-0.04374899999999993,0.02108399999999999
synthetic,narrow,7,1.9,8,1,1,trace,ac,2,begin_to_models_done,6,0.02564500000000003,0.026958166666666655,0.004812499999999997,0.050416999999999934,-0.004333000000000031,0.06662499999999993
synthetic,narrow,7,1.9,8,1,1,trace,ac,1,dc_group_threads,6,0.0,0,0.0,0.0,0,0
synthetic,narrow,7,1.9,8,1,1,trace,ac,2,dc_group_threads,6,0.0,0.16666666666666666,0.0,0.5,0,1
trace,alpine24,1,1.9,8,1,1,trace,ac,1,workflow.quantization.cpu,6,0.06858300000000028,0.23337499999999997,-0.5951869999999992,1.2267289999999988,-1.148457999999998,1.904083
trace,alpine24,1,1.9,8,1,1,trace,ac,2,workflow.quantization.cpu,6,0.32064600000000354,0.4193611666666672,-0.3001454999999993,1.2375829999999972,-0.6385000000000005,1.7839169999999953
trace,alpine24,1,1.9,8,1,1,trace,ac,1,dc.prepare.cpu,6,0.004520500000000149,0.009569500000000083,-0.058645999999999976,0.08283400000000007,-0.0781670000000001,0.10725100000000021
trace,alpine24,1,1.9,8,1,1,trace,ac,2,dc.prepare.cpu,6,0.0010210000000001607,-0.006735999999999927,-0.07079199999999997,0.049563000000000024,-0.07470899999999991,0.05279200000000017
trace,alpine24,1,1.9,8,1,1,trace,ac,1,token.population_reduce.cpu,6,-0.023375000000000035,-0.023507000000000017,-0.036375500000000005,-0.010770500000000016,-0.044292,-0.007249999999999979
trace,alpine24,1,1.9,8,1,1,trace,ac,2,token.population_reduce.cpu,6,-0.0179585000000001,-0.02073616666666674,-0.04597950000000006,0.0017294999999999394,-0.06362500000000004,0.0017499999999999183
trace,alpine24,1,1.9,8,1,1,trace,ac,1,entropy.dc.cpu,6,0.14466650000000003,0.13230549999999988,0.02814549999999949,0.22410450000000015,0.022957999999999146,0.2967500000000003
trace,alpine24,1,1.9,8,1,1,trace,ac,2,entropy.dc.cpu,6,0.07520799999999994,0.05380533333333304,-0.08402150000000042,0.1702294999999996,-0.1813760000000002,0.18170899999999968
trace,alpine24,1,1.9,8,1,1,trace,ac,1,entropy.ac.cpu,6,-0.09222899999999967,-0.06977066666666672,-0.1698120000000003,0.052728999999999804,-0.18679100000000037,0.16108399999999978
trace,alpine24,1,1.9,8,1,1,trace,ac,2,entropy.ac.cpu,6,-0.09904150000000023,-0.1072778333333333,-0.29327099999999984,0.07047900000000018,-0.3765830000000001,0.19883400000000062
trace,alpine24,1,1.9,8,1,1,trace,ac,1,workflow.serializer.cpu,6,0.6375619999999991,0.7168608333333323,0.40524949999999826,1.1077709999999996,0.3189579999999985,1.3442499999999988
trace,alpine24,1,1.9,8,1,1,trace,ac,2,workflow.serializer.cpu,6,0.8530829999999998,0.8480553333333329,0.6617284999999988,1.0293545000000002,0.5402909999999999,1.0402920000000009
trace,alpine24,1,1.9,8,1,1,trace,ac,1,gpu_ready_to_reduction,6,0.48466699999999996,0.5028056666666667,0.4721875,0.5515625000000001,0.465375,0.6132500000000001
trace,alpine24,1,1.9,8,1,1,trace,ac,2,gpu_ready_to_reduction,6,0.49879149999999994,0.5115903333333334,0.47675,0.5592295,0.465542,0.608917
trace,alpine24,1,1.9,8,1,1,trace,ac,1,gpu_ready_to_ac_model,6,0.4439170000000001,0.4557710000000001,0.40706200000000015,0.5163340000000001,0.3805830000000001,0.570959
trace,alpine24,1,1.9,8,1,1,trace,ac,2,gpu_ready_to_ac_model,6,0.5233125000000001,0.5210835,0.48250000000000004,0.557438,0.4675,0.5772089999999999
trace,alpine24,1,1.9,8,1,1,trace,ac,1,dc_ready_to_dc_model,6,0.5030205000000001,0.5987013333333333,0.4760419999999999,0.8170415,0.47220799999999985,0.8276249999999999
trace,alpine24,1,1.9,8,1,1,trace,ac,2,dc_ready_to_dc_model,6,1.18525,1.1836738333333334,1.1740214999999998,1.19175,1.172459,1.192709
trace,alpine24,1,1.9,8,1,1,trace,ac,1,begin_to_models_done,6,0.5748540000000002,0.6874723333333334,0.4870624999999995,1.0005005000000002,0.4157080000000004,1.220459
trace,alpine24,1,1.9,8,1,1,trace,ac,2,begin_to_models_done,6,0.8459585000000001,0.8096321666666665,0.6213334999999995,0.9616045,0.5189579999999996,1.0066249999999997
trace,alpine24,1,1.9,8,1,1,trace,ac,1,dc_group_threads,6,0.0,0,0.0,0.0,0,0
trace,alpine24,1,1.9,8,1,1,trace,ac,2,dc_group_threads,6,0.0,0,0.0,0.0,0,0
trace,alpine24,4,1.9,8,1,1,trace,ac,1,workflow.quantization.cpu,6,0.11518750000000466,0.13102750000000185,-0.8507919999999984,1.1286869999999993,-1.6308340000000001,1.2107489999999999
trace,alpine24,4,1.9,8,1,1,trace,ac,2,workflow.quantization.cpu,6,0.7343955000000015,0.510423166666668,-0.5217504999999996,1.318624500000002,-0.8006669999999971,1.5912910000000053
trace,alpine24,4,1.9,8,1,1,trace,ac,1,dc.prepare.cpu,6,0.030915999999999944,0.04523583333333329,-0.13702100000000006,0.24181249999999999,-0.2624590000000002,0.3405830000000001
trace,alpine24,4,1.9,8,1,1,trace,ac,2,dc.prepare.cpu,6,0.060291500000000164,0.08990250000000007,0.008207499999999923,0.20120850000000012,-0.00983400000000012,0.2702500000000003
trace,alpine24,4,1.9,8,1,1,trace,ac,1,token.population_reduce.cpu,6,-0.02877049999999992,-0.060881833333333336,-0.13877050000000002,-0.015104500000000076,-0.2435830000000001,-0.013875000000000082
trace,alpine24,4,1.9,8,1,1,trace,ac,2,token.population_reduce.cpu,6,-0.0173335,-0.016111166666666715,-0.03954150000000012,0.00854149999999998,-0.040458000000000105,0.021208000000000116
trace,alpine24,4,1.9,8,1,1,trace,ac,1,entropy.ac.cpu,6,0.07025050000000022,0.0986598333333335,-0.09174999999999978,0.31747900000000007,-0.13075100000000006,0.33687500000000004
trace,alpine24,4,1.9,8,1,1,trace,ac,2,entropy.ac.cpu,6,0.15547950000000021,0.1451389999999999,-0.03070850000000025,0.31064599999999976,-0.05029200000000067,0.3637499999999996
trace,alpine24,4,1.9,8,1,1,trace,ac,1,entropy.dc.cpu,6,0.09172949999999958,0.3292568333333333,-0.10902100000000026,1.0050620000000006,-0.19354200000000077,1.222875000000002
trace,alpine24,4,1.9,8,1,1,trace,ac,2,entropy.dc.cpu,6,0.394333500000001,0.40233333333333415,-0.11504150000000024,0.9277080000000018,-0.20666599999999846,1.2804580000000012
trace,alpine24,4,1.9,8,1,1,trace,ac,1,workflow.serializer.cpu,6,0.765542,0.9050836666666662,0.1087504999999993,1.8409584999999993,-0.03566600000000619,2.4547510000000017
trace,alpine24,4,1.9,8,1,1,trace,ac,2,workflow.serializer.cpu,6,1.8401880000000013,1.8213753333333322,1.0362294999999975,2.587708499999998,0.8325419999999966,2.6280829999999966
trace,alpine24,4,1.9,8,1,1,trace,ac,1,gpu_ready_to_reduction,6,0.5233745,0.5700276666666666,0.4725625,0.714146,0.431625,0.872166
trace,alpine24,4,1.9,8,1,1,trace,ac,2,gpu_ready_to_reduction,6,0.5285415,0.5761528333333333,0.4794585,0.7204585,0.4465,0.892708
trace,alpine24,4,1.9,8,1,1,trace,ac,1,gpu_ready_to_ac_model,6,0.47072900000000006,0.4894585000000001,0.3207715,0.6768750000000001,0.244834,0.8275410000000001
trace,alpine24,4,1.9,8,1,1,trace,ac,2,gpu_ready_to_ac_model,6,0.5603745,0.5964170000000001,0.48848000000000014,0.7403965000000001,0.44283400000000017,0.8965000000000001
trace,alpine24,4,1.9,8,1,1,trace,ac,1,dc_ready_to_dc_model,6,0.47593799999999997,0.46586833333333333,0.422667,0.49900000000000005,0.408459,0.5021660000000001
trace,alpine24,4,1.9,8,1,1,trace,ac,2,dc_ready_to_dc_model,6,1.1913755,1.1899448333333333,1.1817294999999999,1.1967295,1.1801249999999999,1.198334
trace,alpine24,4,1.9,8,1,1,trace,ac,1,begin_to_models_done,6,0.6026664999999998,0.7875484999999998,0.16839599999999955,1.591583,0.09087500000000048,2.0368749999999984
trace,alpine24,4,1.9,8,1,1,trace,ac,2,begin_to_models_done,6,1.6265425000000011,1.621611333333334,0.987270500000001,2.2510209999999997,0.8491250000000008,2.4110000000000014
trace,alpine24,4,1.9,8,1,1,trace,ac,1,dc_group_threads,6,0.0,0,0.0,0.0,0,0
trace,alpine24,4,1.9,8,1,1,trace,ac,2,dc_group_threads,6,0.0,0,0.0,0.0,0,0
trace,alpine24,7,1.9,8,1,1,trace,ac,1,workflow.quantization.cpu,6,2.895416499999982,2.03910399999999,-1.3188335000000109,4.540728999999999,-3.0832920000000286,4.662167000000011
trace,alpine24,7,1.9,8,1,1,trace,ac,2,workflow.quantization.cpu,6,-0.4048119999999926,0.5189861666666596,-1.4952090000000169,3.4569794999999885,-1.5042510000000107,3.7956249999999727
trace,alpine24,7,1.9,8,1,1,trace,ac,1,token.population_reduce.cpu,6,-0.006354500000000041,0.007951166666666657,-0.089229,0.11943700000000002,-0.08954100000000009,0.135208
trace,alpine24,7,1.9,8,1,1,trace,ac,2,token.population_reduce.cpu,6,0.03802100000000008,0.04996550000000007,-0.03137449999999997,0.1432500000000001,-0.07804100000000003,0.18125100000000005
trace,alpine24,7,1.9,8,1,1,trace,ac,1,dc.prepare.cpu,6,0.5222289999999996,0.5106456666666666,-0.5595625,1.5692705,-0.8817079999999997,1.759833
trace,alpine24,7,1.9,8,1,1,trace,ac,2,dc.prepare.cpu,6,0.6801039999999996,0.6059998333333333,-0.5777505000000001,1.7156460000000002,-0.9406260000000004,1.7168750000000004
trace,alpine24,7,1.9,8,1,1,trace,ac,1,entropy.dc.cpu,6,0.23829199999999995,0.3851250000000001,-0.024625499999999967,0.9417085000000003,-0.027876000000000012,0.9826260000000007
trace,alpine24,7,1.9,8,1,1,trace,ac,2,entropy.dc.cpu,6,0.1274375000000001,0.22397216666666667,-0.4473959999999999,0.9918749999999998,-0.8955839999999995,0.9983329999999997
trace,alpine24,7,1.9,8,1,1,trace,ac,1,entropy.ac.cpu,6,0.7342085000000003,0.9433611666666669,-0.06849999999999934,2.1643749999999997,-0.18312499999999865,2.287167
trace,alpine24,7,1.9,8,1,1,trace,ac,2,entropy.ac.cpu,6,0.4131255000000005,0.6270211666666669,-0.7377085000000001,2.2056465000000003,-1.3565000000000005,2.4434590000000007
trace,alpine24,7,1.9,8,1,1,trace,ac,1,workflow.serializer.cpu,6,2.526916999999999,3.0904796666666656,0.41604199999999913,6.328479999999999,0.1896249999999995,6.619543
trace,alpine24,7,1.9,8,1,1,trace,ac,2,workflow.serializer.cpu,6,2.4844789999999985,3.0479099999999986,-0.22602050000000062,6.885271499999998,-1.3635410000000014,7.464917999999997
trace,alpine24,7,1.9,8,1,1,trace,ac,1,gpu_ready_to_reduction,6,1.4245,1.65275,0.7692495,2.7645004999999996,0.5985830000000001,2.771042
trace,alpine24,7,1.9,8,1,1,trace,ac,2,gpu_ready_to_reduction,6,1.4244370000000002,1.6510206666666667,0.7508125,2.7778124999999996,0.585083,2.797916
trace,alpine24,7,1.9,8,1,1,trace,ac,1,gpu_ready_to_ac_model,6,1.42652,1.5317428333333334,0.396354,2.7723545000000005,0.235541,2.8733340000000003
trace,alpine24,7,1.9,8,1,1,trace,ac,2,gpu_ready_to_ac_model,6,1.4960824999999998,1.7381871666666666,0.7493125,2.9691665,0.53375,3.012333
trace,alpine24,7,1.9,8,1,1,trace,ac,1,dc_ready_to_dc_model,6,0.824271,0.8530486666666667,0.7107289999999999,1.024146,0.68775,1.162083
trace,alpine24,7,1.9,8,1,1,trace,ac,2,dc_ready_to_dc_model,6,1.2496455,1.2636666666666667,1.1979380000000002,1.3434165,1.196625,1.35625
trace,alpine24,7,1.9,8,1,1,trace,ac,1,begin_to_models_done,6,1.9934370000000001,2.440930500000001,0.4581040000000005,4.871250500000001,0.06520800000000015,4.894250000000001
trace,alpine24,7,1.9,8,1,1,trace,ac,2,begin_to_models_done,6,2.0416870000000005,2.4270971666666674,0.17020800000000058,5.069396500000001,-0.566749999999999,5.366792
trace,alpine24,7,1.9,8,1,1,trace,ac,1,dc_group_threads,6,0.0,0,0.0,0.0,0,0
trace,alpine24,7,1.9,8,1,1,trace,ac,2,dc_group_threads,6,0.0,0,0.0,0.0,0,0
trace,campus12,1,1.9,8,1,1,trace,ac,1,workflow.quantization.cpu,6,-0.1495620000000013,0.20368066666666648,-1.3560210000000001,2.116625000000001,-2.3049169999999997,3.1292089999999995
trace,campus12,1,1.9,8,1,1,trace,ac,2,workflow.quantization.cpu,6,-0.18381250000000016,-0.4962916666666679,-2.5442500000000017,1.239187499999998,-3.343166,1.352416999999999
trace,campus12,1,1.9,8,1,1,trace,ac,1,token.population_reduce.cpu,6,-0.027437499999999893,-0.03386833333333328,-0.067438,-0.006729499999999944,-0.08125099999999996,-0.006416999999999895
trace,campus12,1,1.9,8,1,1,trace,ac,2,token.population_reduce.cpu,6,-0.022770999999999875,-0.02561833333333326,-0.042291499999999926,-0.011792499999999984,-0.056624999999999925,-0.008167999999999953
trace,campus12,1,1.9,8,1,1,trace,ac,1,dc.prepare.cpu,6,0.0067710000000000825,-0.0015420000000000063,-0.044458499999999956,0.033061499999999855,-0.06308399999999992,0.03370699999999971
trace,campus12,1,1.9,8,1,1,trace,ac,2,dc.prepare.cpu,6,-0.022479000000000138,-0.007472500000000067,-0.04687550000000007,0.046937000000000006,-0.06145800000000001,0.08883300000000016
trace,campus12,1,1.9,8,1,1,trace,ac,1,entropy.dc.cpu,6,-0.0030204999999998705,0.03131950000000002,-0.07443750000000016,0.17141650000000008,-0.10779200000000033,0.18170799999999998
trace,campus12,1,1.9,8,1,1,trace,ac,2,entropy.dc.cpu,6,0.12779149999999984,0.10368049999999991,0.010895499999999947,0.17235449999999997,-0.017207999999999668,0.17887499999999967
trace,campus12,1,1.9,8,1,1,trace,ac,1,entropy.ac.cpu,6,0.0348755000000005,0.057652666666666796,-0.026104500000000197,0.16418700000000008,-0.0498340000000006,0.22787500000000005
trace,campus12,1,1.9,8,1,1,trace,ac,2,entropy.ac.cpu,6,0.12995849999999987,0.13070816666666665,-0.02445850000000016,0.2866245000000003,-0.14487499999999986,0.4149580000000004
trace,campus12,1,1.9,8,1,1,trace,ac,1,workflow.serializer.cpu,6,1.1715625000000003,1.1379306666666658,0.9786459999999995,1.2635834999999975,0.8633339999999983,1.266416999999997
trace,campus12,1,1.9,8,1,1,trace,ac,2,workflow.serializer.cpu,6,1.5418129999999994,1.5401601666666662,1.3575415,1.721125999999999,1.260041000000001,1.8048759999999984
trace,campus12,1,1.9,8,1,1,trace,ac,1,gpu_ready_to_reduction,6,1.405146,1.2814726666666667,1.00048,1.4387919999999998,0.684584,1.4457909999999998
trace,campus12,1,1.9,8,1,1,trace,ac,2,gpu_ready_to_reduction,6,1.414459,1.2917851666666667,1.0129175000000001,1.4479790000000001,0.696376,1.469625
trace,campus12,1,1.9,8,1,1,trace,ac,1,gpu_ready_to_ac_model,6,1.0699595,0.9581183333333334,0.6613755000000001,1.14302,0.306292,1.1673740000000001
trace,campus12,1,1.9,8,1,1,trace,ac,2,gpu_ready_to_ac_model,6,1.4206665,1.2965281666666668,1.018397,1.4505210000000002,0.696501,1.4686670000000002
trace,campus12,1,1.9,8,1,1,trace,ac,1,dc_ready_to_dc_model,6,1.1254374999999999,1.1236041666666667,1.1129585,1.1324165000000002,1.110125,1.133042
trace,campus12,1,1.9,8,1,1,trace,ac,2,dc_ready_to_dc_model,6,1.1508535,1.1477638333333333,1.1368965000000002,1.1555415,1.1351250000000002,1.155833
trace,campus12,1,1.9,8,1,1,trace,ac,1,begin_to_models_done,6,1.1508965,1.1745628333333336,1.1138545000000004,1.2589375,1.094875,1.3390000000000004
trace,campus12,1,1.9,8,1,1,trace,ac,2,begin_to_models_done,6,1.5479175,1.5543821666666668,1.389583,1.7256460000000002,1.374416,1.8600000000000003
trace,campus12,1,1.9,8,1,1,trace,ac,1,dc_group_threads,6,0.0,0,0.0,0.0,0,0
trace,campus12,1,1.9,8,1,1,trace,ac,2,dc_group_threads,6,0.0,0,0.0,0.0,0,0
trace,campus12,4,1.9,8,1,1,trace,ac,1,workflow.quantization.cpu,6,-0.03160449999999848,0.09599983333333384,-0.12083349999999982,0.4404374999999998,-0.15016699999999972,0.600791000000001
trace,campus12,4,1.9,8,1,1,trace,ac,2,workflow.quantization.cpu,6,0.09527049999999981,-0.01997216666666664,-0.8972285000000007,0.7420415000000009,-1.2247909999999997,1.230666000000003
trace,campus12,4,1.9,8,1,1,trace,ac,1,token.population_reduce.cpu,6,-0.02297899999999997,-0.019110833333333337,-0.030749499999999985,-0.0036040000000000516,-0.03095800000000004,0.01012499999999994
trace,campus12,4,1.9,8,1,1,trace,ac,2,token.population_reduce.cpu,6,-0.012500000000000067,-0.008513833333333332,-0.04308299999999987,0.030041499999999943,-0.06491699999999989,0.035374999999999934
trace,campus12,4,1.9,8,1,1,trace,ac,1,dc.prepare.cpu,6,-0.03049999999999997,-0.02391683333333335,-0.04270850000000004,0.0014579999999999593,-0.04854100000000017,0.006124999999999936
trace,campus12,4,1.9,8,1,1,trace,ac,2,dc.prepare.cpu,6,-0.017875499999999933,-0.04187516666666665,-0.12512500000000015,0.01737500000000014,-0.215125,0.03433300000000017
trace,campus12,4,1.9,8,1,1,trace,ac,1,entropy.ac.cpu,6,0.0851039999999994,-0.0029656666666668663,-0.26087550000000004,0.16687450000000004,-0.35524999999999984,0.19233300000000053
trace,campus12,4,1.9,8,1,1,trace,ac,2,entropy.ac.cpu,6,0.06756250000000019,0.08729133333333354,-0.011916999999999511,0.20622849999999993,-0.037333999999999534,0.28529099999999996
trace,campus12,4,1.9,8,1,1,trace,ac,1,entropy.dc.cpu,6,0.26418750000000024,0.21292350000000018,-0.03779200000000049,0.4123750000000008,-0.19458400000000076,0.5161660000000001
trace,campus12,4,1.9,8,1,1,trace,ac,2,entropy.dc.cpu,6,0.2027285000000001,0.15464566666666654,-0.16083300000000111,0.4220415000000006,-0.24162500000000087,0.4942080000000004
trace,campus12,4,1.9,8,1,1,trace,ac,1,workflow.serializer.cpu,6,1.3677080000000004,1.3344648333333329,1.0199789999999993,1.6157074999999992,0.838791999999998,1.8351659999999974
trace,campus12,4,1.9,8,1,1,trace,ac,2,workflow.serializer.cpu,6,1.3020000000000014,1.2871041666666667,0.9323754999999991,1.6269369999999999,0.9160009999999978,1.857958
trace,campus12,4,1.9,8,1,1,trace,ac,1,gpu_ready_to_reduction,6,1.4918955,1.4946873333333333,1.4615415,1.5306250000000001,1.457291,1.532458
trace,campus12,4,1.9,8,1,1,trace,ac,2,gpu_ready_to_reduction,6,1.4911875,1.4917426666666667,1.454187,1.5298535000000002,1.444041,1.538999
trace,campus12,4,1.9,8,1,1,trace,ac,1,gpu_ready_to_ac_model,6,1.124125,1.0697640000000002,0.8647085000000001,1.2204585,0.673708,1.2876670000000001
trace,campus12,4,1.9,8,1,1,trace,ac,2,gpu_ready_to_ac_model,6,1.5317085000000001,1.5130208333333333,1.4663329999999999,1.5410210000000002,1.431042,1.5439580000000002
trace,campus12,4,1.9,8,1,1,trace,ac,1,dc_ready_to_dc_model,6,1.1313334999999998,1.1422361666666667,1.114458,1.180917,1.1092080000000002,1.195667
trace,campus12,4,1.9,8,1,1,trace,ac,2,dc_ready_to_dc_model,6,1.1554585,1.1672638333333334,1.142646,1.203687,1.1410420000000001,1.217583
trace,campus12,4,1.9,8,1,1,trace,ac,1,begin_to_models_done,6,1.3420415000000006,1.3207983333333335,1.0819580000000002,1.5383955,0.9019999999999992,1.6803749999999997
trace,campus12,4,1.9,8,1,1,trace,ac,2,begin_to_models_done,6,1.2724375000000006,1.2618053333333334,0.9784375000000001,1.534541,0.9012079999999987,1.6623330000000003
trace,campus12,4,1.9,8,1,1,trace,ac,1,dc_group_threads,6,0.0,0,0.0,0.0,0,0
trace,campus12,4,1.9,8,1,1,trace,ac,2,dc_group_threads,6,0.0,0,0.0,0.0,0,0
trace,campus12,7,1.9,8,1,1,trace,ac,1,workflow.quantization.cpu,6,0.8849579999999975,1.2708541666666615,0.05629149999998617,2.8713130000000007,-0.23541700000001242,3.343583999999993
trace,campus12,7,1.9,8,1,1,trace,ac,2,workflow.quantization.cpu,6,0.9991040000000027,0.866715499999998,-0.7688125000000099,2.369855000000001,-2.1815420000000074,2.661584000000005
trace,campus12,7,1.9,8,1,1,trace,ac,1,token.population_reduce.cpu,6,0.04393749999999996,0.03410416666666664,-0.077021,0.13539599999999996,-0.16379199999999994,0.155084
trace,campus12,7,1.9,8,1,1,trace,ac,2,token.population_reduce.cpu,6,-0.022375500000000104,-0.002875000000000072,-0.12116650000000007,0.13491699999999995,-0.18787500000000001,0.16095900000000007
trace,campus12,7,1.9,8,1,1,trace,ac,1,dc.prepare.cpu,6,0.4257914999999999,0.37156266666666665,-0.49383299999999997,1.1827295,-0.9212910000000001,1.2043329999999997
trace,campus12,7,1.9,8,1,1,trace,ac,2,dc.prepare.cpu,6,-0.016687499999999966,0.1683889999999999,-0.5796665000000003,1.101521,-1.1048330000000002,1.2066250000000003
trace,campus12,7,1.9,8,1,1,trace,ac,1,entropy.dc.cpu,6,0.27579149999999975,0.17812483333333332,-0.3755625,0.6341455000000003,-0.6831659999999999,0.7806660000000001
trace,campus12,7,1.9,8,1,1,trace,ac,2,entropy.dc.cpu,6,-0.03760399999999997,-0.0006736666666666835,-0.521854,0.557437,-0.908833,0.6518329999999999
trace,campus12,7,1.9,8,1,1,trace,ac,1,entropy.ac.cpu,6,0.7974585000000003,0.7685763333333334,-1.2096459999999993,2.7179164999999994,-1.756041999999999,2.8320410000000003
trace,campus12,7,1.9,8,1,1,trace,ac,2,entropy.ac.cpu,6,0.12722899999999981,0.3325345000000001,-1.6524794999999992,2.5228539999999997,-3.3320839999999983,2.819082999999999
trace,campus12,7,1.9,8,1,1,trace,ac,1,workflow.serializer.cpu,6,2.7539584999999995,2.7526384999999993,-1.2501880000000014,6.754144999999999,-2.6885010000000023,6.882832999999998
trace,campus12,7,1.9,8,1,1,trace,ac,2,workflow.serializer.cpu,6,2.108917,2.7522568333333326,-0.8250830000000011,6.972936499999999,-3.3862500000000004,7.506665999999999
trace,campus12,7,1.9,8,1,1,trace,ac,1,gpu_ready_to_reduction,6,1.9649165000000002,2.09575,1.5279794999999998,2.7943540000000002,1.457042,2.822626
trace,campus12,7,1.9,8,1,1,trace,ac,2,gpu_ready_to_reduction,6,1.9571045,2.0952086666666667,1.540917,2.7876045,1.470542,2.803251
trace,campus12,7,1.9,8,1,1,trace,ac,1,gpu_ready_to_ac_model,6,1.627646,1.5889446666666667,0.6229794999999999,2.5162085000000003,0.20025000000000004,2.5821680000000002
trace,campus12,7,1.9,8,1,1,trace,ac,2,gpu_ready_to_ac_model,6,1.9412505000000002,2.1281463333333335,1.4743755,2.9688130000000004,1.4530010000000002,2.9811250000000005
trace,campus12,7,1.9,8,1,1,trace,ac,1,dc_ready_to_dc_model,6,1.2215625,1.2404723333333334,1.1643540000000001,1.3355005,1.153291,1.35175
trace,campus12,7,1.9,8,1,1,trace,ac,2,dc_ready_to_dc_model,6,1.245979,1.2650348333333332,1.1916875,1.357438,1.181333,1.3735009999999999
trace,campus12,7,1.9,8,1,1,trace,ac,1,begin_to_models_done,6,2.545667000000001,2.4558610000000005,-0.6646879999999991,5.486604,-1.7370009999999994,5.604415999999999
trace,campus12,7,1.9,8,1,1,trace,ac,2,begin_to_models_done,6,2.2220215000000003,2.647187666666667,-0.14552099999999957,5.8650625,-2.0046250000000008,6.400625
trace,campus12,7,1.9,8,1,1,trace,ac,1,dc_group_threads,6,0.0,0,0.0,0.0,0,0
trace,campus12,7,1.9,8,1,1,trace,ac,2,dc_group_threads,6,0.0,0,0.0,0.0,0,0
trace,clic_a,1,1.9,8,1,1,trace,battery,1,workflow.quantization.cpu,6,0.11662450000000035,-0.5108334999999998,-2.633062,0.9839370000000001,-5.219708,1.0623740000000002
trace,clic_a,1,1.9,8,1,1,trace,battery,2,workflow.quantization.cpu,6,0.03687450000000059,-0.7912223333333331,-3.7672500000000007,1.3567085000000008,-6.798375000000001,2.1637500000000003
trace,clic_a,1,1.9,8,1,1,trace,battery,1,token.population_reduce.cpu,6,0.030624499999999943,0.008958000000000022,-0.0894379999999999,0.08568750000000003,-0.1690839999999998,0.09937499999999999
trace,clic_a,1,1.9,8,1,1,trace,battery,2,token.population_reduce.cpu,6,0.008416499999999938,-0.0017503333333333353,-0.07327149999999993,0.05960399999999999,-0.1308339999999999,0.07383300000000004
trace,clic_a,1,1.9,8,1,1,trace,battery,1,dc.prepare.cpu,6,-0.011333000000000037,-0.018916500000000003,-0.05058349999999989,0.005166999999999922,-0.0780829999999999,0.00820899999999991
trace,clic_a,1,1.9,8,1,1,trace,battery,2,dc.prepare.cpu,6,-0.025520500000000057,-0.01836100000000007,-0.0646040000000001,0.03504149999999995,-0.07387500000000014,0.06974999999999998
trace,clic_a,1,1.9,8,1,1,trace,battery,1,entropy.dc.cpu,6,-0.02200000000000002,-0.031604166666666655,-0.09787449999999998,0.02506200000000003,-0.134166,0.03533300000000006
trace,clic_a,1,1.9,8,1,1,trace,battery,2,entropy.dc.cpu,6,-0.04458349999999989,-0.045125166666666626,-0.1187085,0.02791650000000001,-0.1267910000000001,0.06004199999999993
trace,clic_a,1,1.9,8,1,1,trace,battery,1,entropy.ac.cpu,6,-0.01764549999999998,-0.026666333333333236,-0.11397849999999998,0.051625000000000254,-0.19687399999999977,0.0653750000000004
trace,clic_a,1,1.9,8,1,1,trace,battery,2,entropy.ac.cpu,6,0.0292079999999999,0.01748616666666658,-0.10460400000000014,0.12785449999999998,-0.1212500000000003,0.15279200000000026
trace,clic_a,1,1.9,8,1,1,trace,battery,1,workflow.serializer.cpu,6,1.1588545000000012,1.126201666666667,0.9452085000000006,1.2745419999999994,0.8486670000000007,1.302458999999999
trace,clic_a,1,1.9,8,1,1,trace,battery,2,workflow.serializer.cpu,6,1.5645005000000003,1.3904310000000002,0.4215214999999999,2.185271,-0.3117080000000012,2.444834
trace,clic_a,1,1.9,8,1,1,trace,battery,1,gpu_ready_to_reduction,6,1.5828125000000002,1.6655348333333335,1.451292,1.9625000000000001,1.351667,2.323542
trace,clic_a,1,1.9,8,1,1,trace,battery,2,gpu_ready_to_reduction,6,1.575958,1.6649026666666669,1.4419795,1.9767705000000002,1.3385010000000002,2.3375410000000003
trace,clic_a,1,1.9,8,1,1,trace,battery,1,gpu_ready_to_ac_model,6,1.4841665000000002,1.3977635,1.188729,1.5203950000000002,1.0582499999999997,1.525082
trace,clic_a,1,1.9,8,1,1,trace,battery,2,gpu_ready_to_ac_model,6,1.6306245000000001,1.7034026666666668,1.4895210000000003,1.9900625,1.3858340000000002,2.2415
trace,clic_a,1,1.9,8,1,1,trace,battery,1,dc_ready_to_dc_model,6,1.277104,1.1726456666666667,0.9086664999999999,1.3321665,0.7026669999999999,1.360583
trace,clic_a,1,1.9,8,1,1,trace,battery,2,dc_ready_to_dc_model,6,1.3218125,1.3017291666666666,1.2157915,1.3675834999999998,1.145583,1.400959
trace,clic_a,1,1.9,8,1,1,trace,battery,1,begin_to_models_done,6,1.1506669999999999,1.1080694999999998,0.8814994999999994,1.292042,0.7527489999999997,1.3070839999999997
trace,clic_a,1,1.9,8,1,1,trace,battery,2,begin_to_models_done,6,1.602916,1.3861596666666665,0.44633299999999965,2.1092299999999997,-0.34983399999999953,2.344501
trace,clic_a,1,1.9,8,1,1,trace,battery,1,dc_group_threads,6,0.0,0,0.0,0.0,0,0
trace,clic_a,1,1.9,8,1,1,trace,battery,2,dc_group_threads,6,0.0,0,0.0,0.0,0,0
trace,clic_a,4,1.9,8,1,1,trace,ac,1,workflow.quantization.cpu,6,0.2046874999999999,0.33101400000000014,0.058000000000000274,0.7303545000000002,-0.021124999999999616,0.813625
trace,clic_a,4,1.9,8,1,1,trace,ac,2,workflow.quantization.cpu,6,0.1420625000000002,0.10729183333333332,-0.23779150000000016,0.41760449999999993,-0.44104100000000024,0.5914999999999999
trace,clic_a,4,1.9,8,1,1,trace,ac,1,token.population_reduce.cpu,6,0.03095900000000007,0.03352100000000002,-0.026146000000000003,0.09575,-0.034375000000000044,0.102541
trace,clic_a,4,1.9,8,1,1,trace,ac,2,token.population_reduce.cpu,6,-0.04527100000000006,-0.046812500000000055,-0.13714550000000003,0.04197899999999993,-0.15854199999999996,0.0790829999999999
trace,clic_a,4,1.9,8,1,1,trace,ac,1,dc.prepare.cpu,6,-0.021499500000000005,-0.015770499999999982,-0.03083299999999989,0.005020999999999942,-0.03429099999999963,0.011207999999999885
trace,clic_a,4,1.9,8,1,1,trace,ac,2,dc.prepare.cpu,6,-0.0677080000000001,-0.08657599999999999,-0.18195749999999977,-0.010062500000000085,-0.2528739999999998,-0.0047920000000001295
trace,clic_a,4,1.9,8,1,1,trace,ac,1,entropy.ac.cpu,6,0.010729499999999836,0.024944666666666542,-0.08577100000000004,0.14987549999999983,-0.10704199999999986,0.27437500000000004
trace,clic_a,4,1.9,8,1,1,trace,ac,2,entropy.ac.cpu,6,-0.09095850000000016,-0.05513900000000005,-0.13747949999999998,0.063021,-0.17366700000000002,0.2045410000000003
trace,clic_a,4,1.9,8,1,1,trace,ac,1,entropy.dc.cpu,6,0.025500999999999996,0.03161833333333338,-0.08900050000000004,0.15835450000000018,-0.10925099999999999,0.2267920000000001
trace,clic_a,4,1.9,8,1,1,trace,ac,2,entropy.dc.cpu,6,0.05631350000000013,0.05581266666666673,-0.01733349999999989,0.12845799999999996,-0.06087499999999979,0.13474999999999993
trace,clic_a,4,1.9,8,1,1,trace,ac,1,workflow.serializer.cpu,6,1.0463960000000005,1.0756251666666665,0.9134374999999997,1.2670419999999991,0.8669579999999986,1.3565419999999992
trace,clic_a,4,1.9,8,1,1,trace,ac,2,workflow.serializer.cpu,6,1.0698955000000003,1.0582010000000002,0.8713955000000002,1.2333119999999997,0.6893329999999995,1.2626659999999994
trace,clic_a,4,1.9,8,1,1,trace,ac,1,gpu_ready_to_reduction,6,1.8288950000000002,1.7781176666666667,1.6522915,1.8531665,1.485333,1.8666669999999999
trace,clic_a,4,1.9,8,1,1,trace,ac,2,gpu_ready_to_reduction,6,1.8451659999999999,1.7897845000000001,1.672042,1.8521455,1.512042,1.852833
trace,clic_a,4,1.9,8,1,1,trace,ac,1,gpu_ready_to_ac_model,6,1.058437,1.13909,0.8392085,1.5196245,0.642042,1.5298319999999999
trace,clic_a,4,1.9,8,1,1,trace,ac,2,gpu_ready_to_ac_model,6,1.8160205,1.7760278333333335,1.5915210000000002,1.9205420000000002,1.4557930000000001,1.952667
trace,clic_a,4,1.9,8,1,1,trace,ac,1,dc_ready_to_dc_model,6,1.1003115,1.094312,1.052083,1.1305415,1.019292,1.156834
trace,clic_a,4,1.9,8,1,1,trace,ac,2,dc_ready_to_dc_model,6,1.1215614999999999,1.1156036666666667,1.0711665,1.154083,1.038667,1.1826249999999998
trace,clic_a,4,1.9,8,1,1,trace,ac,1,begin_to_models_done,6,1.0873965,1.099437666666667,0.9752915000000004,1.2356250000000002,0.9494170000000004,1.3062080000000007
trace,clic_a,4,1.9,8,1,1,trace,ac,2,begin_to_models_done,6,1.0978124999999999,1.0690415,0.9244585000000001,1.1848535,0.7878739999999995,1.223541
trace,clic_a,4,1.9,8,1,1,trace,ac,1,dc_group_threads,6,0.0,0,0.0,0.0,0,0
trace,clic_a,4,1.9,8,1,1,trace,ac,2,dc_group_threads,6,0.0,0,0.0,0.0,0,0
trace,clic_a,7,1.9,8,1,1,trace,battery,1,workflow.quantization.cpu,6,1.581104000000007,1.852125000000002,0.1680419999999998,3.8072289999999995,-0.7306659999999994,4.047916999999998
trace,clic_a,7,1.9,8,1,1,trace,battery,2,workflow.quantization.cpu,6,0.6262290000000021,0.4122775000000007,-4.095770999999999,4.706374499999999,-8.536124999999998,8.264374999999994
trace,clic_a,7,1.9,8,1,1,trace,battery,1,token.population_reduce.cpu,6,-0.02114550000000004,-0.009034666666666672,-0.14010449999999997,0.134146,-0.21037499999999998,0.20216699999999999
trace,clic_a,7,1.9,8,1,1,trace,battery,2,token.population_reduce.cpu,6,-0.08402050000000005,-0.14431266666666664,-0.36100049999999995,0.012083000000000066,-0.5810839999999999,0.04558300000000015
trace,clic_a,7,1.9,8,1,1,trace,battery,1,dc.prepare.cpu,6,0.23164600000000002,0.22002083333333333,-0.20104199999999994,0.6294584999999999,-0.2995000000000001,0.8731249999999999
trace,clic_a,7,1.9,8,1,1,trace,battery,2,dc.prepare.cpu,6,-0.011000499999999969,-0.07756266666666682,-0.5879790000000003,0.36629149999999977,-0.7628330000000005,0.41212499999999963
trace,clic_a,7,1.9,8,1,1,trace,battery,1,entropy.dc.cpu,6,0.09975,0.14365966666666666,-0.01808299999999996,0.34931199999999996,-0.025541000000000036,0.47225000000000006
trace,clic_a,7,1.9,8,1,1,trace,battery,2,entropy.dc.cpu,6,-0.039937,-0.009694499999999976,-0.08022949999999995,0.09108300000000003,-0.08362499999999984,0.09745800000000004
trace,clic_a,7,1.9,8,1,1,trace,battery,1,entropy.ac.cpu,6,-0.014208499999999624,0.22574300000000017,-0.28497949999999994,0.9764170000000001,-0.2889999999999997,1.373958
trace,clic_a,7,1.9,8,1,1,trace,battery,2,entropy.ac.cpu,6,-0.1956039999999999,-0.32868716666666664,-0.9246875000000001,0.13423000000000007,-1.222792,0.24579299999999993
trace,clic_a,7,1.9,8,1,1,trace,battery,1,workflow.serializer.cpu,6,1.5728334999999998,2.0069310000000002,0.7677294999999997,3.680230000000001,0.5660429999999987,4.893876000000001
trace,clic_a,7,1.9,8,1,1,trace,battery,2,workflow.serializer.cpu,6,2.3282499999999997,2.037305666666667,0.6686665000000005,3.1150005000000007,-0.3308749999999989,3.678542
trace,clic_a,7,1.9,8,1,1,trace,battery,1,gpu_ready_to_reduction,6,2.908667,2.8647226666666668,2.4156465000000003,3.2698545,2.377501,3.346333
trace,clic_a,7,1.9,8,1,1,trace,battery,2,gpu_ready_to_reduction,6,2.913167,2.865528,2.419521,3.263896,2.3824170000000002,3.332875
trace,clic_a,7,1.9,8,1,1,trace,battery,1,gpu_ready_to_ac_model,6,1.5685004999999999,1.5987918333333333,1.1735005,2.0543745,1.037042,2.456624
trace,clic_a,7,1.9,8,1,1,trace,battery,2,gpu_ready_to_ac_model,6,2.7205415000000004,2.7733610000000004,2.4156250000000004,3.1839165,2.3530420000000003,3.296791
trace,clic_a,7,1.9,8,1,1,trace,battery,1,dc_ready_to_dc_model,6,1.4834795,1.4605486666666667,1.3265415,1.571625,1.3184170000000002,1.594084
trace,clic_a,7,1.9,8,1,1,trace,battery,2,dc_ready_to_dc_model,6,1.523875,1.4975626666666666,1.3552710000000001,1.613542,1.347042,1.641
trace,clic_a,7,1.9,8,1,1,trace,battery,1,begin_to_models_done,6,1.6260829999999995,1.8963056666666664,0.8718129999999995,3.191021,0.6982509999999991,3.877416
trace,clic_a,7,1.9,8,1,1,trace,battery,2,begin_to_models_done,6,2.3723964999999994,2.325291833333333,1.4975829999999997,3.1058960000000004,0.9926659999999998,3.5116259999999997
trace,clic_a,7,1.9,8,1,1,trace,battery,1,dc_group_threads,6,0.0,0,0.0,0.0,0,0
trace,clic_a,7,1.9,8,1,1,trace,battery,2,dc_group_threads,6,0.0,0,0.0,0.0,0,0
trace,clic_b,1,1.9,8,1,1,trace,ac,1,workflow.quantization.cpu,6,-0.15012550000000013,0.12309666666666648,-0.7377300000000004,1.2571455,-0.9256260000000003,1.8681670000000006
trace,clic_b,1,1.9,8,1,1,trace,ac,2,workflow.quantization.cpu,6,-0.11314599999999997,-0.7120003333333332,-2.1594589999999996,0.13660399999999973,-3.242583999999999,0.3039169999999993
trace,clic_b,1,1.9,8,1,1,trace,ac,1,token.population_reduce.cpu,6,-0.009062500000000084,-0.01970133333333342,-0.0757295,0.025687999999999822,-0.10212500000000002,0.04608399999999979
trace,clic_b,1,1.9,8,1,1,trace,ac,2,token.population_reduce.cpu,6,-0.05291650000000003,-0.04555516666666678,-0.09356200000000015,0.00981299999999985,-0.1085830000000001,0.01920899999999981
trace,clic_b,1,1.9,8,1,1,trace,ac,1,dc.prepare.cpu,6,0.008020499999999986,0.0024094999999999533,-0.050292,0.04949999999999988,-0.05695799999999984,0.06708299999999978
trace,clic_b,1,1.9,8,1,1,trace,ac,2,dc.prepare.cpu,6,-0.02693750000000006,-0.02276400000000008,-0.06741700000000006,0.026062499999999877,-0.0795840000000001,0.029249999999999776
trace,clic_b,1,1.9,8,1,1,trace,ac,1,entropy.dc.cpu,6,0.07412449999999993,0.06138199999999997,-0.014436499999999963,0.12445799999999996,-0.022623999999999977,0.14066599999999996
trace,clic_b,1,1.9,8,1,1,trace,ac,2,entropy.dc.cpu,6,0.06120800000000004,0.02979183333333335,-0.05091600000000007,0.07908350000000008,-0.08679100000000006,0.08712500000000012
trace,clic_b,1,1.9,8,1,1,trace,ac,1,entropy.ac.cpu,6,0.04420800000000025,0.04547916666666681,0.008354500000000042,0.08387500000000014,-0.0016659999999997233,0.09733300000000034
trace,clic_b,1,1.9,8,1,1,trace,ac,2,entropy.ac.cpu,6,-0.004645499999999858,-0.0028611666666665445,-0.0410419999999998,0.037104000000000026,-0.045874999999999666,0.05612499999999976
trace,clic_b,1,1.9,8,1,1,trace,ac,1,workflow.serializer.cpu,6,1.076854,1.1521386666666666,1.0075205,1.3720415,0.9933329999999998,1.4252920000000007
trace,clic_b,1,1.9,8,1,1,trace,ac,2,workflow.serializer.cpu,6,1.852958,1.7045903333333339,1.3373540000000004,1.9234590000000011,1.2843330000000002,1.9423760000000012
trace,clic_b,1,1.9,8,1,1,trace,ac,1,gpu_ready_to_reduction,6,1.8889375,1.6871943333333332,1.2723125,1.9003329999999998,1.238042,1.907083
trace,clic_b,1,1.9,8,1,1,trace,ac,2,gpu_ready_to_reduction,6,1.8745824999999998,1.6802011666666667,1.268667,1.897354,1.231209,1.8989170000000002
trace,clic_b,1,1.9,8,1,1,trace,ac,1,gpu_ready_to_ac_model,6,1.0276875,0.9646181666666667,0.7395625,1.1266045,0.7104999999999999,1.1464590000000001
trace,clic_b,1,1.9,8,1,1,trace,ac,2,gpu_ready_to_ac_model,6,1.8299375000000002,1.6688613333333333,1.2496675000000002,1.926979,1.219918,1.9505420000000002
trace,clic_b,1,1.9,8,1,1,trace,ac,1,dc_ready_to_dc_model,6,1.114771,1.0938335,1.035167,1.1315624999999998,1.0115,1.138958
trace,clic_b,1,1.9,8,1,1,trace,ac,2,dc_ready_to_dc_model,6,1.1378749999999997,1.1149585,1.055625,1.1513754999999999,1.032124,1.159417
trace,clic_b,1,1.9,8,1,1,trace,ac,1,begin_to_models_done,6,1.0771045000000004,1.1295626666666667,1.0484584999999997,1.263125,1.043959,1.2851670000000004
trace,clic_b,1,1.9,8,1,1,trace,ac,2,begin_to_models_done,6,1.85275,1.6844861666666666,1.2959585000000002,1.90475,1.166875,1.9464579999999998
trace,clic_b,1,1.9,8,1,1,trace,ac,1,dc_group_threads,6,0.0,0,0.0,0.0,0,0
trace,clic_b,1,1.9,8,1,1,trace,ac,2,dc_group_threads,6,0.0,0,0.0,0.0,0,0
trace,clic_b,4,1.9,8,1,1,trace,battery,1,workflow.quantization.cpu,6,-1.3251870000000001,-1.1459511666666669,-2.793020500000001,0.6803540000000003,-3.4503330000000005,1.328125
trace,clic_b,4,1.9,8,1,1,trace,battery,2,workflow.quantization.cpu,6,-0.018395499999999565,-0.5817911666666667,-2.194645,0.46766699999999917,-3.2634160000000003,0.7004589999999995
trace,clic_b,4,1.9,8,1,1,trace,battery,1,token.population_reduce.cpu,6,0.0032295000000001073,0.0014933333333333836,-0.017624499999999932,0.018874999999999975,-0.0323739999999999,0.024917000000000078
trace,clic_b,4,1.9,8,1,1,trace,battery,2,token.population_reduce.cpu,6,0.027687499999999976,0.018437500000000034,-0.026729000000000003,0.054354000000000124,-0.047458,0.06791600000000009
trace,clic_b,4,1.9,8,1,1,trace,battery,1,dc.prepare.cpu,6,-0.0041045000000003995,-0.0027015000000001343,-0.01970800000000006,0.015708000000000055,-0.02437400000000034,0.01924999999999999
trace,clic_b,4,1.9,8,1,1,trace,battery,2,dc.prepare.cpu,6,-0.006646000000000152,-0.005680833333333431,-0.03375000000000017,0.023353500000000027,-0.05170900000000023,0.02662399999999998
trace,clic_b,4,1.9,8,1,1,trace,battery,1,entropy.ac.cpu,6,-0.059250000000000025,-0.06027083333333335,-0.16606249999999978,0.04449999999999976,-0.17149999999999999,0.0519999999999996
trace,clic_b,4,1.9,8,1,1,trace,battery,2,entropy.ac.cpu,6,-0.00997899999999996,-0.006249666666666709,-0.0854165,0.07664649999999984,-0.13783299999999965,0.07724999999999937
trace,clic_b,4,1.9,8,1,1,trace,battery,1,entropy.dc.cpu,6,-0.07408349999999997,-0.0350693333333334,-0.2029160000000001,0.17179149999999987,-0.2315820000000004,0.2680409999999993
trace,clic_b,4,1.9,8,1,1,trace,battery,2,entropy.dc.cpu,6,6.299999999992423e-05,0.06501399999999997,-0.11589599999999978,0.3108749999999998,-0.1391669999999996,0.44354099999999974
trace,clic_b,4,1.9,8,1,1,trace,battery,1,workflow.serializer.cpu,6,1.170728500000001,1.1909720000000001,0.9705630000000003,1.431624499999999,0.9700829999999989,1.4840409999999995
trace,clic_b,4,1.9,8,1,1,trace,battery,2,workflow.serializer.cpu,6,1.2607715000000006,1.333631666666667,1.2042905,1.5358330000000002,1.2008739999999989,1.6900829999999996
trace,clic_b,4,1.9,8,1,1,trace,battery,1,gpu_ready_to_reduction,6,2.661521,2.6059650000000003,2.272124,2.88425,1.9476240000000002,2.940084
trace,clic_b,4,1.9,8,1,1,trace,battery,2,gpu_ready_to_reduction,6,2.664396,2.605215333333333,2.2672084999999997,2.8840415000000004,1.9435000000000002,2.946667
trace,clic_b,4,1.9,8,1,1,trace,battery,1,gpu_ready_to_ac_model,6,1.4368745,1.3582983333333334,1.015437,1.6225835,0.9598329999999997,1.668292
trace,clic_b,4,1.9,8,1,1,trace,battery,2,gpu_ready_to_ac_model,6,2.7321874999999998,2.6663609999999998,2.3281039999999997,2.9387915,2.028833,3.053292
trace,clic_b,4,1.9,8,1,1,trace,battery,1,dc_ready_to_dc_model,6,1.2980825,1.3019095,1.2786460000000002,1.3290000000000002,1.263542,1.354959
trace,clic_b,4,1.9,8,1,1,trace,battery,2,dc_ready_to_dc_model,6,1.3214375,1.3281321666666666,1.3051675,1.3577914999999998,1.290001,1.383959
trace,clic_b,4,1.9,8,1,1,trace,battery,1,begin_to_models_done,6,1.1982499999999998,1.2544303333333333,1.0839585000000005,1.4810824999999994,1.080292,1.604374
trace,clic_b,4,1.9,8,1,1,trace,battery,2,begin_to_models_done,6,1.3095004999999995,1.3721528333333335,1.1977704999999998,1.6091875000000009,1.1564579999999989,1.7500410000000013
trace,clic_b,4,1.9,8,1,1,trace,battery,1,dc_group_threads,6,0.0,0,0.0,0.0,0,0
trace,clic_b,4,1.9,8,1,1,trace,battery,2,dc_group_threads,6,0.0,0,0.0,0.0,0,0
trace,clic_b,7,1.9,8,1,1,trace,ac,1,workflow.quantization.cpu,6,-0.20745800000000258,-0.05758300000000105,-0.457041499999999,0.4917504999999984,-0.49908299999999883,0.8790419999999983
trace,clic_b,7,1.9,8,1,1,trace,ac,2,workflow.quantization.cpu,6,-0.1579170000000012,-0.13825683333333436,-0.3132495000000013,0.05639599999999945,-0.33624900000000224,0.22266700000000128
trace,clic_b,7,1.9,8,1,1,trace,ac,1,token.population_reduce.cpu,6,0.011625499999999955,0.01571550000000003,-0.01618799999999987,0.051709000000000005,-0.022708999999999868,0.08175099999999991
trace,clic_b,7,1.9,8,1,1,trace,ac,2,token.population_reduce.cpu,6,-0.0053954999999999975,-0.0012985000000000173,-0.055062500000000014,0.05656249999999996,-0.08620800000000006,0.0789169999999999
trace,clic_b,7,1.9,8,1,1,trace,ac,1,dc.prepare.cpu,6,0.010499999999999732,0.11761133333333329,-0.017291500000000015,0.35962550000000015,-0.03041600000000022,0.6540840000000001
trace,clic_b,7,1.9,8,1,1,trace,ac,2,dc.prepare.cpu,6,-0.0029375000000000373,0.04100733333333332,-0.26714550000000004,0.39310500000000004,-0.4643329999999999,0.702626
trace,clic_b,7,1.9,8,1,1,trace,ac,1,entropy.dc.cpu,6,0.021021000000000067,0.036451500000000046,-0.04068749999999999,0.12902100000000005,-0.08312500000000012,0.18195800000000006
trace,clic_b,7,1.9,8,1,1,trace,ac,2,entropy.dc.cpu,6,0.11252049999999997,0.097264,0.021563,0.15770850000000003,-0.03249999999999997,0.17216600000000004
trace,clic_b,7,1.9,8,1,1,trace,ac,1,entropy.ac.cpu,6,0.1677295000000001,0.3064305,-0.07970900000000025,0.8312710000000001,-0.10341700000000031,1.1195839999999997
trace,clic_b,7,1.9,8,1,1,trace,ac,2,entropy.ac.cpu,6,0.06254099999999996,0.18255533333333349,-0.38893749999999994,0.8740625000000004,-0.7663329999999995,1.1640420000000002
trace,clic_b,7,1.9,8,1,1,trace,ac,1,workflow.serializer.cpu,6,1.5642914999999995,1.7779443333333331,1.1150415000000002,2.6544999999999996,0.9707919999999994,3.3177920000000007
trace,clic_b,7,1.9,8,1,1,trace,ac,2,workflow.serializer.cpu,6,1.8031044999999999,1.725027833333333,0.6195835000000001,2.7523954999999996,0.12595800000000068,3.237958000000001
trace,clic_b,7,1.9,8,1,1,trace,ac,1,gpu_ready_to_reduction,6,1.4529375,1.5501318333333334,1.3018125,1.8956455,1.275875,2.06575
trace,clic_b,7,1.9,8,1,1,trace,ac,2,gpu_ready_to_reduction,6,1.44898,1.5456318333333334,1.3051035,1.8828120000000002,1.269082,2.0580830000000003
trace,clic_b,7,1.9,8,1,1,trace,ac,1,gpu_ready_to_ac_model,6,1.2619790000000002,1.3255,1.0033545,1.7111665,0.9346669999999999,1.919625
trace,clic_b,7,1.9,8,1,1,trace,ac,2,gpu_ready_to_ac_model,6,1.4729590000000001,1.5836736666666669,1.3270415,1.9510205000000003,1.308625,2.179291
trace,clic_b,7,1.9,8,1,1,trace,ac,1,dc_ready_to_dc_model,6,1.174708,1.1790968333333334,1.128625,1.2339574999999998,1.10675,1.276916
trace,clic_b,7,1.9,8,1,1,trace,ac,2,dc_ready_to_dc_model,6,1.2015829999999998,1.2159093333333333,1.180354,1.2657909999999999,1.175583,1.301208
trace,clic_b,7,1.9,8,1,1,trace,ac,1,begin_to_models_done,6,1.3424584999999993,1.5941664999999994,1.0325619999999995,2.4074789999999995,1.024749,3.0679999999999996
trace,clic_b,7,1.9,8,1,1,trace,ac,2,begin_to_models_done,6,1.5905414999999996,1.7496736666666666,0.9239585000000003,2.734521,0.5945420000000006,3.4335830000000005
trace,clic_b,7,1.9,8,1,1,trace,ac,1,dc_group_threads,6,0.0,0,0.0,0.0,0,0
trace,clic_b,7,1.9,8,1,1,trace,ac,2,dc_group_threads,6,0.0,0,0.0,0.0,0,0
trace,kodak,1,1.9,8,1,1,trace,ac,1,workflow.quantization.cpu,6,-0.005812000000000039,0.0046809999999999725,-0.12410350000000003,0.1439585,-0.13049900000000014,0.16133299999999995
trace,kodak,1,1.9,8,1,1,trace,ac,2,workflow.quantization.cpu,6,-0.055207999999999924,-0.04129833333333336,-0.18427050000000011,0.11558349999999995,-0.23554200000000014,0.14116700000000004
trace,kodak,1,1.9,8,1,1,trace,ac,1,dc.prepare.cpu,6,0.0012299999999999811,0.0029586666666666464,-0.004333000000000031,0.01197899999999999,-0.007333000000000034,0.016166999999999987
trace,kodak,1,1.9,8,1,1,trace,ac,2,dc.prepare.cpu,6,0.008000499999999994,0.009882333333333307,0.0026464999999999683,0.01899999999999996,0.0019169999999999465,0.02312499999999995
trace,kodak,1,1.9,8,1,1,trace,ac,1,token.population_reduce.cpu,6,0.013334000000000013,0.04205600000000002,-0.031020499999999993,0.14385450000000002,-0.057333999999999996,0.25183300000000003
trace,kodak,1,1.9,8,1,1,trace,ac,2,token.population_reduce.cpu,6,0.015521500000000021,0.05133366666666669,0.009042000000000008,0.12943750000000004,0.008251000000000008,0.22320800000000002
trace,kodak,1,1.9,8,1,1,trace,ac,1,entropy.dc.cpu,6,0.006666499999999992,0.005562166666666674,-0.01204199999999997,0.022062,-0.017374999999999974,0.03175
trace,kodak,1,1.9,8,1,1,trace,ac,2,entropy.dc.cpu,6,0.02208300000000002,0.02009700000000002,0.011812500000000031,0.026395500000000016,0.00275000000000003,0.027041000000000037
trace,kodak,1,1.9,8,1,1,trace,ac,1,entropy.ac.cpu,6,0.03904149999999995,0.032638666666666594,-0.01954200000000006,0.07841649999999989,-0.0495000000000001,0.08237499999999986
trace,kodak,1,1.9,8,1,1,trace,ac,2,entropy.ac.cpu,6,0.049708500000000044,0.045930499999999985,-0.01883350000000006,0.10691649999999997,-0.06237500000000007,0.11804199999999998
trace,kodak,1,1.9,8,1,1,trace,ac,1,workflow.serializer.cpu,6,0.13270850000000012,0.1610276666666668,-0.02950049999999993,0.3798750000000002,-0.10383399999999998,0.5013750000000003
trace,kodak,1,1.9,8,1,1,trace,ac,2,workflow.serializer.cpu,6,0.13427100000000003,0.11195150000000005,-0.1247704999999999,0.32635400000000003,-0.3157920000000001,0.41037500000000016
trace,kodak,1,1.9,8,1,1,trace,ac,1,gpu_ready_to_reduction,6,0.12062500000000001,0.11993050000000001,0.114396,0.1247705,0.111875,0.1255
trace,kodak,1,1.9,8,1,1,trace,ac,2,gpu_ready_to_reduction,6,0.12345850000000001,0.12004166666666667,0.107146,0.12952049999999998,0.105375,0.131708
trace,kodak,1,1.9,8,1,1,trace,ac,1,gpu_ready_to_ac_model,6,0.11666700000000002,0.15019483333333333,0.07643849999999999,0.257479,0.04795900000000003,0.35670899999999994
trace,kodak,1,1.9,8,1,1,trace,ac,2,gpu_ready_to_ac_model,6,0.16966650000000003,0.19567366666666666,0.147833,0.26952149999999997,0.13954100000000003,0.359459
trace,kodak,1,1.9,8,1,1,trace,ac,1,dc_ready_to_dc_model,6,0.1227085,0.15642383333333335,0.07941699999999999,0.267146,0.06016699999999997,0.36625
trace,kodak,1,1.9,8,1,1,trace,ac,2,dc_ready_to_dc_model,6,0.2750625,0.31016683333333334,0.250438,0.405,0.249417,0.49670800000000004
trace,kodak,1,1.9,8,1,1,trace,ac,1,begin_to_models_done,6,0.13516649999999997,0.18265983333333333,0.0878540000000001,0.3249589999999999,0.06987500000000013,0.43562599999999985
trace,kodak,1,1.9,8,1,1,trace,ac,2,begin_to_models_done,6,0.19710399999999995,0.166743,-0.06956249999999975,0.37268749999999984,-0.2471249999999996,0.4579589999999998
trace,kodak,1,1.9,8,1,1,trace,ac,1,dc_group_threads,6,0.0,0,0.0,0.0,0,0
trace,kodak,1,1.9,8,1,1,trace,ac,2,dc_group_threads,6,0.0,0,0.0,0.0,0,0
trace,kodak,4,1.9,8,1,1,trace,ac,1,workflow.quantization.cpu,6,-0.005561999999999956,-0.03897916666666664,-0.18995850000000003,0.07858300000000007,-0.30404200000000015,0.08058300000000007
trace,kodak,4,1.9,8,1,1,trace,ac,2,workflow.quantization.cpu,6,0.00970850000000012,0.0065553333333333574,-0.038104499999999986,0.04806199999999994,-0.043916999999999984,0.07162500000000005
trace,kodak,4,1.9,8,1,1,trace,ac,1,dc.prepare.cpu,6,0.005146500000000026,0.004070000000000018,-0.007811999999999986,0.014875500000000014,-0.009166000000000007,0.01900099999999999
trace,kodak,4,1.9,8,1,1,trace,ac,2,dc.prepare.cpu,6,0.0009174999999999878,0.0024726666666666695,-0.0011459999999999804,0.0076465000000000005,-0.0019579999999999598,0.01212599999999997
trace,kodak,4,1.9,8,1,1,trace,ac,1,token.population_reduce.cpu,6,-0.0010415000000000008,0.007965166666666667,-0.01856250000000001,0.04349950000000001,-0.02812500000000001,0.050124
trace,kodak,4,1.9,8,1,1,trace,ac,2,token.population_reduce.cpu,6,-0.0024580000000000157,-0.0011665000000000054,-0.023249999999999993,0.022208499999999992,-0.032833,0.04316599999999998
trace,kodak,4,1.9,8,1,1,trace,ac,1,entropy.dc.cpu,6,0.005957999999999963,0.0008471666666666396,-0.05025000000000002,0.04683349999999997,-0.06483300000000003,0.049541999999999975
trace,kodak,4,1.9,8,1,1,trace,ac,2,entropy.dc.cpu,6,0.01243749999999999,0.008930499999999989,-0.02022950000000001,0.03458349999999999,-0.040874999999999995,0.03629199999999999
trace,kodak,4,1.9,8,1,1,trace,ac,1,entropy.ac.cpu,6,-0.022375000000000034,-0.002478833333333356,-0.04454150000000012,0.05948000000000009,-0.051041000000000114,0.06283400000000006
trace,kodak,4,1.9,8,1,1,trace,ac,2,entropy.ac.cpu,6,-0.007207500000000144,0.003618499999999932,-0.04179150000000009,0.05985450000000003,-0.050417000000000156,0.08516699999999999
trace,kodak,4,1.9,8,1,1,trace,ac,1,workflow.serializer.cpu,6,0.1385829999999999,0.11636783333333327,-0.037437500000000234,0.24795800000000012,-0.048583000000000265,0.30725000000000025
trace,kodak,4,1.9,8,1,1,trace,ac,2,workflow.serializer.cpu,6,0.12835400000000008,0.11887483333333337,-0.09152099999999996,0.3197915,-0.13745899999999978,0.32962500000000006
trace,kodak,4,1.9,8,1,1,trace,ac,1,gpu_ready_to_reduction,6,0.11802099999999999,0.12174333333333333,0.1131875,0.1340215,0.11150000000000002,0.139959
trace,kodak,4,1.9,8,1,1,trace,ac,2,gpu_ready_to_reduction,6,0.1199585,0.11972949999999999,0.11281300000000001,0.126417,0.11166800000000002,0.127625
trace,kodak,4,1.9,8,1,1,trace,ac,1,gpu_ready_to_ac_model,6,0.10620850000000001,0.11986116666666667,0.081396,0.171979,0.06970900000000002,0.172917
trace,kodak,4,1.9,8,1,1,trace,ac,2,gpu_ready_to_ac_model,6,0.135813,0.14376433333333333,0.11858350000000001,0.1768965,0.11591600000000002,0.19370900000000002
trace,kodak,4,1.9,8,1,1,trace,ac,1,dc_ready_to_dc_model,6,0.1158745,0.122854,0.0936875,0.159,0.09120800000000001,0.159584
trace,kodak,4,1.9,8,1,1,trace,ac,2,dc_ready_to_dc_model,6,0.2533535,0.2600136666666667,0.238208,0.2884795,0.237375,0.291626
trace,kodak,4,1.9,8,1,1,trace,ac,1,begin_to_models_done,6,0.07412449999999993,0.11476400000000002,0.04416700000000007,0.22600050000000005,0.03504200000000024,0.22604199999999985
trace,kodak,4,1.9,8,1,1,trace,ac,2,begin_to_models_done,6,0.12133400000000016,0.13521583333333334,0.0741044999999999,0.21020899999999998,0.055458999999999925,0.2670839999999999
trace,kodak,4,1.9,8,1,1,trace,ac,1,dc_group_threads,6,0.0,0,0.0,0.0,0,0
trace,kodak,4,1.9,8,1,1,trace,ac,2,dc_group_threads,6,0.0,0,0.0,0.0,0,0
trace,kodak,7,1.9,8,1,1,trace,ac,1,workflow.quantization.cpu,6,0.068020999999999,0.04237500000000013,-0.19145849999999953,0.2505625000000009,-0.37016700000000036,0.3350830000000009
trace,kodak,7,1.9,8,1,1,trace,ac,2,workflow.quantization.cpu,6,-0.12804149999999925,-0.06924266666666619,-0.40283299999999933,0.3231465,-0.41341699999999904,0.5240010000000002
trace,kodak,7,1.9,8,1,1,trace,ac,1,dc.prepare.cpu,6,-0.003791500000000031,-8.333333333334265e-05,-0.016249999999999987,0.01979149999999999,-0.022083999999999993,0.03437499999999999
trace,kodak,7,1.9,8,1,1,trace,ac,2,dc.prepare.cpu,6,-0.0005830000000000002,-0.0025486666666666804,-0.01991650000000003,0.01285349999999999,-0.02641600000000005,0.013166000000000011
trace,kodak,7,1.9,8,1,1,trace,ac,1,token.population_reduce.cpu,6,-0.08752050000000003,-0.07467350000000002,-0.123833,-0.012667000000000012,-0.12891600000000003,-0.01200000000000001
trace,kodak,7,1.9,8,1,1,trace,ac,2,token.population_reduce.cpu,6,-0.0460835,-0.04894466666666667,-0.132229,0.031478500000000006,-0.144791,0.068416
trace,kodak,7,1.9,8,1,1,trace,ac,1,entropy.dc.cpu,6,-0.007645999999999986,-0.006458499999999996,-0.041187,0.029457499999999998,-0.060249,0.050958
trace,kodak,7,1.9,8,1,1,trace,ac,2,entropy.dc.cpu,6,-0.0036255000000000315,-0.004590500000000007,-0.04781299999999997,0.03766699999999998,-0.06924999999999998,0.07079199999999997
trace,kodak,7,1.9,8,1,1,trace,ac,1,entropy.ac.cpu,6,-0.07372949999999989,-0.03321549999999995,-0.13335450000000004,0.10743750000000007,-0.156501,0.1494580000000001
trace,kodak,7,1.9,8,1,1,trace,ac,2,entropy.ac.cpu,6,-0.023938000000000015,-0.016562666666666653,-0.08683300000000005,0.06108300000000011,-0.10304200000000008,0.09262500000000018
trace,kodak,7,1.9,8,1,1,trace,ac,1,workflow.serializer.cpu,6,-0.1302289999999997,-0.1244929999999999,-0.32862499999999994,0.08537499999999998,-0.47304199999999996,0.18062500000000004
trace,kodak,7,1.9,8,1,1,trace,ac,2,workflow.serializer.cpu,6,0.04822900000000008,-0.004569166666666587,-0.2707705,0.2088340000000002,-0.29012400000000005,0.21587600000000018
trace,kodak,7,1.9,8,1,1,trace,ac,1,gpu_ready_to_reduction,6,0.116729,0.11680533333333333,0.106458,0.127229,0.10458300000000001,0.129125
trace,kodak,7,1.9,8,1,1,trace,ac,2,gpu_ready_to_reduction,6,0.117042,0.1159515,0.106708,0.1241045,0.106707,0.12525000000000003
trace,kodak,7,1.9,8,1,1,trace,ac,1,gpu_ready_to_ac_model,6,0.02279199999999998,0.024270833333333314,-0.03385400000000002,0.08387449999999999,-0.03608300000000003,0.09729099999999996
trace,kodak,7,1.9,8,1,1,trace,ac,2,gpu_ready_to_ac_model,6,0.099834,0.0933405,0.007916499999999993,0.172271,-0.015249999999999986,0.20129200000000003
trace,kodak,7,1.9,8,1,1,trace,ac,1,dc_ready_to_dc_model,6,0.02654250000000001,0.034146166666666665,-0.012583499999999997,0.08847949999999999,-0.021916999999999964,0.09220899999999999
trace,kodak,7,1.9,8,1,1,trace,ac,2,dc_ready_to_dc_model,6,0.3093755,0.316299,0.26906300000000005,0.3704585,0.264875,0.381584
trace,kodak,7,1.9,8,1,1,trace,ac,1,begin_to_models_done,6,-0.08214499999999991,-0.029020666666666656,-0.1643340000000002,0.15941700000000014,-0.1755420000000001,0.180917
trace,kodak,7,1.9,8,1,1,trace,ac,2,begin_to_models_done,6,0.09799950000000002,0.062868,-0.08943750000000006,0.18004200000000004,-0.10016599999999976,0.24774999999999991
trace,kodak,7,1.9,8,1,1,trace,ac,1,dc_group_threads,6,0.0,0,0.0,0.0,0,0
trace,kodak,7,1.9,8,1,1,trace,ac,2,dc_group_threads,6,0.0,0,0.0,0.0,0,0
trace_followup,alpine24,7,1.9,8,1,1,trace,ac,1,workflow.quantization.cpu,24,0.2913130000000024,0.370371541666664,-3.021745299999992,3.664257900000001,-4.055207999999993,7.481957999999963
trace_followup,alpine24,7,1.9,8,1,1,trace,ac,2,workflow.quantization.cpu,24,0.7772499999999809,0.42717008333332745,-2.860890999999975,3.735499400000003,-6.442457999999988,5.418457999999987
trace_followup,alpine24,7,1.9,8,1,1,trace,ac,1,dc.prepare.cpu,24,0.2041670000000002,0.3144339583333334,-0.3365920999999998,0.9540705,-1.0515840000000005,1.8073739999999998
trace_followup,alpine24,7,1.9,8,1,1,trace,ac,2,dc.prepare.cpu,24,0.511396,0.3426841666666667,-0.4814331999999999,0.8512956000000002,-1.241666,1.837583
trace_followup,alpine24,7,1.9,8,1,1,trace,ac,1,token.population_reduce.cpu,24,0.0021250000000001545,-0.02931245833333333,-0.17096610000000004,0.11130019999999993,-0.6055839999999999,0.19679099999999994
trace_followup,alpine24,7,1.9,8,1,1,trace,ac,2,token.population_reduce.cpu,24,0.013271000000000033,0.003255250000000006,-0.10139640000000005,0.13568329999999992,-0.36683299999999996,0.22345799999999993
trace_followup,alpine24,7,1.9,8,1,1,trace,ac,1,entropy.dc.cpu,24,-0.06687450000000039,0.01843233333333344,-0.7852413999999998,0.6352831000000001,-1.4392499999999995,1.2469580000000002
trace_followup,alpine24,7,1.9,8,1,1,trace,ac,2,entropy.dc.cpu,24,0.07656250000000031,0.19771000000000008,-0.17034620000000023,0.8718042000000001,-0.933916,1.3392920000000004
trace_followup,alpine24,7,1.9,8,1,1,trace,ac,1,entropy.ac.cpu,24,0.1972915000000004,0.1645832083333334,-1.6800786999999993,1.9250008999999997,-3.1061259999999997,2.422374999999999
trace_followup,alpine24,7,1.9,8,1,1,trace,ac,2,entropy.ac.cpu,24,0.295458,0.5788159166666668,-0.5743955999999998,2.2118912,-1.7270000000000003,2.8162909999999997
trace_followup,alpine24,7,1.9,8,1,1,trace,ac,1,workflow.serializer.cpu,24,1.1866240000000001,1.3571563750000004,-2.0598869,5.398346,-5.900416,7.6909170000000024
trace_followup,alpine24,7,1.9,8,1,1,trace,ac,2,workflow.serializer.cpu,24,1.8593954999999998,2.2026094583333338,-0.5274715000000006,5.069628800000001,-2.484957999999999,7.984583000000004
trace_followup,alpine24,7,1.9,8,1,1,trace,ac,1,gpu_ready_to_reduction,24,1.3191034999999998,1.2318715833333334,0.6051373,1.7773876,0.32866700000000004,1.9122079999999997
trace_followup,alpine24,7,1.9,8,1,1,trace,ac,2,gpu_ready_to_reduction,24,1.3286034999999998,1.2397013333333333,0.5584749,1.7953376,0.288791,1.9229159999999998
trace_followup,alpine24,7,1.9,8,1,1,trace,ac,1,gpu_ready_to_ac_model,24,1.105688,1.0871980416666667,0.5524324,1.7709751999999999,0.04770899999999978,2.0102919999999997
trace_followup,alpine24,7,1.9,8,1,1,trace,ac,2,gpu_ready_to_ac_model,24,1.3735,1.27950175,0.3848626000000002,1.9032169,0.21908299999999992,2.1207079999999996
trace_followup,alpine24,7,1.9,8,1,1,trace,ac,1,dc_ready_to_dc_model,24,0.8626455000000001,0.8517361666666666,0.5066419999999999,1.2187706999999999,0.27187399999999995,1.3210000000000002
trace_followup,alpine24,7,1.9,8,1,1,trace,ac,2,dc_ready_to_dc_model,24,1.2388750000000002,1.260159875,1.1993711,1.3422877,1.184541,1.456375
trace_followup,alpine24,7,1.9,8,1,1,trace,ac,1,begin_to_models_done,24,1.1543955000000006,1.3515451666666662,-0.8599661999999999,4.101100099999998,-3.5506670000000007,5.244958999999998
trace_followup,alpine24,7,1.9,8,1,1,trace,ac,2,begin_to_models_done,24,1.5045210000000004,1.9289584999999996,0.36145440000000006,3.9509787999999997,-1.5382920000000002,5.698917999999999
trace_followup,alpine24,7,1.9,8,1,1,trace,ac,1,dc_group_threads,24,0.0,0,0.0,0.0,0,0
trace_followup,alpine24,7,1.9,8,1,1,trace,ac,2,dc_group_threads,24,0.0,0,0.0,0.0,0,0
trace_followup,alpine24,7,1.9,8,1,1,trace,transition,1,workflow.quantization.cpu,12,-3.5243130000000065,-23.363097333333343,-97.73516760000004,4.886557800000009,-136.07025000000004,12.308667000000014
trace_followup,alpine24,7,1.9,8,1,1,trace,transition,2,workflow.quantization.cpu,12,-1.7464785000000234,-0.9104929166666645,-44.25684249999998,2.011320300000006,-59.42874999999998,107.332334
trace_followup,alpine24,7,1.9,8,1,1,trace,transition,1,token.population_reduce.cpu,12,-0.026604000000000072,-0.04056225000000002,-0.1810417000000001,0.025288099999999994,-0.2124999999999999,0.227792
trace_followup,alpine24,7,1.9,8,1,1,trace,transition,2,token.population_reduce.cpu,12,-0.015395500000000006,-0.020121333333333324,-0.1763669999999999,0.05209169999999999,-0.251374,0.305917
trace_followup,alpine24,7,1.9,8,1,1,trace,transition,1,dc.prepare.cpu,12,0.0808335,0.20341649999999978,-0.15193870000000054,0.9191493999999996,-0.49258299999999977,1.0426249999999997
trace_followup,alpine24,7,1.9,8,1,1,trace,transition,2,dc.prepare.cpu,12,0.20899949999999978,0.41531958333333324,-0.6346248999999999,1.4708755,-0.7339159999999998,1.9937079999999998
trace_followup,alpine24,7,1.9,8,1,1,trace,transition,1,entropy.dc.cpu,12,-0.2310620000000001,-0.19517691666666673,-0.5324044999999998,0.15409580000000012,-0.9779999999999998,0.26916799999999963
trace_followup,alpine24,7,1.9,8,1,1,trace,transition,2,entropy.dc.cpu,12,-0.030562500000000048,-0.11829174999999996,-1.0243459,0.5101207999999998,-1.1520419999999998,0.6915829999999996
trace_followup,alpine24,7,1.9,8,1,1,trace,transition,1,entropy.ac.cpu,12,-0.10204150000000123,-0.2117256666666667,-1.079345299999999,0.5246326999999991,-2.150416999999999,0.6931250000000002
trace_followup,alpine24,7,1.9,8,1,1,trace,transition,2,entropy.ac.cpu,12,0.24287499999999973,0.023374999999999996,-1.8067579999999994,1.0655119,-2.1611249999999984,1.5581669999999992
trace_followup,alpine24,7,1.9,8,1,1,trace,transition,1,workflow.serializer.cpu,12,0.9429589999999983,0.5618749999999997,-1.858704399999998,2.4282538000000007,-3.383001,3.0458339999999993
trace_followup,alpine24,7,1.9,8,1,1,trace,transition,2,workflow.serializer.cpu,12,1.5029380000000003,1.209763833333333,-2.9783961999999984,3.0912911000000003,-5.204708000000004,7.7635000000000005
trace_followup,alpine24,7,1.9,8,1,1,trace,transition,1,gpu_ready_to_reduction,12,1.5010409999999998,1.5417741666666667,0.6381869,1.9519539000000001,0.5509580000000001,3.566375
trace_followup,alpine24,7,1.9,8,1,1,trace,transition,2,gpu_ready_to_reduction,12,1.498125,1.5317987499999999,0.6587453000000001,1.9386962,0.561167,3.538875
trace_followup,alpine24,7,1.9,8,1,1,trace,transition,1,gpu_ready_to_ac_model,12,1.0694579999999998,1.2045136666666667,0.5290495999999999,1.7348044000000002,0.495541,2.6603749999999997
trace_followup,alpine24,7,1.9,8,1,1,trace,transition,2,gpu_ready_to_ac_model,12,1.3979165,1.5531355833333333,0.7107708000000001,2.2665129,0.638125,3.5626249999999997
trace_followup,alpine24,7,1.9,8,1,1,trace,transition,1,dc_ready_to_dc_model,12,1.0889164999999998,0.9823263333333333,0.4512714000000001,1.3928164,0.4272079999999999,1.67725
trace_followup,alpine24,7,1.9,8,1,1,trace,transition,2,dc_ready_to_dc_model,12,1.222521,1.298132,1.1876959,1.4247169,1.181959,1.7235
trace_followup,alpine24,7,1.9,8,1,1,trace,transition,1,begin_to_models_done,12,1.2035624999999994,0.9033436666666668,-0.7122038999999998,2.0504702000000017,-1.3267919999999975,2.250373999999997
trace_followup,alpine24,7,1.9,8,1,1,trace,transition,2,begin_to_models_done,12,1.4916254999999996,1.5279826666666665,-0.7995160000000004,3.435399699999998,-1.0388339999999978,5.359708999999999
trace_followup,alpine24,7,1.9,8,1,1,trace,transition,1,dc_group_threads,12,0.0,0,0.0,0.0,0,0
trace_followup,alpine24,7,1.9,8,1,1,trace,transition,2,dc_group_threads,12,0.0,0,0.0,0.0,0,0
trace_followup,campus12,7,1.9,8,1,1,trace,battery,1,workflow.quantization.cpu,12,-16.56531249999999,-9.69686808333333,-45.71941669999999,43.76360450000002,-60.05804199999997,47.206751
trace_followup,campus12,7,1.9,8,1,1,trace,battery,2,workflow.quantization.cpu,12,-16.988000500000027,-19.10662150000001,-104.2891872,45.22073779999998,-138.886125,48.42583300000001
trace_followup,campus12,7,1.9,8,1,1,trace,battery,1,token.population_reduce.cpu,12,0.0030000000000000027,-0.08127766666666668,-0.34135000000000004,0.16663810000000007,-0.5626670000000003,0.17920800000000003
trace_followup,campus12,7,1.9,8,1,1,trace,battery,2,token.population_reduce.cpu,12,0.01752049999999994,-0.03889224999999998,-0.23182499999999984,0.1447380000000001,-0.45341699999999996,0.17237499999999994
trace_followup,campus12,7,1.9,8,1,1,trace,battery,1,dc.prepare.cpu,12,0.10206299999999979,-0.06893408333333347,-1.0935503,0.9969833,-1.6419990000000002,1.0723319999999994
trace_followup,campus12,7,1.9,8,1,1,trace,battery,2,dc.prepare.cpu,12,0.02235499999999968,0.10305874999999969,-0.8623798000000001,0.7669952000000001,-1.0794590000000008,1.3109159999999997
trace_followup,campus12,7,1.9,8,1,1,trace,battery,1,entropy.dc.cpu,12,-0.3032705000000002,-0.2025414166666665,-1.0433119999999996,0.5625542000000006,-1.1494999999999997,0.8528340000000001
trace_followup,campus12,7,1.9,8,1,1,trace,battery,2,entropy.dc.cpu,12,-0.15522849999999977,-0.13067666666666658,-0.4554201,0.5541795,-2.1418330000000005,0.7852080000000004
trace_followup,campus12,7,1.9,8,1,1,trace,battery,1,entropy.ac.cpu,12,-0.04552149999999955,-0.5915696666666664,-1.6231659999999983,0.9241825999999986,-8.274376000000002,2.728250000000001
trace_followup,campus12,7,1.9,8,1,1,trace,battery,2,entropy.ac.cpu,12,0.25700000000000056,-0.6172709999999996,-1.376795800000001,0.8728833000000003,-8.730249999999998,1.7595000000000027
trace_followup,campus12,7,1.9,8,1,1,trace,battery,1,workflow.serializer.cpu,12,1.267000000000003,0.670732500000001,-2.6482467999999995,4.311675299999999,-14.244667,8.161249000000005
trace_followup,campus12,7,1.9,8,1,1,trace,battery,2,workflow.serializer.cpu,12,3.0200835,2.0628993333333345,-0.2653589999999979,6.154509000000003,-11.452790999999998,7.358999000000004
trace_followup,campus12,7,1.9,8,1,1,trace,battery,1,gpu_ready_to_reduction,12,2.5094575,2.6446351666666668,2.1861128,3.6429378,1.145208,3.77825
trace_followup,campus12,7,1.9,8,1,1,trace,battery,2,gpu_ready_to_reduction,12,2.4936035,2.64787475,2.1941961,3.6323327,1.156499,3.802334
trace_followup,campus12,7,1.9,8,1,1,trace,battery,1,gpu_ready_to_ac_model,12,1.15625,1.1324235,0.3677878,1.8301880000000001,0.11858400000000024,2.6701659999999996
trace_followup,campus12,7,1.9,8,1,1,trace,battery,2,gpu_ready_to_ac_model,12,2.472896,2.6508088333333335,2.0420828,3.6885662999999997,1.347374,4.020792
trace_followup,campus12,7,1.9,8,1,1,trace,battery,1,dc_ready_to_dc_model,12,1.4248954999999999,1.44012125,1.3498875000000001,1.5275375,1.344832,1.650917
trace_followup,campus12,7,1.9,8,1,1,trace,battery,2,dc_ready_to_dc_model,12,1.4589375,1.4746805,1.3856288,1.5560964,1.383749,1.683875
trace_followup,campus12,7,1.9,8,1,1,trace,battery,1,begin_to_models_done,12,1.1685835000000004,0.6929860833333331,-1.8738497000000018,3.6151256000000007,-9.107167,5.545917000000003
trace_followup,campus12,7,1.9,8,1,1,trace,battery,2,begin_to_models_done,12,2.5747289999999996,2.0721040833333326,0.2652537999999991,4.760416299999999,-6.060957999999999,5.010125000000002
trace_followup,campus12,7,1.9,8,1,1,trace,battery,1,dc_group_threads,12,0.0,0,0.0,0.0,0,0
trace_followup,campus12,7,1.9,8,1,1,trace,battery,2,dc_group_threads,12,0.0,0,0.0,0.0,0,0
trace_followup,campus12,7,1.9,8,1,1,trace,ac,1,workflow.quantization.cpu,24,-0.35941699999999344,-0.5941457083333361,-3.0872956000000045,1.2010250000000013,-4.06170800000001,2.559334000000007
trace_followup,campus12,7,1.9,8,1,1,trace,ac,2,workflow.quantization.cpu,24,-0.408583500000006,-0.4269546666666694,-2.020670899999999,1.372404599999987,-2.951375000000013,2.020875999999987
trace_followup,campus12,7,1.9,8,1,1,trace,ac,1,dc.prepare.cpu,24,-0.01581250000000023,-0.14412529166666674,-0.7839962000000003,0.3302658999999999,-1.56825,0.8638329999999996
trace_followup,campus12,7,1.9,8,1,1,trace,ac,2,dc.prepare.cpu,24,-0.007062499999999972,-0.17303133333333334,-0.9668177000000001,0.23728670000000013,-1.205291,0.8396239999999997
trace_followup,campus12,7,1.9,8,1,1,trace,ac,1,token.population_reduce.cpu,24,-0.014708000000000054,-0.029906250000000006,-0.14284559999999996,0.05202120000000009,-0.24712599999999996,0.12104099999999995
trace_followup,campus12,7,1.9,8,1,1,trace,ac,2,token.population_reduce.cpu,24,-0.020208499999999963,-0.04326041666666663,-0.16743749999999988,0.041775800000000037,-0.2410000000000001,0.11033300000000001
trace_followup,campus12,7,1.9,8,1,1,trace,ac,1,entropy.dc.cpu,24,-0.09277049999999987,-0.17571512499999994,-0.6855167,0.12125020000000018,-0.9452500000000001,0.3124579999999999
trace_followup,campus12,7,1.9,8,1,1,trace,ac,2,entropy.dc.cpu,24,-0.10212449999999995,-0.21826733333333334,-0.7598667000000003,0.09105809999999989,-0.9922079999999998,0.340792
trace_followup,campus12,7,1.9,8,1,1,trace,ac,1,entropy.ac.cpu,24,-0.04756250000000062,-0.3163699583333332,-1.9463912999999995,1.0026081000000002,-3.8855840000000015,1.7546660000000003
trace_followup,campus12,7,1.9,8,1,1,trace,ac,2,entropy.ac.cpu,24,-0.23627050000000072,-0.5903056666666665,-2.689216799999999,0.7242617999999995,-3.0930839999999993,1.5815420000000007
trace_followup,campus12,7,1.9,8,1,1,trace,ac,1,workflow.serializer.cpu,24,1.0625625000000003,0.5253142499999995,-2.7087127000000004,3.1717456,-6.3090829999999976,4.961917
trace_followup,campus12,7,1.9,8,1,1,trace,ac,2,workflow.serializer.cpu,24,1.3326039999999981,0.7890278333333326,-2.8479875000000003,2.9505250999999983,-3.4364170000000023,5.143083999999998
trace_followup,campus12,7,1.9,8,1,1,trace,ac,1,gpu_ready_to_reduction,24,1.605667,1.672029625,1.4974501,1.9817333,1.063793,2.440541
trace_followup,campus12,7,1.9,8,1,1,trace,ac,2,gpu_ready_to_reduction,24,1.5868544999999998,1.6627725833333333,1.4877291,1.9772413,1.0735000000000001,2.4307920000000003
trace_followup,campus12,7,1.9,8,1,1,trace,ac,1,gpu_ready_to_ac_model,24,1.0574374999999998,1.015600875,0.46468769999999987,1.5590966,-0.5286249999999999,2.118874
trace_followup,campus12,7,1.9,8,1,1,trace,ac,2,gpu_ready_to_ac_model,24,1.591395,1.6506840833333334,1.4502088,1.9521879,1.05325,2.570333
trace_followup,campus12,7,1.9,8,1,1,trace,ac,1,dc_ready_to_dc_model,24,1.170146,1.181800375,1.1525714,1.2157373999999999,1.1461240000000001,1.300459
trace_followup,campus12,7,1.9,8,1,1,trace,ac,2,dc_ready_to_dc_model,24,1.193562,1.2077152916666667,1.1812457,1.2468374999999998,1.176583,1.3267090000000001
trace_followup,campus12,7,1.9,8,1,1,trace,ac,1,begin_to_models_done,24,1.070125,0.6629512916666664,-1.795762099999999,2.6063003999999985,-4.670832999999998,3.9272489999999998
trace_followup,campus12,7,1.9,8,1,1,trace,ac,2,begin_to_models_done,24,1.3241040000000002,1.0089497083333332,-1.4863750000000007,2.576833099999999,-1.9394589999999994,4.287458000000001
trace_followup,campus12,7,1.9,8,1,1,trace,ac,1,dc_group_threads,24,0.0,-0.125,-0.6999999999999997,0.0,-1,0
trace_followup,campus12,7,1.9,8,1,1,trace,ac,2,dc_group_threads,24,0.0,-0.08333333333333333,-0.6999999999999997,0.0,-1,1
