image,stratum,effort,variant,distance,bytes,quality
clic2024_test--097cb426910ba8ce2525dd8bb7fb1777,clic2024_test,3,both,0.5,426713,91.59707570576583
clic2024_test--097cb426910ba8ce2525dd8bb7fb1777,clic2024_test,3,default,0.5,423273,91.3056434443606
clic2024_test--097cb426910ba8ce2525dd8bb7fb1777,clic2024_test,3,quantize,0.5,426714,91.69601931055527
clic2024_test--097cb426910ba8ce2525dd8bb7fb1777,clic2024_test,3,smooth,0.5,417095,91.2838726147456
clic2024_test--097cb426910ba8ce2525dd8bb7fb1777,clic2024_test,3,weighted,0.5,417096,91.3056434443606
clic2024_test--097cb426910ba8ce2525dd8bb7fb1777,clic2024_test,3,both,0.699999988079,319073,89.52470139789025
clic2024_test--097cb426910ba8ce2525dd8bb7fb1777,clic2024_test,3,default,0.699999988079,316817,88.97731273202649
clic2024_test--097cb426910ba8ce2525dd8bb7fb1777,clic2024_test,3,quantize,0.699999988079,319074,89.67423262207656
clic2024_test--097cb426910ba8ce2525dd8bb7fb1777,clic2024_test,3,smooth,0.699999988079,310839,89.07248519734118
clic2024_test--097cb426910ba8ce2525dd8bb7fb1777,clic2024_test,3,weighted,0.699999988079,310840,88.97731273202649
clic2024_test--097cb426910ba8ce2525dd8bb7fb1777,clic2024_test,3,both,1,229505,86.2990707910965
clic2024_test--097cb426910ba8ce2525dd8bb7fb1777,clic2024_test,3,default,1,227755,85.58844750898467
clic2024_test--097cb426910ba8ce2525dd8bb7fb1777,clic2024_test,3,quantize,1,229506,86.56977735161307
clic2024_test--097cb426910ba8ce2525dd8bb7fb1777,clic2024_test,3,smooth,1,222025,85.79062119622157
clic2024_test--097cb426910ba8ce2525dd8bb7fb1777,clic2024_test,3,weighted,1,222026,85.58844750898467
clic2024_test--097cb426910ba8ce2525dd8bb7fb1777,clic2024_test,3,both,1.39999997616,169706,82.2372040581557
clic2024_test--097cb426910ba8ce2525dd8bb7fb1777,clic2024_test,3,default,1.39999997616,168499,81.63053098236203
clic2024_test--097cb426910ba8ce2525dd8bb7fb1777,clic2024_test,3,quantize,1.39999997616,169707,82.5756849773687
clic2024_test--097cb426910ba8ce2525dd8bb7fb1777,clic2024_test,3,smooth,1.39999997616,162773,81.7342600965996
clic2024_test--097cb426910ba8ce2525dd8bb7fb1777,clic2024_test,3,weighted,1.39999997616,162774,81.63053098236203
clic2024_test--097cb426910ba8ce2525dd8bb7fb1777,clic2024_test,3,both,2,121933,76.20809861496018
clic2024_test--097cb426910ba8ce2525dd8bb7fb1777,clic2024_test,3,default,2,121381,74.74463098476863
clic2024_test--097cb426910ba8ce2525dd8bb7fb1777,clic2024_test,3,quantize,2,121934,76.48716339661104
clic2024_test--097cb426910ba8ce2525dd8bb7fb1777,clic2024_test,3,smooth,2,116186,75.23395554513398
clic2024_test--097cb426910ba8ce2525dd8bb7fb1777,clic2024_test,3,weighted,2,116187,74.74463098476863
clic2024_test--097cb426910ba8ce2525dd8bb7fb1777,clic2024_test,4,both,0.5,419647,91.57152961353755
clic2024_test--097cb426910ba8ce2525dd8bb7fb1777,clic2024_test,4,default,0.5,416907,91.21910454118941
clic2024_test--097cb426910ba8ce2525dd8bb7fb1777,clic2024_test,4,quantize,0.5,418645,91.6400647583374
clic2024_test--097cb426910ba8ce2525dd8bb7fb1777,clic2024_test,4,smooth,0.5,411260,91.26460037864246
clic2024_test--097cb426910ba8ce2525dd8bb7fb1777,clic2024_test,4,weighted,0.5,410913,91.21910454118941
clic2024_test--097cb426910ba8ce2525dd8bb7fb1777,clic2024_test,4,both,0.699999988079,296852,88.77797765125972
clic2024_test--097cb426910ba8ce2525dd8bb7fb1777,clic2024_test,4,default,0.699999988079,295212,88.38304706101223
clic2024_test--097cb426910ba8ce2525dd8bb7fb1777,clic2024_test,4,quantize,0.699999988079,296234,88.89078371525196
clic2024_test--097cb426910ba8ce2525dd8bb7fb1777,clic2024_test,4,smooth,0.699999988079,288937,88.43831476691682
clic2024_test--097cb426910ba8ce2525dd8bb7fb1777,clic2024_test,4,weighted,0.699999988079,288919,88.38304706101223
clic2024_test--097cb426910ba8ce2525dd8bb7fb1777,clic2024_test,4,both,1,206065,84.76105293851298
clic2024_test--097cb426910ba8ce2525dd8bb7fb1777,clic2024_test,4,default,1,204541,84.38421749014205
clic2024_test--097cb426910ba8ce2525dd8bb7fb1777,clic2024_test,4,quantize,1,205354,85.02017302769156
clic2024_test--097cb426910ba8ce2525dd8bb7fb1777,clic2024_test,4,smooth,1,198582,84.3868535931338
clic2024_test--097cb426910ba8ce2525dd8bb7fb1777,clic2024_test,4,weighted,1,198735,84.38421749014205
clic2024_test--097cb426910ba8ce2525dd8bb7fb1777,clic2024_test,4,both,1.39999997616,150393,79.40173061738993
clic2024_test--097cb426910ba8ce2525dd8bb7fb1777,clic2024_test,4,default,1.39999997616,150410,79.10272286109918
clic2024_test--097cb426910ba8ce2525dd8bb7fb1777,clic2024_test,4,quantize,1.39999997616,150204,79.7278320072573
clic2024_test--097cb426910ba8ce2525dd8bb7fb1777,clic2024_test,4,smooth,1.39999997616,144681,79.17187063594957
clic2024_test--097cb426910ba8ce2525dd8bb7fb1777,clic2024_test,4,weighted,1.39999997616,144821,79.10272286109918
clic2024_test--097cb426910ba8ce2525dd8bb7fb1777,clic2024_test,4,both,2,104598,72.18540283062907
clic2024_test--097cb426910ba8ce2525dd8bb7fb1777,clic2024_test,4,default,2,103417,70.90078789041031
clic2024_test--097cb426910ba8ce2525dd8bb7fb1777,clic2024_test,4,quantize,2,104427,72.41482341358389
clic2024_test--097cb426910ba8ce2525dd8bb7fb1777,clic2024_test,4,smooth,2,97979,71.26215193490792
clic2024_test--097cb426910ba8ce2525dd8bb7fb1777,clic2024_test,4,weighted,2,98180,70.90078789041031
clic2024_test--097cb426910ba8ce2525dd8bb7fb1777,clic2024_test,7,both,0.5,380848,91.55502948197957
clic2024_test--097cb426910ba8ce2525dd8bb7fb1777,clic2024_test,7,default,0.5,378261,91.2328383305909
clic2024_test--097cb426910ba8ce2525dd8bb7fb1777,clic2024_test,7,quantize,0.5,380949,91.74413087484409
clic2024_test--097cb426910ba8ce2525dd8bb7fb1777,clic2024_test,7,smooth,0.5,372659,91.24899721247718
clic2024_test--097cb426910ba8ce2525dd8bb7fb1777,clic2024_test,7,weighted,0.5,371839,91.2328383305909
clic2024_test--097cb426910ba8ce2525dd8bb7fb1777,clic2024_test,7,both,0.699999988079,278883,89.07250780545792
clic2024_test--097cb426910ba8ce2525dd8bb7fb1777,clic2024_test,7,default,0.699999988079,276043,88.6421487582534
clic2024_test--097cb426910ba8ce2525dd8bb7fb1777,clic2024_test,7,quantize,0.699999988079,279470,89.3554507326486
clic2024_test--097cb426910ba8ce2525dd8bb7fb1777,clic2024_test,7,smooth,0.699999988079,269777,88.67647195563204
clic2024_test--097cb426910ba8ce2525dd8bb7fb1777,clic2024_test,7,weighted,0.699999988079,270389,88.6421487582534
clic2024_test--097cb426910ba8ce2525dd8bb7fb1777,clic2024_test,7,both,1,196080,85.13274564242082
clic2024_test--097cb426910ba8ce2525dd8bb7fb1777,clic2024_test,7,default,1,195462,84.84554275642694
clic2024_test--097cb426910ba8ce2525dd8bb7fb1777,clic2024_test,7,quantize,1,195652,85.40269679935821
clic2024_test--097cb426910ba8ce2525dd8bb7fb1777,clic2024_test,7,smooth,1,189316,84.90623111651708
clic2024_test--097cb426910ba8ce2525dd8bb7fb1777,clic2024_test,7,weighted,1,189327,84.84554275642694
clic2024_test--097cb426910ba8ce2525dd8bb7fb1777,clic2024_test,7,both,1.39999997616,132702,79.88112888722023
clic2024_test--097cb426910ba8ce2525dd8bb7fb1777,clic2024_test,7,default,1.39999997616,132739,79.17967337107972
clic2024_test--097cb426910ba8ce2525dd8bb7fb1777,clic2024_test,7,quantize,1.39999997616,132444,80.05989398859974
clic2024_test--097cb426910ba8ce2525dd8bb7fb1777,clic2024_test,7,smooth,1.39999997616,126355,79.22835956230828
clic2024_test--097cb426910ba8ce2525dd8bb7fb1777,clic2024_test,7,weighted,1.39999997616,127114,79.17967337107972
clic2024_test--097cb426910ba8ce2525dd8bb7fb1777,clic2024_test,7,both,2,85732,72.88130088193421
clic2024_test--097cb426910ba8ce2525dd8bb7fb1777,clic2024_test,7,default,2,86615,71.22604258003017
clic2024_test--097cb426910ba8ce2525dd8bb7fb1777,clic2024_test,7,quantize,2,85425,73.02681664760935
clic2024_test--097cb426910ba8ce2525dd8bb7fb1777,clic2024_test,7,smooth,2,80897,71.94462851962088
clic2024_test--097cb426910ba8ce2525dd8bb7fb1777,clic2024_test,7,weighted,2,81352,71.22604258003017
clic2024_test--1e2f9d41529197f10d32bfa68a1e0bcc,clic2024_test,3,both,0.5,1667232,87.66730079907616
clic2024_test--1e2f9d41529197f10d32bfa68a1e0bcc,clic2024_test,3,default,0.5,1653797,87.66641673720748
clic2024_test--1e2f9d41529197f10d32bfa68a1e0bcc,clic2024_test,3,quantize,0.5,1667233,87.66745920944307
clic2024_test--1e2f9d41529197f10d32bfa68a1e0bcc,clic2024_test,3,smooth,0.5,1652962,87.66574210636848
clic2024_test--1e2f9d41529197f10d32bfa68a1e0bcc,clic2024_test,3,weighted,0.5,1652963,87.66641673720748
clic2024_test--1e2f9d41529197f10d32bfa68a1e0bcc,clic2024_test,3,both,0.699999988079,1426524,84.87121806356242
clic2024_test--1e2f9d41529197f10d32bfa68a1e0bcc,clic2024_test,3,default,0.699999988079,1413633,84.86012586731182
clic2024_test--1e2f9d41529197f10d32bfa68a1e0bcc,clic2024_test,3,quantize,0.699999988079,1426525,84.86907178171595
clic2024_test--1e2f9d41529197f10d32bfa68a1e0bcc,clic2024_test,3,smooth,0.699999988079,1413082,84.86140826610851
clic2024_test--1e2f9d41529197f10d32bfa68a1e0bcc,clic2024_test,3,weighted,0.699999988079,1413083,84.86012586731182
clic2024_test--1e2f9d41529197f10d32bfa68a1e0bcc,clic2024_test,3,both,1,1179568,80.74534244275674
clic2024_test--1e2f9d41529197f10d32bfa68a1e0bcc,clic2024_test,3,default,1,1167106,80.70789638260759
clic2024_test--1e2f9d41529197f10d32bfa68a1e0bcc,clic2024_test,3,quantize,1,1179569,80.74104375571677
clic2024_test--1e2f9d41529197f10d32bfa68a1e0bcc,clic2024_test,3,smooth,1,1166966,80.70571759052099
clic2024_test--1e2f9d41529197f10d32bfa68a1e0bcc,clic2024_test,3,weighted,1,1166967,80.70789638260759
clic2024_test--1e2f9d41529197f10d32bfa68a1e0bcc,clic2024_test,3,both,1.39999997616,955910,75.40736892078263
clic2024_test--1e2f9d41529197f10d32bfa68a1e0bcc,clic2024_test,3,default,1.39999997616,943892,75.29042872266032
clic2024_test--1e2f9d41529197f10d32bfa68a1e0bcc,clic2024_test,3,quantize,1.39999997616,955911,75.40875490132427
clic2024_test--1e2f9d41529197f10d32bfa68a1e0bcc,clic2024_test,3,smooth,1.39999997616,944015,75.2910952493551
clic2024_test--1e2f9d41529197f10d32bfa68a1e0bcc,clic2024_test,3,weighted,1.39999997616,944016,75.29042872266032
clic2024_test--1e2f9d41529197f10d32bfa68a1e0bcc,clic2024_test,3,both,2,741733,68.28024549452462
clic2024_test--1e2f9d41529197f10d32bfa68a1e0bcc,clic2024_test,3,default,2,730373,68.25871437610753
clic2024_test--1e2f9d41529197f10d32bfa68a1e0bcc,clic2024_test,3,quantize,2,741734,68.28398593273505
clic2024_test--1e2f9d41529197f10d32bfa68a1e0bcc,clic2024_test,3,smooth,2,730697,68.25308130765094
clic2024_test--1e2f9d41529197f10d32bfa68a1e0bcc,clic2024_test,3,weighted,2,730698,68.25871437610753
clic2024_test--1e2f9d41529197f10d32bfa68a1e0bcc,clic2024_test,4,both,0.5,1692058,88.03943484117927
clic2024_test--1e2f9d41529197f10d32bfa68a1e0bcc,clic2024_test,4,default,0.5,1678272,87.98124846000424
clic2024_test--1e2f9d41529197f10d32bfa68a1e0bcc,clic2024_test,4,quantize,0.5,1692059,88.0351643682834
clic2024_test--1e2f9d41529197f10d32bfa68a1e0bcc,clic2024_test,4,smooth,0.5,1677450,87.98152565608058
clic2024_test--1e2f9d41529197f10d32bfa68a1e0bcc,clic2024_test,4,weighted,0.5,1677451,87.98124846000424
clic2024_test--1e2f9d41529197f10d32bfa68a1e0bcc,clic2024_test,4,both,0.699999988079,1410690,84.67791199202728
clic2024_test--1e2f9d41529197f10d32bfa68a1e0bcc,clic2024_test,4,default,0.699999988079,1397790,84.65035374732106
clic2024_test--1e2f9d41529197f10d32bfa68a1e0bcc,clic2024_test,4,quantize,0.699999988079,1410689,84.67647962582637
clic2024_test--1e2f9d41529197f10d32bfa68a1e0bcc,clic2024_test,4,smooth,0.699999988079,1397229,84.65420925261016
clic2024_test--1e2f9d41529197f10d32bfa68a1e0bcc,clic2024_test,4,weighted,0.699999988079,1397230,84.65035374732106
clic2024_test--1e2f9d41529197f10d32bfa68a1e0bcc,clic2024_test,4,both,1,1150391,80.17795229173261
clic2024_test--1e2f9d41529197f10d32bfa68a1e0bcc,clic2024_test,4,default,1,1138023,80.16757198701538
clic2024_test--1e2f9d41529197f10d32bfa68a1e0bcc,clic2024_test,4,quantize,1,1150392,80.18166561065482
clic2024_test--1e2f9d41529197f10d32bfa68a1e0bcc,clic2024_test,4,smooth,1,1137870,80.16304522081137
clic2024_test--1e2f9d41529197f10d32bfa68a1e0bcc,clic2024_test,4,weighted,1,1137877,80.16757198701538
clic2024_test--1e2f9d41529197f10d32bfa68a1e0bcc,clic2024_test,4,both,1.39999997616,921385,74.40636167829871
clic2024_test--1e2f9d41529197f10d32bfa68a1e0bcc,clic2024_test,4,default,1.39999997616,909535,74.34720263422403
clic2024_test--1e2f9d41529197f10d32bfa68a1e0bcc,clic2024_test,4,quantize,1.39999997616,921386,74.40541898521718
clic2024_test--1e2f9d41529197f10d32bfa68a1e0bcc,clic2024_test,4,smooth,1.39999997616,909656,74.34755529628798
clic2024_test--1e2f9d41529197f10d32bfa68a1e0bcc,clic2024_test,4,weighted,1.39999997616,909649,74.34720263422403
clic2024_test--1e2f9d41529197f10d32bfa68a1e0bcc,clic2024_test,4,both,2,707066,66.95503280079889
clic2024_test--1e2f9d41529197f10d32bfa68a1e0bcc,clic2024_test,4,default,2,695922,66.89418658089077
clic2024_test--1e2f9d41529197f10d32bfa68a1e0bcc,clic2024_test,4,quantize,2,707064,66.95740321622321
clic2024_test--1e2f9d41529197f10d32bfa68a1e0bcc,clic2024_test,4,smooth,2,696274,66.88619466514238
clic2024_test--1e2f9d41529197f10d32bfa68a1e0bcc,clic2024_test,4,weighted,2,696267,66.89418658089077
clic2024_test--1e2f9d41529197f10d32bfa68a1e0bcc,clic2024_test,7,both,0.5,1699867,88.08869628063432
clic2024_test--1e2f9d41529197f10d32bfa68a1e0bcc,clic2024_test,7,default,0.5,1686090,88.07870336241969
clic2024_test--1e2f9d41529197f10d32bfa68a1e0bcc,clic2024_test,7,quantize,0.5,1699868,88.08911565015364
clic2024_test--1e2f9d41529197f10d32bfa68a1e0bcc,clic2024_test,7,smooth,0.5,1685232,88.07870336241969
clic2024_test--1e2f9d41529197f10d32bfa68a1e0bcc,clic2024_test,7,weighted,0.5,1685233,88.07870336241969
clic2024_test--1e2f9d41529197f10d32bfa68a1e0bcc,clic2024_test,7,both,0.699999988079,1411127,84.71563050488331
clic2024_test--1e2f9d41529197f10d32bfa68a1e0bcc,clic2024_test,7,default,0.699999988079,1398778,84.70254328552265
clic2024_test--1e2f9d41529197f10d32bfa68a1e0bcc,clic2024_test,7,quantize,0.699999988079,1411147,84.71496702639438
clic2024_test--1e2f9d41529197f10d32bfa68a1e0bcc,clic2024_test,7,smooth,0.699999988079,1398229,84.69831432355929
clic2024_test--1e2f9d41529197f10d32bfa68a1e0bcc,clic2024_test,7,weighted,0.699999988079,1398230,84.70254328552265
clic2024_test--1e2f9d41529197f10d32bfa68a1e0bcc,clic2024_test,7,both,1,1145345,80.00809053387313
clic2024_test--1e2f9d41529197f10d32bfa68a1e0bcc,clic2024_test,7,default,1,1133077,80.01359566127365
clic2024_test--1e2f9d41529197f10d32bfa68a1e0bcc,clic2024_test,7,quantize,1,1145344,80.01191410233702
clic2024_test--1e2f9d41529197f10d32bfa68a1e0bcc,clic2024_test,7,smooth,1,1132898,80.00737203932557
clic2024_test--1e2f9d41529197f10d32bfa68a1e0bcc,clic2024_test,7,weighted,1,1132897,80.01359566127365
clic2024_test--1e2f9d41529197f10d32bfa68a1e0bcc,clic2024_test,7,both,1.39999997616,914751,74.29035347980896
clic2024_test--1e2f9d41529197f10d32bfa68a1e0bcc,clic2024_test,7,default,1.39999997616,902697,74.21937613147112
clic2024_test--1e2f9d41529197f10d32bfa68a1e0bcc,clic2024_test,7,quantize,1.39999997616,914739,74.29221582058861
clic2024_test--1e2f9d41529197f10d32bfa68a1e0bcc,clic2024_test,7,smooth,1.39999997616,902785,74.21637997884964
clic2024_test--1e2f9d41529197f10d32bfa68a1e0bcc,clic2024_test,7,weighted,1.39999997616,902788,74.21937613147112
clic2024_test--1e2f9d41529197f10d32bfa68a1e0bcc,clic2024_test,7,both,2,697590,66.4133116815502
clic2024_test--1e2f9d41529197f10d32bfa68a1e0bcc,clic2024_test,7,default,2,686377,66.28019036564969
clic2024_test--1e2f9d41529197f10d32bfa68a1e0bcc,clic2024_test,7,quantize,2,697577,66.42196143703616
clic2024_test--1e2f9d41529197f10d32bfa68a1e0bcc,clic2024_test,7,smooth,2,686693,66.2802290209606
clic2024_test--1e2f9d41529197f10d32bfa68a1e0bcc,clic2024_test,7,weighted,2,686694,66.28019036564969
clic2024_test--4a18abf66d65ad1a95ce455c8b6cd8de,clic2024_test,3,both,0.5,1240895,87.64474464662398
clic2024_test--4a18abf66d65ad1a95ce455c8b6cd8de,clic2024_test,3,default,0.5,1230879,87.63475058719668
clic2024_test--4a18abf66d65ad1a95ce455c8b6cd8de,clic2024_test,3,quantize,0.5,1240896,87.67740734501142
clic2024_test--4a18abf66d65ad1a95ce455c8b6cd8de,clic2024_test,3,smooth,0.5,1228445,87.61131961529367
clic2024_test--4a18abf66d65ad1a95ce455c8b6cd8de,clic2024_test,3,weighted,0.5,1228446,87.63475058719668
clic2024_test--4a18abf66d65ad1a95ce455c8b6cd8de,clic2024_test,3,both,0.699999988079,1018688,84.10504641754449
clic2024_test--4a18abf66d65ad1a95ce455c8b6cd8de,clic2024_test,3,default,0.699999988079,1009303,84.13537962603999
clic2024_test--4a18abf66d65ad1a95ce455c8b6cd8de,clic2024_test,3,quantize,0.699999988079,1018689,84.1613434900167
clic2024_test--4a18abf66d65ad1a95ce455c8b6cd8de,clic2024_test,3,smooth,0.699999988079,1006559,84.11495315985458
clic2024_test--4a18abf66d65ad1a95ce455c8b6cd8de,clic2024_test,3,weighted,0.699999988079,1006560,84.13537962603999
clic2024_test--4a18abf66d65ad1a95ce455c8b6cd8de,clic2024_test,3,both,1,794251,78.54487830032521
clic2024_test--4a18abf66d65ad1a95ce455c8b6cd8de,clic2024_test,3,default,1,786179,78.46073024140455
clic2024_test--4a18abf66d65ad1a95ce455c8b6cd8de,clic2024_test,3,quantize,1,794252,78.58840248922246
clic2024_test--4a18abf66d65ad1a95ce455c8b6cd8de,clic2024_test,3,smooth,1,783497,78.4196881986768
clic2024_test--4a18abf66d65ad1a95ce455c8b6cd8de,clic2024_test,3,weighted,1,783498,78.46073024140455
clic2024_test--4a18abf66d65ad1a95ce455c8b6cd8de,clic2024_test,3,both,1.39999997616,599141,70.82748744593039
clic2024_test--4a18abf66d65ad1a95ce455c8b6cd8de,clic2024_test,3,default,1.39999997616,591147,70.7988047245047
clic2024_test--4a18abf66d65ad1a95ce455c8b6cd8de,clic2024_test,3,quantize,1.39999997616,599142,70.92169526777518
clic2024_test--4a18abf66d65ad1a95ce455c8b6cd8de,clic2024_test,3,smooth,1.39999997616,588442,70.70698471772873
clic2024_test--4a18abf66d65ad1a95ce455c8b6cd8de,clic2024_test,3,weighted,1.39999997616,588443,70.7988047245047
clic2024_test--4a18abf66d65ad1a95ce455c8b6cd8de,clic2024_test,3,both,2,416410,60.31034446566659
clic2024_test--4a18abf66d65ad1a95ce455c8b6cd8de,clic2024_test,3,default,2,408987,60.19521749324115
clic2024_test--4a18abf66d65ad1a95ce455c8b6cd8de,clic2024_test,3,quantize,2,416411,60.52162303119531
clic2024_test--4a18abf66d65ad1a95ce455c8b6cd8de,clic2024_test,3,smooth,2,406469,60.0799863927344
clic2024_test--4a18abf66d65ad1a95ce455c8b6cd8de,clic2024_test,3,weighted,2,406470,60.19521749324115
clic2024_test--4a18abf66d65ad1a95ce455c8b6cd8de,clic2024_test,4,both,0.5,1300930,88.44485690198806
clic2024_test--4a18abf66d65ad1a95ce455c8b6cd8de,clic2024_test,4,default,0.5,1291521,88.37979168381824
clic2024_test--4a18abf66d65ad1a95ce455c8b6cd8de,clic2024_test,4,quantize,0.5,1300944,88.47421663899468
clic2024_test--4a18abf66d65ad1a95ce455c8b6cd8de,clic2024_test,4,smooth,0.5,1289259,88.40911837338403
clic2024_test--4a18abf66d65ad1a95ce455c8b6cd8de,clic2024_test,4,weighted,0.5,1289227,88.37979168381824
clic2024_test--4a18abf66d65ad1a95ce455c8b6cd8de,clic2024_test,4,both,0.699999988079,1057231,85.0729159577493
clic2024_test--4a18abf66d65ad1a95ce455c8b6cd8de,clic2024_test,4,default,0.699999988079,1048206,85.02643143809946
clic2024_test--4a18abf66d65ad1a95ce455c8b6cd8de,clic2024_test,4,quantize,0.699999988079,1057061,85.08819510755742
clic2024_test--4a18abf66d65ad1a95ce455c8b6cd8de,clic2024_test,4,smooth,0.699999988079,1045480,84.96676940278297
clic2024_test--4a18abf66d65ad1a95ce455c8b6cd8de,clic2024_test,4,weighted,0.699999988079,1045427,85.02643143809946
clic2024_test--4a18abf66d65ad1a95ce455c8b6cd8de,clic2024_test,4,both,1,820046,79.52784175662903
clic2024_test--4a18abf66d65ad1a95ce455c8b6cd8de,clic2024_test,4,default,1,812265,79.50554483878642
clic2024_test--4a18abf66d65ad1a95ce455c8b6cd8de,clic2024_test,4,quantize,1,820020,79.58019556816922
clic2024_test--4a18abf66d65ad1a95ce455c8b6cd8de,clic2024_test,4,smooth,1,809537,79.48828203287951
clic2024_test--4a18abf66d65ad1a95ce455c8b6cd8de,clic2024_test,4,weighted,1,809565,79.50554483878642
clic2024_test--4a18abf66d65ad1a95ce455c8b6cd8de,clic2024_test,4,both,1.39999997616,613374,71.88794817305727
clic2024_test--4a18abf66d65ad1a95ce455c8b6cd8de,clic2024_test,4,default,1.39999997616,605160,71.7937311950878
clic2024_test--4a18abf66d65ad1a95ce455c8b6cd8de,clic2024_test,4,quantize,1.39999997616,613229,71.94135165167057
clic2024_test--4a18abf66d65ad1a95ce455c8b6cd8de,clic2024_test,4,smooth,1.39999997616,602482,71.70937036960142
clic2024_test--4a18abf66d65ad1a95ce455c8b6cd8de,clic2024_test,4,weighted,1.39999997616,602489,71.7937311950878
clic2024_test--4a18abf66d65ad1a95ce455c8b6cd8de,clic2024_test,4,both,2,417560,61.271942056233975
clic2024_test--4a18abf66d65ad1a95ce455c8b6cd8de,clic2024_test,4,default,2,410123,61.20328144684967
clic2024_test--4a18abf66d65ad1a95ce455c8b6cd8de,clic2024_test,4,quantize,2,417463,61.455077700208186
clic2024_test--4a18abf66d65ad1a95ce455c8b6cd8de,clic2024_test,4,smooth,2,407743,61.08910378359472
clic2024_test--4a18abf66d65ad1a95ce455c8b6cd8de,clic2024_test,4,weighted,2,407636,61.20328144684967
clic2024_test--4a18abf66d65ad1a95ce455c8b6cd8de,clic2024_test,7,both,0.5,1324102,88.67137070972481
clic2024_test--4a18abf66d65ad1a95ce455c8b6cd8de,clic2024_test,7,default,0.5,1314039,88.64792854713802
clic2024_test--4a18abf66d65ad1a95ce455c8b6cd8de,clic2024_test,7,quantize,0.5,1323920,88.73339393293817
clic2024_test--4a18abf66d65ad1a95ce455c8b6cd8de,clic2024_test,7,smooth,0.5,1311481,88.6615889691893
clic2024_test--4a18abf66d65ad1a95ce455c8b6cd8de,clic2024_test,7,weighted,0.5,1311367,88.64792854713802
clic2024_test--4a18abf66d65ad1a95ce455c8b6cd8de,clic2024_test,7,both,0.699999988079,1074112,85.50756944309835
clic2024_test--4a18abf66d65ad1a95ce455c8b6cd8de,clic2024_test,7,default,0.699999988079,1064673,85.41754507498695
clic2024_test--4a18abf66d65ad1a95ce455c8b6cd8de,clic2024_test,7,quantize,0.699999988079,1074149,85.50433542146496
clic2024_test--4a18abf66d65ad1a95ce455c8b6cd8de,clic2024_test,7,smooth,0.699999988079,1062052,85.41904007326707
clic2024_test--4a18abf66d65ad1a95ce455c8b6cd8de,clic2024_test,7,weighted,0.699999988079,1061893,85.41754507498695
clic2024_test--4a18abf66d65ad1a95ce455c8b6cd8de,clic2024_test,7,both,1,830519,80.27844134159143
clic2024_test--4a18abf66d65ad1a95ce455c8b6cd8de,clic2024_test,7,default,1,822456,80.13649782574947
clic2024_test--4a18abf66d65ad1a95ce455c8b6cd8de,clic2024_test,7,quantize,1,830005,80.2817984641195
clic2024_test--4a18abf66d65ad1a95ce455c8b6cd8de,clic2024_test,7,smooth,1,819879,80.1052043279219
clic2024_test--4a18abf66d65ad1a95ce455c8b6cd8de,clic2024_test,7,weighted,1,819784,80.13649782574947
clic2024_test--4a18abf66d65ad1a95ce455c8b6cd8de,clic2024_test,7,both,1.39999997616,615977,73.26166474522691
clic2024_test--4a18abf66d65ad1a95ce455c8b6cd8de,clic2024_test,7,default,1.39999997616,608128,73.24680556873612
clic2024_test--4a18abf66d65ad1a95ce455c8b6cd8de,clic2024_test,7,quantize,1.39999997616,615954,73.4339931207177
clic2024_test--4a18abf66d65ad1a95ce455c8b6cd8de,clic2024_test,7,smooth,1.39999997616,605663,73.09302205477339
clic2024_test--4a18abf66d65ad1a95ce455c8b6cd8de,clic2024_test,7,weighted,1.39999997616,605385,73.24680556873612
clic2024_test--4a18abf66d65ad1a95ce455c8b6cd8de,clic2024_test,7,both,2,402556,62.448756023965736
clic2024_test--4a18abf66d65ad1a95ce455c8b6cd8de,clic2024_test,7,default,2,395298,62.478057364040936
clic2024_test--4a18abf66d65ad1a95ce455c8b6cd8de,clic2024_test,7,quantize,2,402430,62.769670390118655
clic2024_test--4a18abf66d65ad1a95ce455c8b6cd8de,clic2024_test,7,smooth,2,392922,62.29678249079656
clic2024_test--4a18abf66d65ad1a95ce455c8b6cd8de,clic2024_test,7,weighted,2,392724,62.478057364040936
clic2024_test--8bb119b8ca17492392e1e3ea4b811b32,clic2024_test,3,both,0.5,846798,90.07930171555432
clic2024_test--8bb119b8ca17492392e1e3ea4b811b32,clic2024_test,3,default,0.5,840158,90.02306470344489
clic2024_test--8bb119b8ca17492392e1e3ea4b811b32,clic2024_test,3,quantize,0.5,846799,90.17131578647346
clic2024_test--8bb119b8ca17492392e1e3ea4b811b32,clic2024_test,3,smooth,0.5,836213,90.00556960948751
clic2024_test--8bb119b8ca17492392e1e3ea4b811b32,clic2024_test,3,weighted,0.5,836214,90.02306470344489
clic2024_test--8bb119b8ca17492392e1e3ea4b811b32,clic2024_test,3,both,0.699999988079,668186,88.43840795767926
clic2024_test--8bb119b8ca17492392e1e3ea4b811b32,clic2024_test,3,default,0.699999988079,661513,88.13478706077383
clic2024_test--8bb119b8ca17492392e1e3ea4b811b32,clic2024_test,3,quantize,0.699999988079,668187,88.47002220455339
clic2024_test--8bb119b8ca17492392e1e3ea4b811b32,clic2024_test,3,smooth,0.699999988079,658156,88.19676410201359
clic2024_test--8bb119b8ca17492392e1e3ea4b811b32,clic2024_test,3,weighted,0.699999988079,658157,88.13478706077383
clic2024_test--8bb119b8ca17492392e1e3ea4b811b32,clic2024_test,3,both,1,506151,85.71805003832117
clic2024_test--8bb119b8ca17492392e1e3ea4b811b32,clic2024_test,3,default,1,499029,85.44545650245969
clic2024_test--8bb119b8ca17492392e1e3ea4b811b32,clic2024_test,3,quantize,1,506152,85.91740916258816
clic2024_test--8bb119b8ca17492392e1e3ea4b811b32,clic2024_test,3,smooth,1,496467,85.48177990297474
clic2024_test--8bb119b8ca17492392e1e3ea4b811b32,clic2024_test,3,weighted,1,496468,85.44545650245969
clic2024_test--8bb119b8ca17492392e1e3ea4b811b32,clic2024_test,3,both,1.39999997616,375401,82.02907224236954
clic2024_test--8bb119b8ca17492392e1e3ea4b811b32,clic2024_test,3,default,1.39999997616,368007,81.51013508680101
clic2024_test--8bb119b8ca17492392e1e3ea4b811b32,clic2024_test,3,quantize,1.39999997616,375402,82.12056571145284
clic2024_test--8bb119b8ca17492392e1e3ea4b811b32,clic2024_test,3,smooth,1.39999997616,365398,81.48633944642563
clic2024_test--8bb119b8ca17492392e1e3ea4b811b32,clic2024_test,3,weighted,1.39999997616,365399,81.51013508680101
clic2024_test--8bb119b8ca17492392e1e3ea4b811b32,clic2024_test,3,both,2,261916,75.83386465786572
clic2024_test--8bb119b8ca17492392e1e3ea4b811b32,clic2024_test,3,default,2,255884,74.92491005283594
clic2024_test--8bb119b8ca17492392e1e3ea4b811b32,clic2024_test,3,quantize,2,261917,76.10116915117909
clic2024_test--8bb119b8ca17492392e1e3ea4b811b32,clic2024_test,3,smooth,2,253378,75.02675379177971
clic2024_test--8bb119b8ca17492392e1e3ea4b811b32,clic2024_test,3,weighted,2,253379,74.92491005283594
clic2024_test--8bb119b8ca17492392e1e3ea4b811b32,clic2024_test,4,both,0.5,830612,89.8590251004019
clic2024_test--8bb119b8ca17492392e1e3ea4b811b32,clic2024_test,4,default,0.5,824261,89.80253157833229
clic2024_test--8bb119b8ca17492392e1e3ea4b811b32,clic2024_test,4,quantize,0.5,830428,90.05493117546564
clic2024_test--8bb119b8ca17492392e1e3ea4b811b32,clic2024_test,4,smooth,0.5,820554,89.77560847009958
clic2024_test--8bb119b8ca17492392e1e3ea4b811b32,clic2024_test,4,weighted,0.5,820345,89.80253157833229
clic2024_test--8bb119b8ca17492392e1e3ea4b811b32,clic2024_test,4,both,0.699999988079,662818,88.36530309378581
clic2024_test--8bb119b8ca17492392e1e3ea4b811b32,clic2024_test,4,default,0.699999988079,656440,88.23871888691215
clic2024_test--8bb119b8ca17492392e1e3ea4b811b32,clic2024_test,4,quantize,0.699999988079,662678,88.38032901697991
clic2024_test--8bb119b8ca17492392e1e3ea4b811b32,clic2024_test,4,smooth,0.699999988079,653058,88.16542825656082
clic2024_test--8bb119b8ca17492392e1e3ea4b811b32,clic2024_test,4,weighted,0.699999988079,653041,88.23871888691215
clic2024_test--8bb119b8ca17492392e1e3ea4b811b32,clic2024_test,4,both,1,495805,85.6222044379919
clic2024_test--8bb119b8ca17492392e1e3ea4b811b32,clic2024_test,4,default,1,489238,85.27773850608851
clic2024_test--8bb119b8ca17492392e1e3ea4b811b32,clic2024_test,4,quantize,1,494307,85.51669194988133
clic2024_test--8bb119b8ca17492392e1e3ea4b811b32,clic2024_test,4,smooth,1,486693,85.26190201376794
clic2024_test--8bb119b8ca17492392e1e3ea4b811b32,clic2024_test,4,weighted,1,486678,85.27773850608851
clic2024_test--8bb119b8ca17492392e1e3ea4b811b32,clic2024_test,4,both,1.39999997616,357718,81.1993897985843
clic2024_test--8bb119b8ca17492392e1e3ea4b811b32,clic2024_test,4,default,1.39999997616,353215,80.82378943774295
clic2024_test--8bb119b8ca17492392e1e3ea4b811b32,clic2024_test,4,quantize,1.39999997616,358023,81.42643778471513
clic2024_test--8bb119b8ca17492392e1e3ea4b811b32,clic2024_test,4,smooth,1.39999997616,350329,80.75435242138363
clic2024_test--8bb119b8ca17492392e1e3ea4b811b32,clic2024_test,4,weighted,1.39999997616,350510,80.82378943774295
clic2024_test--8bb119b8ca17492392e1e3ea4b811b32,clic2024_test,4,both,2,244422,74.64738041393657
clic2024_test--8bb119b8ca17492392e1e3ea4b811b32,clic2024_test,4,default,2,240269,73.75878577735183
clic2024_test--8bb119b8ca17492392e1e3ea4b811b32,clic2024_test,4,quantize,2,243834,74.78012349147359
clic2024_test--8bb119b8ca17492392e1e3ea4b811b32,clic2024_test,4,smooth,2,237236,74.08241410751421
clic2024_test--8bb119b8ca17492392e1e3ea4b811b32,clic2024_test,4,weighted,2,237718,73.75878577735183
clic2024_test--8bb119b8ca17492392e1e3ea4b811b32,clic2024_test,7,both,0.5,831750,89.98518120341753
clic2024_test--8bb119b8ca17492392e1e3ea4b811b32,clic2024_test,7,default,0.5,825589,89.78192192931698
clic2024_test--8bb119b8ca17492392e1e3ea4b811b32,clic2024_test,7,quantize,0.5,830850,90.05837646900436
clic2024_test--8bb119b8ca17492392e1e3ea4b811b32,clic2024_test,7,smooth,0.5,821816,89.95041769592349
clic2024_test--8bb119b8ca17492392e1e3ea4b811b32,clic2024_test,7,weighted,0.5,821622,89.78192192931698
clic2024_test--8bb119b8ca17492392e1e3ea4b811b32,clic2024_test,7,both,0.699999988079,650405,88.3365632119411
clic2024_test--8bb119b8ca17492392e1e3ea4b811b32,clic2024_test,7,default,0.699999988079,643887,88.11658987146524
clic2024_test--8bb119b8ca17492392e1e3ea4b811b32,clic2024_test,7,quantize,0.699999988079,650536,88.27647612677208
clic2024_test--8bb119b8ca17492392e1e3ea4b811b32,clic2024_test,7,smooth,0.699999988079,641020,88.11929935861552
clic2024_test--8bb119b8ca17492392e1e3ea4b811b32,clic2024_test,7,weighted,0.699999988079,640477,88.11658987146524
clic2024_test--8bb119b8ca17492392e1e3ea4b811b32,clic2024_test,7,both,1,469870,85.38575837588107
clic2024_test--8bb119b8ca17492392e1e3ea4b811b32,clic2024_test,7,default,1,462741,84.9446492342323
clic2024_test--8bb119b8ca17492392e1e3ea4b811b32,clic2024_test,7,quantize,1,465932,85.30379316540548
clic2024_test--8bb119b8ca17492392e1e3ea4b811b32,clic2024_test,7,smooth,1,461265,85.18091263670863
clic2024_test--8bb119b8ca17492392e1e3ea4b811b32,clic2024_test,7,weighted,1,460100,84.9446492342323
clic2024_test--8bb119b8ca17492392e1e3ea4b811b32,clic2024_test,7,both,1.39999997616,323681,81.10563363168785
clic2024_test--8bb119b8ca17492392e1e3ea4b811b32,clic2024_test,7,default,1.39999997616,320073,80.72127778635935
clic2024_test--8bb119b8ca17492392e1e3ea4b811b32,clic2024_test,7,quantize,1.39999997616,321952,81.16211943217203
clic2024_test--8bb119b8ca17492392e1e3ea4b811b32,clic2024_test,7,smooth,1.39999997616,316310,80.6141236184239
clic2024_test--8bb119b8ca17492392e1e3ea4b811b32,clic2024_test,7,weighted,1.39999997616,316777,80.72127778635935
clic2024_test--8bb119b8ca17492392e1e3ea4b811b32,clic2024_test,7,both,2,218171,75.54188315077869
clic2024_test--8bb119b8ca17492392e1e3ea4b811b32,clic2024_test,7,default,2,214260,74.65241639020948
clic2024_test--8bb119b8ca17492392e1e3ea4b811b32,clic2024_test,7,quantize,2,218468,75.73808173416869
clic2024_test--8bb119b8ca17492392e1e3ea4b811b32,clic2024_test,7,smooth,2,210705,74.78741431133227
clic2024_test--8bb119b8ca17492392e1e3ea4b811b32,clic2024_test,7,weighted,2,211464,74.65241639020948
clic2024_test--b51d5fb537246482ef7a7ab63f093cab,clic2024_test,3,both,0.5,253936,93.19396688997716
clic2024_test--b51d5fb537246482ef7a7ab63f093cab,clic2024_test,3,default,0.5,252355,92.86704436584023
clic2024_test--b51d5fb537246482ef7a7ab63f093cab,clic2024_test,3,quantize,0.5,253937,93.28002748250817
clic2024_test--b51d5fb537246482ef7a7ab63f093cab,clic2024_test,3,smooth,0.5,246683,92.88606445382086
clic2024_test--b51d5fb537246482ef7a7ab63f093cab,clic2024_test,3,weighted,0.5,246684,92.86704436584023
clic2024_test--b51d5fb537246482ef7a7ab63f093cab,clic2024_test,3,both,0.699999988079,184285,91.5867556446247
clic2024_test--b51d5fb537246482ef7a7ab63f093cab,clic2024_test,3,default,0.699999988079,182924,91.08687103329902
clic2024_test--b51d5fb537246482ef7a7ab63f093cab,clic2024_test,3,quantize,0.699999988079,184286,91.73857148075845
clic2024_test--b51d5fb537246482ef7a7ab63f093cab,clic2024_test,3,smooth,0.699999988079,177476,91.0749161226639
clic2024_test--b51d5fb537246482ef7a7ab63f093cab,clic2024_test,3,weighted,0.699999988079,177477,91.08687103329902
clic2024_test--b51d5fb537246482ef7a7ab63f093cab,clic2024_test,3,both,1,136681,89.51773417589915
clic2024_test--b51d5fb537246482ef7a7ab63f093cab,clic2024_test,3,default,1,135178,88.93559169265484
clic2024_test--b51d5fb537246482ef7a7ab63f093cab,clic2024_test,3,quantize,1,136682,89.72575990314051
clic2024_test--b51d5fb537246482ef7a7ab63f093cab,clic2024_test,3,smooth,1,130252,88.9366759358511
clic2024_test--b51d5fb537246482ef7a7ab63f093cab,clic2024_test,3,weighted,1,130253,88.93559169265484
clic2024_test--b51d5fb537246482ef7a7ab63f093cab,clic2024_test,3,both,1.39999997616,103087,86.83469557124275
clic2024_test--b51d5fb537246482ef7a7ab63f093cab,clic2024_test,3,default,1.39999997616,101590,86.08327189474184
clic2024_test--b51d5fb537246482ef7a7ab63f093cab,clic2024_test,3,quantize,1.39999997616,103088,87.15432141294606
clic2024_test--b51d5fb537246482ef7a7ab63f093cab,clic2024_test,3,smooth,1.39999997616,97035,86.029154555911
clic2024_test--b51d5fb537246482ef7a7ab63f093cab,clic2024_test,3,weighted,1.39999997616,97036,86.08327189474184
clic2024_test--b51d5fb537246482ef7a7ab63f093cab,clic2024_test,3,both,2,76034,82.7226960525119
clic2024_test--b51d5fb537246482ef7a7ab63f093cab,clic2024_test,3,default,2,74974,81.42004843445119
clic2024_test--b51d5fb537246482ef7a7ab63f093cab,clic2024_test,3,quantize,2,76035,83.35289845361268
clic2024_test--b51d5fb537246482ef7a7ab63f093cab,clic2024_test,3,smooth,2,70727,81.56417726243481
clic2024_test--b51d5fb537246482ef7a7ab63f093cab,clic2024_test,3,weighted,2,70728,81.42004843445119
clic2024_test--b51d5fb537246482ef7a7ab63f093cab,clic2024_test,4,both,0.5,244074,92.9989155948837
clic2024_test--b51d5fb537246482ef7a7ab63f093cab,clic2024_test,4,default,0.5,242497,92.66139461295677
clic2024_test--b51d5fb537246482ef7a7ab63f093cab,clic2024_test,4,quantize,0.5,243883,93.06462799029174
clic2024_test--b51d5fb537246482ef7a7ab63f093cab,clic2024_test,4,smooth,0.5,236968,92.66725981797232
clic2024_test--b51d5fb537246482ef7a7ab63f093cab,clic2024_test,4,weighted,0.5,236828,92.66139461295677
clic2024_test--b51d5fb537246482ef7a7ab63f093cab,clic2024_test,4,both,0.699999988079,179802,91.35428636363999
clic2024_test--b51d5fb537246482ef7a7ab63f093cab,clic2024_test,4,default,0.699999988079,178213,90.82503725117601
clic2024_test--b51d5fb537246482ef7a7ab63f093cab,clic2024_test,4,quantize,0.699999988079,179711,91.43105513972124
clic2024_test--b51d5fb537246482ef7a7ab63f093cab,clic2024_test,4,smooth,0.699999988079,172844,90.8059124642426
clic2024_test--b51d5fb537246482ef7a7ab63f093cab,clic2024_test,4,weighted,0.699999988079,172819,90.82503725117601
clic2024_test--b51d5fb537246482ef7a7ab63f093cab,clic2024_test,4,both,1,131860,89.13046411052169
clic2024_test--b51d5fb537246482ef7a7ab63f093cab,clic2024_test,4,default,1,130151,88.62093357118975
clic2024_test--b51d5fb537246482ef7a7ab63f093cab,clic2024_test,4,quantize,1,131678,89.31400004718292
clic2024_test--b51d5fb537246482ef7a7ab63f093cab,clic2024_test,4,smooth,1,125261,88.59993319040962
clic2024_test--b51d5fb537246482ef7a7ab63f093cab,clic2024_test,4,weighted,1,125198,88.62093357118975
clic2024_test--b51d5fb537246482ef7a7ab63f093cab,clic2024_test,4,both,1.39999997616,98717,86.01450327763655
clic2024_test--b51d5fb537246482ef7a7ab63f093cab,clic2024_test,4,default,1.39999997616,97373,85.21587758582365
clic2024_test--b51d5fb537246482ef7a7ab63f093cab,clic2024_test,4,quantize,1.39999997616,98635,86.35487153656594
clic2024_test--b51d5fb537246482ef7a7ab63f093cab,clic2024_test,4,smooth,1.39999997616,92840,85.26429364895574
clic2024_test--b51d5fb537246482ef7a7ab63f093cab,clic2024_test,4,weighted,1.39999997616,92877,85.21587758582365
clic2024_test--b51d5fb537246482ef7a7ab63f093cab,clic2024_test,4,both,2,73577,81.63070342917607
clic2024_test--b51d5fb537246482ef7a7ab63f093cab,clic2024_test,4,default,2,72699,80.47265847724955
clic2024_test--b51d5fb537246482ef7a7ab63f093cab,clic2024_test,4,quantize,2,73303,82.16601446095932
clic2024_test--b51d5fb537246482ef7a7ab63f093cab,clic2024_test,4,smooth,2,68497,80.62174131553343
clic2024_test--b51d5fb537246482ef7a7ab63f093cab,clic2024_test,4,weighted,2,68479,80.47265847724955
clic2024_test--b51d5fb537246482ef7a7ab63f093cab,clic2024_test,7,both,0.5,222859,93.00947662100808
clic2024_test--b51d5fb537246482ef7a7ab63f093cab,clic2024_test,7,default,0.5,221491,92.71643350459794
clic2024_test--b51d5fb537246482ef7a7ab63f093cab,clic2024_test,7,quantize,0.5,222660,93.07075903117845
clic2024_test--b51d5fb537246482ef7a7ab63f093cab,clic2024_test,7,smooth,0.5,215756,92.6272065987691
clic2024_test--b51d5fb537246482ef7a7ab63f093cab,clic2024_test,7,weighted,0.5,215561,92.71643350459794
clic2024_test--b51d5fb537246482ef7a7ab63f093cab,clic2024_test,7,both,0.699999988079,163379,91.60451378668927
clic2024_test--b51d5fb537246482ef7a7ab63f093cab,clic2024_test,7,default,0.699999988079,162595,91.14121330142693
clic2024_test--b51d5fb537246482ef7a7ab63f093cab,clic2024_test,7,quantize,0.699999988079,162975,91.72754285233653
clic2024_test--b51d5fb537246482ef7a7ab63f093cab,clic2024_test,7,smooth,0.699999988079,157104,91.11364809378621
clic2024_test--b51d5fb537246482ef7a7ab63f093cab,clic2024_test,7,weighted,0.699999988079,156989,91.14121330142693
clic2024_test--b51d5fb537246482ef7a7ab63f093cab,clic2024_test,7,both,1,116325,89.31147612711013
clic2024_test--b51d5fb537246482ef7a7ab63f093cab,clic2024_test,7,default,1,115216,88.70658534348208
clic2024_test--b51d5fb537246482ef7a7ab63f093cab,clic2024_test,7,quantize,1,115864,89.58564248015175
clic2024_test--b51d5fb537246482ef7a7ab63f093cab,clic2024_test,7,smooth,1,110569,88.65430329433428
clic2024_test--b51d5fb537246482ef7a7ab63f093cab,clic2024_test,7,weighted,1,110117,88.70658534348208
clic2024_test--b51d5fb537246482ef7a7ab63f093cab,clic2024_test,7,both,1.39999997616,86551,86.62305582272654
clic2024_test--b51d5fb537246482ef7a7ab63f093cab,clic2024_test,7,default,1.39999997616,85420,85.6082743101996
clic2024_test--b51d5fb537246482ef7a7ab63f093cab,clic2024_test,7,quantize,1.39999997616,85679,86.97194391403039
clic2024_test--b51d5fb537246482ef7a7ab63f093cab,clic2024_test,7,smooth,1.39999997616,80880,85.74212832008666
clic2024_test--b51d5fb537246482ef7a7ab63f093cab,clic2024_test,7,weighted,1.39999997616,80760,85.6082743101996
clic2024_test--b51d5fb537246482ef7a7ab63f093cab,clic2024_test,7,both,2,64944,82.92301668206868
clic2024_test--b51d5fb537246482ef7a7ab63f093cab,clic2024_test,7,default,2,63993,81.67878027078432
clic2024_test--b51d5fb537246482ef7a7ab63f093cab,clic2024_test,7,quantize,2,64256,83.40701867994669
clic2024_test--b51d5fb537246482ef7a7ab63f093cab,clic2024_test,7,smooth,2,59734,81.84960410562212
clic2024_test--b51d5fb537246482ef7a7ab63f093cab,clic2024_test,7,weighted,2,59568,81.67878027078432
clic2024_test--ef576c4ed599d75d72145a8f34b58ccb,clic2024_test,3,both,0.5,786387,89.62969377767222
clic2024_test--ef576c4ed599d75d72145a8f34b58ccb,clic2024_test,3,default,0.5,782998,89.58803778108006
clic2024_test--ef576c4ed599d75d72145a8f34b58ccb,clic2024_test,3,quantize,0.5,786388,89.62395315521408
clic2024_test--ef576c4ed599d75d72145a8f34b58ccb,clic2024_test,3,smooth,0.5,777033,89.59555079552372
clic2024_test--ef576c4ed599d75d72145a8f34b58ccb,clic2024_test,3,weighted,0.5,777034,89.58803778108006
clic2024_test--ef576c4ed599d75d72145a8f34b58ccb,clic2024_test,3,both,0.699999988079,620406,86.49115846435261
clic2024_test--ef576c4ed599d75d72145a8f34b58ccb,clic2024_test,3,default,0.699999988079,617375,86.42394630710152
clic2024_test--ef576c4ed599d75d72145a8f34b58ccb,clic2024_test,3,quantize,0.699999988079,620407,86.53656995186387
clic2024_test--ef576c4ed599d75d72145a8f34b58ccb,clic2024_test,3,smooth,0.699999988079,611582,86.38571461994152
clic2024_test--ef576c4ed599d75d72145a8f34b58ccb,clic2024_test,3,weighted,0.699999988079,611583,86.42394630710152
clic2024_test--ef576c4ed599d75d72145a8f34b58ccb,clic2024_test,3,both,1,461385,81.64430512455877
clic2024_test--ef576c4ed599d75d72145a8f34b58ccb,clic2024_test,3,default,1,458560,81.55936676713095
clic2024_test--ef576c4ed599d75d72145a8f34b58ccb,clic2024_test,3,quantize,1,461386,81.67951628414937
clic2024_test--ef576c4ed599d75d72145a8f34b58ccb,clic2024_test,3,smooth,1,453055,81.54389770899895
clic2024_test--ef576c4ed599d75d72145a8f34b58ccb,clic2024_test,3,weighted,1,453056,81.55936676713095
clic2024_test--ef576c4ed599d75d72145a8f34b58ccb,clic2024_test,3,both,1.39999997616,338171,76.49476363316415
clic2024_test--ef576c4ed599d75d72145a8f34b58ccb,clic2024_test,3,default,1.39999997616,335286,76.42534989949331
clic2024_test--ef576c4ed599d75d72145a8f34b58ccb,clic2024_test,3,quantize,1.39999997616,338172,76.59078267996897
clic2024_test--ef576c4ed599d75d72145a8f34b58ccb,clic2024_test,3,smooth,1.39999997616,330101,76.40328322356282
clic2024_test--ef576c4ed599d75d72145a8f34b58ccb,clic2024_test,3,weighted,1.39999997616,330102,76.42534989949331
clic2024_test--ef576c4ed599d75d72145a8f34b58ccb,clic2024_test,3,both,2,238452,70.39578109891481
clic2024_test--ef576c4ed599d75d72145a8f34b58ccb,clic2024_test,3,default,2,235549,70.25094769718528
clic2024_test--ef576c4ed599d75d72145a8f34b58ccb,clic2024_test,3,quantize,2,238453,70.56390467652173
clic2024_test--ef576c4ed599d75d72145a8f34b58ccb,clic2024_test,3,smooth,2,230631,70.19033802230217
clic2024_test--ef576c4ed599d75d72145a8f34b58ccb,clic2024_test,3,weighted,2,230632,70.25094769718528
clic2024_test--ef576c4ed599d75d72145a8f34b58ccb,clic2024_test,4,both,0.5,802046,90.02088067868705
clic2024_test--ef576c4ed599d75d72145a8f34b58ccb,clic2024_test,4,default,0.5,798565,89.99420129202866
clic2024_test--ef576c4ed599d75d72145a8f34b58ccb,clic2024_test,4,quantize,0.5,801962,90.05457782306283
clic2024_test--ef576c4ed599d75d72145a8f34b58ccb,clic2024_test,4,smooth,0.5,792626,89.9947016323131
clic2024_test--ef576c4ed599d75d72145a8f34b58ccb,clic2024_test,4,weighted,0.5,792590,89.99420129202866
clic2024_test--ef576c4ed599d75d72145a8f34b58ccb,clic2024_test,4,both,0.699999988079,626858,86.79462716282806
clic2024_test--ef576c4ed599d75d72145a8f34b58ccb,clic2024_test,4,default,0.699999988079,623894,86.759448538029
clic2024_test--ef576c4ed599d75d72145a8f34b58ccb,clic2024_test,4,quantize,0.699999988079,626677,86.84050953438437
clic2024_test--ef576c4ed599d75d72145a8f34b58ccb,clic2024_test,4,smooth,0.699999988079,618131,86.75008140907998
clic2024_test--ef576c4ed599d75d72145a8f34b58ccb,clic2024_test,4,weighted,0.699999988079,618132,86.759448538029
clic2024_test--ef576c4ed599d75d72145a8f34b58ccb,clic2024_test,4,both,1,458827,81.8745498834115
clic2024_test--ef576c4ed599d75d72145a8f34b58ccb,clic2024_test,4,default,1,456026,81.7754883348659
clic2024_test--ef576c4ed599d75d72145a8f34b58ccb,clic2024_test,4,quantize,1,458744,81.92665287464634
clic2024_test--ef576c4ed599d75d72145a8f34b58ccb,clic2024_test,4,smooth,1,450526,81.74970467086531
clic2024_test--ef576c4ed599d75d72145a8f34b58ccb,clic2024_test,4,weighted,1,450533,81.7754883348659
clic2024_test--ef576c4ed599d75d72145a8f34b58ccb,clic2024_test,4,both,1.39999997616,324859,76.12476908186756
clic2024_test--ef576c4ed599d75d72145a8f34b58ccb,clic2024_test,4,default,1.39999997616,321923,76.08136753922608
clic2024_test--ef576c4ed599d75d72145a8f34b58ccb,clic2024_test,4,quantize,1.39999997616,324825,76.22698414944686
clic2024_test--ef576c4ed599d75d72145a8f34b58ccb,clic2024_test,4,smooth,1.39999997616,316745,76.04016767559419
clic2024_test--ef576c4ed599d75d72145a8f34b58ccb,clic2024_test,4,weighted,1.39999997616,316716,76.08136753922608
clic2024_test--ef576c4ed599d75d72145a8f34b58ccb,clic2024_test,4,both,2,224147,69.34067565310495
clic2024_test--ef576c4ed599d75d72145a8f34b58ccb,clic2024_test,4,default,2,221117,69.17847041765249
clic2024_test--ef576c4ed599d75d72145a8f34b58ccb,clic2024_test,4,quantize,2,224164,69.5249386422592
clic2024_test--ef576c4ed599d75d72145a8f34b58ccb,clic2024_test,4,smooth,2,216279,69.11470462786723
clic2024_test--ef576c4ed599d75d72145a8f34b58ccb,clic2024_test,4,weighted,2,216286,69.17847041765249
clic2024_test--ef576c4ed599d75d72145a8f34b58ccb,clic2024_test,7,both,0.5,806398,90.28984530997569
clic2024_test--ef576c4ed599d75d72145a8f34b58ccb,clic2024_test,7,default,0.5,802781,90.30891457862313
clic2024_test--ef576c4ed599d75d72145a8f34b58ccb,clic2024_test,7,quantize,0.5,806053,90.33092305562396
clic2024_test--ef576c4ed599d75d72145a8f34b58ccb,clic2024_test,7,smooth,0.5,796973,90.25431578379141
clic2024_test--ef576c4ed599d75d72145a8f34b58ccb,clic2024_test,7,weighted,0.5,796740,90.30891457862313
clic2024_test--ef576c4ed599d75d72145a8f34b58ccb,clic2024_test,7,both,0.699999988079,624280,87.32334702980573
clic2024_test--ef576c4ed599d75d72145a8f34b58ccb,clic2024_test,7,default,0.699999988079,621511,87.28059525777891
clic2024_test--ef576c4ed599d75d72145a8f34b58ccb,clic2024_test,7,quantize,0.699999988079,624063,87.36051384154828
clic2024_test--ef576c4ed599d75d72145a8f34b58ccb,clic2024_test,7,smooth,0.699999988079,615881,87.30465095618891
clic2024_test--ef576c4ed599d75d72145a8f34b58ccb,clic2024_test,7,weighted,0.699999988079,615708,87.28059525777891
clic2024_test--ef576c4ed599d75d72145a8f34b58ccb,clic2024_test,7,both,1,445488,82.50931687045518
clic2024_test--ef576c4ed599d75d72145a8f34b58ccb,clic2024_test,7,default,1,442857,82.44150146455608
clic2024_test--ef576c4ed599d75d72145a8f34b58ccb,clic2024_test,7,quantize,1,445547,82.54895380538372
clic2024_test--ef576c4ed599d75d72145a8f34b58ccb,clic2024_test,7,smooth,1,437159,82.3684231503882
clic2024_test--ef576c4ed599d75d72145a8f34b58ccb,clic2024_test,7,weighted,1,437271,82.44150146455608
clic2024_test--ef576c4ed599d75d72145a8f34b58ccb,clic2024_test,7,both,1.39999997616,307425,77.38980090330546
clic2024_test--ef576c4ed599d75d72145a8f34b58ccb,clic2024_test,7,default,1.39999997616,304667,77.22240487712968
clic2024_test--ef576c4ed599d75d72145a8f34b58ccb,clic2024_test,7,quantize,1.39999997616,307314,77.47306732488806
clic2024_test--ef576c4ed599d75d72145a8f34b58ccb,clic2024_test,7,smooth,1.39999997616,299410,77.22718998292618
clic2024_test--ef576c4ed599d75d72145a8f34b58ccb,clic2024_test,7,weighted,1.39999997616,299326,77.22240487712968
clic2024_test--ef576c4ed599d75d72145a8f34b58ccb,clic2024_test,7,both,2,210153,72.26497794204691
clic2024_test--ef576c4ed599d75d72145a8f34b58ccb,clic2024_test,7,default,2,207388,71.84519307172593
clic2024_test--ef576c4ed599d75d72145a8f34b58ccb,clic2024_test,7,quantize,2,210084,72.44711818161935
clic2024_test--ef576c4ed599d75d72145a8f34b58ccb,clic2024_test,7,smooth,2,202328,71.82741448709888
clic2024_test--ef576c4ed599d75d72145a8f34b58ccb,clic2024_test,7,weighted,2,202297,71.84519307172593
kodak--01,kodak,3,both,0.5,178924,91.22760341141829
kodak--01,kodak,3,default,0.5,176891,91.16213116242776
kodak--01,kodak,3,quantize,0.5,178925,91.21182842017464
kodak--01,kodak,3,smooth,0.5,177374,91.16707029071686
kodak--01,kodak,3,weighted,0.5,177375,91.16213116242776
kodak--01,kodak,3,both,0.699999988079,151094,88.99979985818548
kodak--01,kodak,3,default,0.699999988079,149072,88.83930214920885
kodak--01,kodak,3,quantize,0.699999988079,151095,89.03126003467982
kodak--01,kodak,3,smooth,0.699999988079,149524,88.83471641502099
kodak--01,kodak,3,weighted,0.699999988079,149525,88.83930214920885
kodak--01,kodak,3,both,1,123841,85.44487270205306
kodak--01,kodak,3,default,1,121836,85.19936808844301
kodak--01,kodak,3,quantize,1,123842,85.45870578003756
kodak--01,kodak,3,smooth,1,122319,85.2246542176546
kodak--01,kodak,3,weighted,1,122320,85.19936808844301
kodak--01,kodak,3,both,1.39999997616,100394,80.81788159843212
kodak--01,kodak,3,default,1.39999997616,98441,80.46188783029197
kodak--01,kodak,3,quantize,1.39999997616,100395,80.80930243407924
kodak--01,kodak,3,smooth,1.39999997616,98901,80.44819444001266
kodak--01,kodak,3,weighted,1.39999997616,98902,80.46188783029197
kodak--01,kodak,3,both,2,77242,73.50616217084877
kodak--01,kodak,3,default,2,75282,73.07022342586664
kodak--01,kodak,3,quantize,2,77243,73.54324340836959
kodak--01,kodak,3,smooth,2,75714,73.06971628357559
kodak--01,kodak,3,weighted,2,75715,73.07022342586664
kodak--01,kodak,4,both,0.5,177425,91.23524817964055
kodak--01,kodak,4,default,0.5,175443,91.19674315996183
kodak--01,kodak,4,quantize,0.5,177434,91.19440543867465
kodak--01,kodak,4,smooth,0.5,175929,91.21266753637657
kodak--01,kodak,4,weighted,0.5,175930,91.19674315996183
kodak--01,kodak,4,both,0.699999988079,149212,88.89306034706316
kodak--01,kodak,4,default,0.699999988079,147150,88.74067963800096
kodak--01,kodak,4,quantize,0.699999988079,149213,88.8906373624084
kodak--01,kodak,4,smooth,0.699999988079,147611,88.74471211784262
kodak--01,kodak,4,weighted,0.699999988079,147606,88.74067963800096
kodak--01,kodak,4,both,1,121364,85.42473465406252
kodak--01,kodak,4,default,1,119386,85.17228447370314
kodak--01,kodak,4,quantize,1,121361,85.4273136355855
kodak--01,kodak,4,smooth,1,119855,85.24392625471702
kodak--01,kodak,4,weighted,1,119850,85.17228447370314
kodak--01,kodak,4,both,1.39999997616,97560,80.28696000289699
kodak--01,kodak,4,default,1.39999997616,95587,79.88841097320818
kodak--01,kodak,4,quantize,1.39999997616,97564,80.44554072176011
kodak--01,kodak,4,smooth,1.39999997616,96058,79.90520091559483
kodak--01,kodak,4,weighted,1.39999997616,96053,79.88841097320818
kodak--01,kodak,4,both,2,74210,72.83738650720419
kodak--01,kodak,4,default,2,72257,72.4245745895474
kodak--01,kodak,4,quantize,2,74214,72.84868048854013
kodak--01,kodak,4,smooth,2,72711,72.39372270404773
kodak--01,kodak,4,weighted,2,72695,72.4245745895474
kodak--01,kodak,7,both,0.5,177885,91.18427439367466
kodak--01,kodak,7,default,0.5,175702,91.15423231883017
kodak--01,kodak,7,quantize,0.5,177888,91.20413192561897
kodak--01,kodak,7,smooth,0.5,176214,91.19177041398294
kodak--01,kodak,7,weighted,0.5,176210,91.15423231883017
kodak--01,kodak,7,both,0.699999988079,149036,88.86754997223903
kodak--01,kodak,7,default,0.699999988079,147043,88.71950458592224
kodak--01,kodak,7,quantize,0.699999988079,149037,88.86351677917268
kodak--01,kodak,7,smooth,0.699999988079,147528,88.71421289100456
kodak--01,kodak,7,weighted,0.699999988079,147526,88.71950458592224
kodak--01,kodak,7,both,1,120703,85.36796852407079
kodak--01,kodak,7,default,1,118703,85.24625336083405
kodak--01,kodak,7,quantize,1,120736,85.437225502506
kodak--01,kodak,7,smooth,1,119213,85.2439377520314
kodak--01,kodak,7,weighted,1,119166,85.24625336083405
kodak--01,kodak,7,both,1.39999997616,96257,80.49712167418595
kodak--01,kodak,7,default,1.39999997616,94235,79.98429336787208
kodak--01,kodak,7,quantize,1.39999997616,96250,80.50226137898154
kodak--01,kodak,7,smooth,1.39999997616,94693,79.97111804438131
kodak--01,kodak,7,weighted,1.39999997616,94686,79.98429336787208
kodak--01,kodak,7,both,2,72136,72.9947665927083
kodak--01,kodak,7,default,2,70243,72.55192648190136
kodak--01,kodak,7,quantize,2,72174,73.02287788942016
kodak--01,kodak,7,smooth,2,70641,72.55387889376101
kodak--01,kodak,7,weighted,2,70672,72.55192648190136
kodak--06,kodak,3,both,0.5,146544,90.6873280525879
kodak--06,kodak,3,default,0.5,145470,90.67779497769395
kodak--06,kodak,3,quantize,0.5,146545,90.79094534271697
kodak--06,kodak,3,smooth,0.5,145058,90.72254131146592
kodak--06,kodak,3,weighted,0.5,145059,90.67779497769395
kodak--06,kodak,3,both,0.699999988079,120909,88.52844526036094
kodak--06,kodak,3,default,0.699999988079,119741,88.3905217365225
kodak--06,kodak,3,quantize,0.699999988079,120910,88.52524246691581
kodak--06,kodak,3,smooth,0.699999988079,119405,88.45319609431111
kodak--06,kodak,3,weighted,0.699999988079,119406,88.3905217365225
kodak--06,kodak,3,both,1,96546,84.94694313496849
kodak--06,kodak,3,default,1,95348,84.68267054424877
kodak--06,kodak,3,quantize,1,96547,85.00208948935797
kodak--06,kodak,3,smooth,1,95112,84.67074716114466
kodak--06,kodak,3,weighted,1,95113,84.68267054424877
kodak--06,kodak,3,both,1.39999997616,76949,80.21547891026376
kodak--06,kodak,3,default,1.39999997616,75802,79.86794393895191
kodak--06,kodak,3,quantize,1.39999997616,76950,80.26068656193496
kodak--06,kodak,3,smooth,1.39999997616,75565,79.82385617877135
kodak--06,kodak,3,weighted,1.39999997616,75566,79.86794393895191
kodak--06,kodak,3,both,2,59066,72.70467850706567
kodak--06,kodak,3,default,2,57936,72.16992198314242
kodak--06,kodak,3,quantize,2,59067,72.80993406424346
kodak--06,kodak,3,smooth,2,57720,72.1549590123614
kodak--06,kodak,3,weighted,2,57721,72.16992198314242
kodak--06,kodak,4,both,0.5,146261,90.62787238548572
kodak--06,kodak,4,default,0.5,145217,90.66365939832045
kodak--06,kodak,4,quantize,0.5,146227,90.59593509830268
kodak--06,kodak,4,smooth,0.5,144780,90.6114461299531
kodak--06,kodak,4,weighted,0.5,144806,90.66365939832045
kodak--06,kodak,4,both,0.699999988079,119477,88.48580315424647
kodak--06,kodak,4,default,0.699999988079,118348,88.38418945766412
kodak--06,kodak,4,quantize,0.699999988079,119452,88.44640880586337
kodak--06,kodak,4,smooth,0.699999988079,117982,88.35545181998242
kodak--06,kodak,4,weighted,0.699999988079,118016,88.38418945766412
kodak--06,kodak,4,both,1,94118,84.68620590767107
kodak--06,kodak,4,default,1,92954,84.40597920445934
kodak--06,kodak,4,quantize,1,94091,84.64702218730453
kodak--06,kodak,4,smooth,1,92709,84.3809871734544
kodak--06,kodak,4,weighted,1,92726,84.40597920445934
kodak--06,kodak,4,both,1.39999997616,74181,79.56429852339063
kodak--06,kodak,4,default,1.39999997616,73055,79.09927633753125
kodak--06,kodak,4,quantize,1.39999997616,74183,79.58614316282589
kodak--06,kodak,4,smooth,1.39999997616,72802,79.11997498735106
kodak--06,kodak,4,weighted,1.39999997616,72810,79.09927633753125
kodak--06,kodak,4,both,2,56444,71.62147430476689
kodak--06,kodak,4,default,2,55333,71.00495142694366
kodak--06,kodak,4,quantize,2,56447,71.65314689753073
kodak--06,kodak,4,smooth,2,55138,71.09225821777495
kodak--06,kodak,4,weighted,2,55114,71.00495142694366
kodak--06,kodak,7,both,0.5,145197,90.8088770091477
kodak--06,kodak,7,default,0.5,144126,90.7543495515154
kodak--06,kodak,7,quantize,0.5,145146,90.78469576513695
kodak--06,kodak,7,smooth,0.5,143830,90.76316129772778
kodak--06,kodak,7,weighted,0.5,143716,90.7543495515154
kodak--06,kodak,7,both,0.699999988079,118190,88.63949268104288
kodak--06,kodak,7,default,0.699999988079,117028,88.35508583453748
kodak--06,kodak,7,quantize,0.699999988079,118101,88.6909456410771
kodak--06,kodak,7,smooth,0.699999988079,116743,88.45462504593824
kodak--06,kodak,7,weighted,0.699999988079,116761,88.35508583453748
kodak--06,kodak,7,both,1,93390,84.89164352296996
kodak--06,kodak,7,default,1,92094,84.54019873658046
kodak--06,kodak,7,quantize,1,93359,84.89609982442776
kodak--06,kodak,7,smooth,1,91904,84.64018703338704
kodak--06,kodak,7,weighted,1,91837,84.54019873658046
kodak--06,kodak,7,both,1.39999997616,73358,79.8258985038144
kodak--06,kodak,7,default,1.39999997616,72033,79.28448976040599
kodak--06,kodak,7,quantize,1.39999997616,73288,79.91229465036545
kodak--06,kodak,7,smooth,1.39999997616,71867,79.39933976682833
kodak--06,kodak,7,weighted,1.39999997616,71808,79.28448976040599
kodak--06,kodak,7,both,2,54843,72.65144927620118
kodak--06,kodak,7,default,2,53919,72.2612161799726
kodak--06,kodak,7,quantize,2,54757,72.7720247695695
kodak--06,kodak,7,smooth,2,53766,72.3951388228935
kodak--06,kodak,7,weighted,2,53702,72.2612161799726
kodak--10,kodak,3,both,0.5,143606,92.1477454713438
kodak--10,kodak,3,default,0.5,142551,92.08706648944937
kodak--10,kodak,3,quantize,0.5,143607,92.1255934413459
kodak--10,kodak,3,smooth,0.5,142089,92.08903389698396
kodak--10,kodak,3,weighted,0.5,142090,92.08706648944937
kodak--10,kodak,3,both,0.699999988079,114415,90.19843198084025
kodak--10,kodak,3,default,0.699999988079,113344,90.1102522308999
kodak--10,kodak,3,quantize,0.699999988079,114416,90.26115377417531
kodak--10,kodak,3,smooth,0.699999988079,112913,90.08120162054847
kodak--10,kodak,3,weighted,0.699999988079,112914,90.1102522308999
kodak--10,kodak,3,both,1,86295,86.94102145855076
kodak--10,kodak,3,default,1,85216,86.84073780544351
kodak--10,kodak,3,quantize,1,86296,86.98828179164364
kodak--10,kodak,3,smooth,1,84859,86.8458842347916
kodak--10,kodak,3,weighted,1,84860,86.84073780544351
kodak--10,kodak,3,both,1.39999997616,64408,83.50956211894282
kodak--10,kodak,3,default,1.39999997616,63342,83.26228824704013
kodak--10,kodak,3,quantize,1.39999997616,64409,83.59909574066357
kodak--10,kodak,3,smooth,1.39999997616,63009,83.23089841024817
kodak--10,kodak,3,weighted,1.39999997616,63010,83.26228824704013
kodak--10,kodak,3,both,2,47746,78.93053871663622
kodak--10,kodak,3,default,2,46708,78.72037953886522
kodak--10,kodak,3,quantize,2,47747,79.13024644862244
kodak--10,kodak,3,smooth,2,46409,78.63147270548946
kodak--10,kodak,3,weighted,2,46410,78.72037953886522
kodak--10,kodak,4,both,0.5,141789,92.02729350691014
kodak--10,kodak,4,default,0.5,140836,92.05797867312987
kodak--10,kodak,4,quantize,0.5,141797,92.05689715557114
kodak--10,kodak,4,smooth,0.5,140419,91.93706597625078
kodak--10,kodak,4,weighted,0.5,140374,92.05797867312987
kodak--10,kodak,4,both,0.699999988079,112242,90.05194734302052
kodak--10,kodak,4,default,0.699999988079,111103,89.90782387087643
kodak--10,kodak,4,quantize,0.699999988079,112179,90.09353138977325
kodak--10,kodak,4,smooth,0.699999988079,110705,89.86927204647067
kodak--10,kodak,4,weighted,0.699999988079,110675,89.90782387087643
kodak--10,kodak,4,both,1,83527,86.88186565649565
kodak--10,kodak,4,default,1,82520,86.78419460620213
kodak--10,kodak,4,quantize,1,83502,86.96878797896777
kodak--10,kodak,4,smooth,1,82200,86.69858310073086
kodak--10,kodak,4,weighted,1,82147,86.78419460620213
kodak--10,kodak,4,both,1.39999997616,61462,83.1423814028266
kodak--10,kodak,4,default,1.39999997616,60378,82.92414643212996
kodak--10,kodak,4,quantize,1.39999997616,61422,83.32598859486382
kodak--10,kodak,4,smooth,1.39999997616,60070,82.93280871356806
kodak--10,kodak,4,weighted,1.39999997616,60044,82.92414643212996
kodak--10,kodak,4,both,2,44399,77.72657245750655
kodak--10,kodak,4,default,2,43378,77.5828681834485
kodak--10,kodak,4,quantize,2,44379,78.08699200933613
kodak--10,kodak,4,smooth,2,43099,77.38566451306961
kodak--10,kodak,4,weighted,2,43104,77.5828681834485
kodak--10,kodak,7,both,0.5,141097,92.08394516590799
kodak--10,kodak,7,default,0.5,139996,91.96776684433357
kodak--10,kodak,7,quantize,0.5,141011,91.98123106645062
kodak--10,kodak,7,smooth,0.5,139575,91.98008906417772
kodak--10,kodak,7,weighted,0.5,139546,91.96776684433357
kodak--10,kodak,7,both,0.699999988079,108401,89.97312495500336
kodak--10,kodak,7,default,0.699999988079,107245,89.80368722645044
kodak--10,kodak,7,quantize,0.699999988079,108344,89.97936574571256
kodak--10,kodak,7,smooth,0.699999988079,106837,89.78862582773752
kodak--10,kodak,7,weighted,0.699999988079,106817,89.80368722645044
kodak--10,kodak,7,both,1,77335,86.71128497525416
kodak--10,kodak,7,default,1,76294,86.60928001811394
kodak--10,kodak,7,quantize,1,77032,86.65745781727807
kodak--10,kodak,7,smooth,1,75818,86.57678142415784
kodak--10,kodak,7,weighted,1,75895,86.60928001811394
kodak--10,kodak,7,both,1.39999997616,56036,83.23394962919454
kodak--10,kodak,7,default,1.39999997616,54896,82.87074977468228
kodak--10,kodak,7,quantize,1.39999997616,55963,83.39412859112873
kodak--10,kodak,7,smooth,1.39999997616,54555,82.8217867195252
kodak--10,kodak,7,weighted,1.39999997616,54557,82.87074977468228
kodak--10,kodak,7,both,2,40853,78.57305108395259
kodak--10,kodak,7,default,2,39965,78.26910134600739
kodak--10,kodak,7,quantize,2,40808,78.7196427833139
kodak--10,kodak,7,smooth,2,39639,78.01790213480751
kodak--10,kodak,7,weighted,2,39646,78.26910134600739
kodak--15,kodak,3,both,0.5,121953,90.81208179546809
kodak--15,kodak,3,default,0.5,121462,90.65400822693636
kodak--15,kodak,3,quantize,0.5,121954,90.78345542290747
kodak--15,kodak,3,smooth,0.5,120414,90.57258909028187
kodak--15,kodak,3,weighted,0.5,120415,90.65400822693636
kodak--15,kodak,3,both,0.699999988079,97633,88.68490883403908
kodak--15,kodak,3,default,0.699999988079,97148,88.4940935810586
kodak--15,kodak,3,quantize,0.699999988079,97634,88.69523946077402
kodak--15,kodak,3,smooth,0.699999988079,96199,88.39994846675262
kodak--15,kodak,3,weighted,0.699999988079,96200,88.4940935810586
kodak--15,kodak,3,both,1,75648,85.56003545855245
kodak--15,kodak,3,default,1,75240,85.2946057676449
kodak--15,kodak,3,quantize,1,75649,85.6567031525423
kodak--15,kodak,3,smooth,1,74299,85.2724284534955
kodak--15,kodak,3,weighted,1,74300,85.2946057676449
kodak--15,kodak,3,both,1.39999997616,57985,80.92364830078395
kodak--15,kodak,3,default,1.39999997616,57524,80.68083902384923
kodak--15,kodak,3,quantize,1.39999997616,57986,81.01075557633052
kodak--15,kodak,3,smooth,1.39999997616,56645,80.68951335189078
kodak--15,kodak,3,weighted,1.39999997616,56646,80.68083902384923
kodak--15,kodak,3,both,2,42817,74.26178613291803
kodak--15,kodak,3,default,2,42547,73.74455350054272
kodak--15,kodak,3,quantize,2,42818,74.44745069486936
kodak--15,kodak,3,smooth,2,41768,73.75588472449257
kodak--15,kodak,3,weighted,2,41769,73.74455350054272
kodak--15,kodak,4,both,0.5,124868,90.83351202378522
kodak--15,kodak,4,default,0.5,124356,90.77146972953322
kodak--15,kodak,4,quantize,0.5,124843,90.93345205134963
kodak--15,kodak,4,smooth,0.5,123345,90.81891905043022
kodak--15,kodak,4,weighted,0.5,123311,90.77146972953322
kodak--15,kodak,4,both,0.699999988079,98036,88.73154863052355
kodak--15,kodak,4,default,0.699999988079,97572,88.55490420685423
kodak--15,kodak,4,quantize,0.699999988079,97997,88.84776590455766
kodak--15,kodak,4,smooth,0.699999988079,96575,88.54903171277641
kodak--15,kodak,4,weighted,0.699999988079,96568,88.55490420685423
kodak--15,kodak,4,both,1,74249,85.28498290219716
kodak--15,kodak,4,default,1,73792,85.03785316499925
kodak--15,kodak,4,quantize,1,74282,85.40114314092266
kodak--15,kodak,4,smooth,1,72864,85.0949702009434
kodak--15,kodak,4,weighted,1,72880,85.03785316499925
kodak--15,kodak,4,both,1.39999997616,56005,80.46223363415771
kodak--15,kodak,4,default,1.39999997616,55602,80.23345529495003
kodak--15,kodak,4,quantize,1.39999997616,55983,80.59281213167326
kodak--15,kodak,4,smooth,1.39999997616,54741,80.23564898075212
kodak--15,kodak,4,weighted,1.39999997616,54731,80.23345529495003
kodak--15,kodak,4,both,2,40910,73.50981941649157
kodak--15,kodak,4,default,2,40635,73.16905577228464
kodak--15,kodak,4,quantize,2,40913,73.80812470497523
kodak--15,kodak,4,smooth,2,39773,73.13398686838148
kodak--15,kodak,4,weighted,2,39858,73.16905577228464
kodak--15,kodak,7,both,0.5,122327,90.7653273261387
kodak--15,kodak,7,default,0.5,121960,90.59784675548079
kodak--15,kodak,7,quantize,0.5,122225,90.7508166573693
kodak--15,kodak,7,smooth,0.5,120876,90.73502994252587
kodak--15,kodak,7,weighted,0.5,120904,90.59784675548079
kodak--15,kodak,7,both,0.699999988079,95281,88.68305116430187
kodak--15,kodak,7,default,0.699999988079,94870,88.56091945805686
kodak--15,kodak,7,quantize,0.699999988079,95295,88.79045083640217
kodak--15,kodak,7,smooth,0.699999988079,94118,88.61638068596235
kodak--15,kodak,7,weighted,0.699999988079,93921,88.56091945805686
kodak--15,kodak,7,both,1,71443,85.29101233273346
kodak--15,kodak,7,default,1,71073,85.04487131201074
kodak--15,kodak,7,quantize,1,71542,85.41242974489849
kodak--15,kodak,7,smooth,1,70202,85.09118218666299
kodak--15,kodak,7,weighted,1,70115,85.04487131201074
kodak--15,kodak,7,both,1.39999997616,52947,80.9243452984496
kodak--15,kodak,7,default,1.39999997616,52994,80.84876941551421
kodak--15,kodak,7,quantize,1.39999997616,53130,81.12005565904087
kodak--15,kodak,7,smooth,1.39999997616,51894,80.71792669553648
kodak--15,kodak,7,weighted,1.39999997616,52082,80.84876941551421
kodak--15,kodak,7,both,2,38066,74.74808776526764
kodak--15,kodak,7,default,2,37814,74.12358109166414
kodak--15,kodak,7,quantize,2,38090,74.86025353500698
kodak--15,kodak,7,smooth,2,37041,74.06095350090594
kodak--15,kodak,7,weighted,2,37019,74.12358109166414
kodak--19,kodak,3,both,0.5,147093,90.80558650385746
kodak--19,kodak,3,default,0.5,145834,90.85460520382182
kodak--19,kodak,3,quantize,0.5,147094,90.81597676557368
kodak--19,kodak,3,smooth,0.5,145532,90.84180554391658
kodak--19,kodak,3,weighted,0.5,145533,90.85460520382182
kodak--19,kodak,3,both,0.699999988079,118001,88.42947931934148
kodak--19,kodak,3,default,0.699999988079,116761,88.27980840122135
kodak--19,kodak,3,quantize,0.699999988079,118002,88.42592910983846
kodak--19,kodak,3,smooth,0.699999988079,116462,88.26634730195138
kodak--19,kodak,3,weighted,0.699999988079,116463,88.27980840122135
kodak--19,kodak,3,both,1,91037,84.61363285368228
kodak--19,kodak,3,default,1,89748,84.50771632851934
kodak--19,kodak,3,quantize,1,91038,84.66387444492574
kodak--19,kodak,3,smooth,1,89525,84.50355192405586
kodak--19,kodak,3,weighted,1,89526,84.50771632851934
kodak--19,kodak,3,both,1.39999997616,69694,79.2979186609471
kodak--19,kodak,3,default,1.39999997616,68464,79.18917071268632
kodak--19,kodak,3,quantize,1.39999997616,69695,79.36347825186164
kodak--19,kodak,3,smooth,1.39999997616,68232,79.17010796816328
kodak--19,kodak,3,weighted,1.39999997616,68233,79.18917071268632
kodak--19,kodak,3,both,2,52338,71.97323315181073
kodak--19,kodak,3,default,2,51163,71.63274753021513
kodak--19,kodak,3,quantize,2,52339,72.06364237025137
kodak--19,kodak,3,smooth,2,50950,71.56676272104379
kodak--19,kodak,3,weighted,2,50951,71.63274753021513
kodak--19,kodak,4,both,0.5,147330,90.90298119940738
kodak--19,kodak,4,default,0.5,146061,90.94677939038525
kodak--19,kodak,4,quantize,0.5,147316,90.96802887775112
kodak--19,kodak,4,smooth,0.5,145728,90.86057171380958
kodak--19,kodak,4,weighted,0.5,145754,90.94677939038525
kodak--19,kodak,4,both,0.699999988079,117874,88.46140015554677
kodak--19,kodak,4,default,0.699999988079,116598,88.2494207328919
kodak--19,kodak,4,quantize,0.699999988079,117863,88.44342906769148
kodak--19,kodak,4,smooth,0.699999988079,116349,88.29234350899382
kodak--19,kodak,4,weighted,0.699999988079,116315,88.2494207328919
kodak--19,kodak,4,both,1,89409,84.34394016021345
kodak--19,kodak,4,default,1,88180,84.13961535350896
kodak--19,kodak,4,quantize,1,89403,84.38370351223377
kodak--19,kodak,4,smooth,1,87927,84.09277929028028
kodak--19,kodak,4,weighted,1,87942,84.13961535350896
kodak--19,kodak,4,both,1.39999997616,67787,78.84179663161675
kodak--19,kodak,4,default,1.39999997616,66519,78.78312295894996
kodak--19,kodak,4,quantize,1.39999997616,67708,78.94872378849325
kodak--19,kodak,4,smooth,1.39999997616,66331,78.70011522637724
kodak--19,kodak,4,weighted,1.39999997616,66290,78.78312295894996
kodak--19,kodak,4,both,2,50022,70.8439170214183
kodak--19,kodak,4,default,2,48833,70.60314558715932
kodak--19,kodak,4,quantize,2,50026,70.94599358169222
kodak--19,kodak,4,smooth,2,48647,70.61563335500999
kodak--19,kodak,4,weighted,2,48635,70.60314558715932
kodak--19,kodak,7,both,0.5,147684,90.85753153121439
kodak--19,kodak,7,default,0.5,146648,90.92699089935616
kodak--19,kodak,7,quantize,0.5,147808,91.02182526109215
kodak--19,kodak,7,smooth,0.5,146300,90.88597465210009
kodak--19,kodak,7,weighted,0.5,146344,90.92699089935616
kodak--19,kodak,7,both,0.699999988079,114593,88.71770350021198
kodak--19,kodak,7,default,0.699999988079,113517,88.5226391254632
kodak--19,kodak,7,quantize,0.699999988079,114597,88.60300465412719
kodak--19,kodak,7,smooth,0.699999988079,113265,88.44547042302237
kodak--19,kodak,7,weighted,0.699999988079,113216,88.5226391254632
kodak--19,kodak,7,both,1,85865,84.63213018420765
kodak--19,kodak,7,default,1,84726,84.36954484940416
kodak--19,kodak,7,quantize,1,85890,84.7160581455105
kodak--19,kodak,7,smooth,1,84434,84.36014572660518
kodak--19,kodak,7,weighted,1,84451,84.36954484940416
kodak--19,kodak,7,both,1.39999997616,65159,80.02655191400108
kodak--19,kodak,7,default,1.39999997616,63857,79.49056479847216
kodak--19,kodak,7,quantize,1.39999997616,65182,79.94563414338496
kodak--19,kodak,7,smooth,1.39999997616,63442,79.39358183573526
kodak--19,kodak,7,weighted,1.39999997616,63624,79.49056479847216
kodak--19,kodak,7,both,2,45451,72.06804792085177
kodak--19,kodak,7,default,2,44458,71.9860315908734
kodak--19,kodak,7,quantize,2,45496,72.37087156683313
kodak--19,kodak,7,smooth,2,44157,71.96614465965133
kodak--19,kodak,7,weighted,2,44228,71.9860315908734
kodak--24,kodak,3,both,0.5,172396,91.0692976176233
kodak--24,kodak,3,default,0.5,171055,91.03931064975372
kodak--24,kodak,3,quantize,0.5,172397,91.08566289508197
kodak--24,kodak,3,smooth,0.5,170780,91.05710077299756
kodak--24,kodak,3,weighted,0.5,170781,91.03931064975372
kodak--24,kodak,3,both,0.699999988079,142879,88.72227560212201
kodak--24,kodak,3,default,0.699999988079,141586,88.78117550189161
kodak--24,kodak,3,quantize,0.699999988079,142880,88.70781498258296
kodak--24,kodak,3,smooth,0.699999988079,141316,88.76428890422675
kodak--24,kodak,3,weighted,0.699999988079,141317,88.78117550189161
kodak--24,kodak,3,both,1,115612,85.95287825283029
kodak--24,kodak,3,default,1,114300,85.7722649679139
kodak--24,kodak,3,quantize,1,115613,85.93506646228407
kodak--24,kodak,3,smooth,1,114054,85.75332231155186
kodak--24,kodak,3,weighted,1,114055,85.7722649679139
kodak--24,kodak,3,both,1.39999997616,93282,81.95078135701021
kodak--24,kodak,3,default,1.39999997616,92047,81.94775122131699
kodak--24,kodak,3,quantize,1.39999997616,93283,81.95664034955568
kodak--24,kodak,3,smooth,1.39999997616,91797,81.91480635681754
kodak--24,kodak,3,weighted,1.39999997616,91798,81.94775122131699
kodak--24,kodak,3,both,2,72485,76.35490498110173
kodak--24,kodak,3,default,2,71257,75.93761019106005
kodak--24,kodak,3,quantize,2,72486,76.40893010096013
kodak--24,kodak,3,smooth,2,71009,75.93423952753959
kodak--24,kodak,3,weighted,2,71010,75.93761019106005
kodak--24,kodak,4,both,0.5,168830,90.80002157313298
kodak--24,kodak,4,default,0.5,167493,90.67254035487939
kodak--24,kodak,4,quantize,0.5,168818,90.72154685616087
kodak--24,kodak,4,smooth,0.5,167212,90.67349249841429
kodak--24,kodak,4,weighted,0.5,167209,90.67254035487939
kodak--24,kodak,4,both,0.699999988079,139237,88.52468134560816
kodak--24,kodak,4,default,0.699999988079,138038,88.49043228440775
kodak--24,kodak,4,quantize,0.699999988079,139237,88.56930650585952
kodak--24,kodak,4,smooth,0.699999988079,137748,88.46983876213226
kodak--24,kodak,4,weighted,0.699999988079,137743,88.49043228440775
kodak--24,kodak,4,both,1,112090,85.30484509757072
kodak--24,kodak,4,default,1,110771,85.28755185748894
kodak--24,kodak,4,quantize,1,112091,85.38283646475836
kodak--24,kodak,4,smooth,1,110541,85.22222240955598
kodak--24,kodak,4,weighted,1,110529,85.28755185748894
kodak--24,kodak,4,both,1.39999997616,89346,81.12538725893904
kodak--24,kodak,4,default,1.39999997616,88052,81.03509302262391
kodak--24,kodak,4,quantize,1.39999997616,89355,81.24578993700723
kodak--24,kodak,4,smooth,1.39999997616,87875,80.99553867839938
kodak--24,kodak,4,weighted,1.39999997616,87812,81.03509302262391
kodak--24,kodak,4,both,2,68623,74.97287254925553
kodak--24,kodak,4,default,2,67423,74.95396962373296
kodak--24,kodak,4,quantize,2,68619,74.9683285236938
kodak--24,kodak,4,smooth,2,67182,74.93794009217318
kodak--24,kodak,4,weighted,2,67181,74.95396962373296
kodak--24,kodak,7,both,0.5,168471,90.87233610574037
kodak--24,kodak,7,default,0.5,167103,90.8782108106193
kodak--24,kodak,7,quantize,0.5,168359,90.89488084784112
kodak--24,kodak,7,smooth,0.5,166840,90.84866829365183
kodak--24,kodak,7,weighted,0.5,166809,90.8782108106193
kodak--24,kodak,7,both,0.699999988079,138075,88.49536300986196
kodak--24,kodak,7,default,0.699999988079,136884,88.48971069534521
kodak--24,kodak,7,quantize,0.699999988079,138158,88.44786860102916
kodak--24,kodak,7,smooth,0.699999988079,136600,88.4278230529321
kodak--24,kodak,7,weighted,0.699999988079,136607,88.48971069534521
kodak--24,kodak,7,both,1,110501,85.33382085653936
kodak--24,kodak,7,default,1,109338,85.26155534980794
kodak--24,kodak,7,quantize,1,110516,85.38269896590283
kodak--24,kodak,7,smooth,1,109107,85.30357818833596
kodak--24,kodak,7,weighted,1,109087,85.26155534980794
kodak--24,kodak,7,both,1.39999997616,87642,81.35533421120371
kodak--24,kodak,7,default,1.39999997616,86430,81.08007521825428
kodak--24,kodak,7,quantize,1.39999997616,87631,81.28728934951104
kodak--24,kodak,7,smooth,1.39999997616,86204,81.1825859139457
kodak--24,kodak,7,weighted,1.39999997616,86187,81.08007521825428
kodak--24,kodak,7,both,2,66974,75.6596528812224
kodak--24,kodak,7,default,2,65770,75.49278887965329
kodak--24,kodak,7,quantize,2,66988,75.56465902508431
kodak--24,kodak,7,smooth,2,65541,75.29749254817746
kodak--24,kodak,7,weighted,2,65543,75.49278887965329
imazen26-1029-planter-4k,photo_4k,3,both,0.5,3382558,89.30883194471615
imazen26-1029-planter-4k,photo_4k,3,default,0.5,3369050,89.21113248021186
imazen26-1029-planter-4k,photo_4k,3,quantize,0.5,3382559,89.38692027458761
imazen26-1029-planter-4k,photo_4k,3,smooth,0.5,3351916,89.19539362878379
imazen26-1029-planter-4k,photo_4k,3,weighted,0.5,3351917,89.21113248021186
imazen26-1029-planter-4k,photo_4k,3,both,0.699999988079,2863725,87.15168102290868
imazen26-1029-planter-4k,photo_4k,3,default,0.699999988079,2849813,87.0452930161244
imazen26-1029-planter-4k,photo_4k,3,quantize,0.699999988079,2863726,87.14527126965554
imazen26-1029-planter-4k,photo_4k,3,smooth,0.699999988079,2834369,86.95828779988328
imazen26-1029-planter-4k,photo_4k,3,weighted,0.699999988079,2834370,87.0452930161244
imazen26-1029-planter-4k,photo_4k,3,both,1,2354015,83.80447114381015
imazen26-1029-planter-4k,photo_4k,3,default,1,2340997,83.6810316824231
imazen26-1029-planter-4k,photo_4k,3,quantize,1,2354016,83.82828220759016
imazen26-1029-planter-4k,photo_4k,3,smooth,1,2326797,83.65979694002544
imazen26-1029-planter-4k,photo_4k,3,weighted,1,2326798,83.6810316824231
imazen26-1029-planter-4k,photo_4k,3,both,1.39999997616,1930028,79.51715929820867
imazen26-1029-planter-4k,photo_4k,3,default,1.39999997616,1915740,79.32299307110391
imazen26-1029-planter-4k,photo_4k,3,quantize,1.39999997616,1930029,79.6109048083569
imazen26-1029-planter-4k,photo_4k,3,smooth,1.39999997616,1900929,79.29919735495965
imazen26-1029-planter-4k,photo_4k,3,weighted,1.39999997616,1900930,79.32299307110391
imazen26-1029-planter-4k,photo_4k,3,both,2,1533902,73.25257363130765
imazen26-1029-planter-4k,photo_4k,3,default,2,1519827,72.91169898244645
imazen26-1029-planter-4k,photo_4k,3,quantize,2,1533903,73.46037961349657
imazen26-1029-planter-4k,photo_4k,3,smooth,2,1506627,72.78560184202482
imazen26-1029-planter-4k,photo_4k,3,weighted,2,1506628,72.91169898244645
imazen26-1029-planter-4k,photo_4k,4,both,0.5,3305633,88.89485562807216
imazen26-1029-planter-4k,photo_4k,4,default,0.5,3293418,88.7798024699674
imazen26-1029-planter-4k,photo_4k,4,quantize,0.5,3305208,88.9758231676656
imazen26-1029-planter-4k,photo_4k,4,smooth,0.5,3276422,88.9243258831907
imazen26-1029-planter-4k,photo_4k,4,weighted,0.5,3276198,88.7798024699674
imazen26-1029-planter-4k,photo_4k,4,both,0.699999988079,2782029,86.62390515847291
imazen26-1029-planter-4k,photo_4k,4,default,0.699999988079,2769310,86.60902525646036
imazen26-1029-planter-4k,photo_4k,4,quantize,0.699999988079,2781749,86.7142330835826
imazen26-1029-planter-4k,photo_4k,4,smooth,0.699999988079,2754388,86.55230053208982
imazen26-1029-planter-4k,photo_4k,4,weighted,0.699999988079,2754216,86.60902525646036
imazen26-1029-planter-4k,photo_4k,4,both,1,2272360,83.19150334969873
imazen26-1029-planter-4k,photo_4k,4,default,1,2259919,83.0062112037917
imazen26-1029-planter-4k,photo_4k,4,quantize,1,2272106,83.15760458632059
imazen26-1029-planter-4k,photo_4k,4,smooth,1,2245811,82.95473976932182
imazen26-1029-planter-4k,photo_4k,4,weighted,1,2245785,83.0062112037917
imazen26-1029-planter-4k,photo_4k,4,both,1.39999997616,1848368,78.5143075630223
imazen26-1029-planter-4k,photo_4k,4,default,1.39999997616,1834205,78.38260936158422
imazen26-1029-planter-4k,photo_4k,4,quantize,1.39999997616,1848297,78.54465859574508
imazen26-1029-planter-4k,photo_4k,4,smooth,1.39999997616,1819512,78.29801711326857
imazen26-1029-planter-4k,photo_4k,4,weighted,1.39999997616,1819394,78.38260936158422
imazen26-1029-planter-4k,photo_4k,4,both,2,1454924,71.7623652449639
imazen26-1029-planter-4k,photo_4k,4,default,2,1441555,71.45480489408664
imazen26-1029-planter-4k,photo_4k,4,quantize,2,1454766,71.92845170883349
imazen26-1029-planter-4k,photo_4k,4,smooth,2,1428414,71.4392101277523
imazen26-1029-planter-4k,photo_4k,4,weighted,2,1428322,71.45480489408664
imazen26-1029-planter-4k,photo_4k,7,both,0.5,3291148,88.92428575489424
imazen26-1029-planter-4k,photo_4k,7,default,0.5,3278824,88.97680847403184
imazen26-1029-planter-4k,photo_4k,7,quantize,0.5,3290428,88.95251783048072
imazen26-1029-planter-4k,photo_4k,7,smooth,0.5,3262055,88.93602713811184
imazen26-1029-planter-4k,photo_4k,7,weighted,0.5,3261628,88.97680847403184
imazen26-1029-planter-4k,photo_4k,7,both,0.699999988079,2767649,86.54095872539456
imazen26-1029-planter-4k,photo_4k,7,default,0.699999988079,2755241,86.47930553738897
imazen26-1029-planter-4k,photo_4k,7,quantize,0.699999988079,2767371,86.65473741168574
imazen26-1029-planter-4k,photo_4k,7,smooth,0.699999988079,2740038,86.4800593558169
imazen26-1029-planter-4k,photo_4k,7,weighted,0.699999988079,2739778,86.47930553738897
imazen26-1029-planter-4k,photo_4k,7,both,1,2255258,83.26167573680205
imazen26-1029-planter-4k,photo_4k,7,default,1,2243068,83.08498005854139
imazen26-1029-planter-4k,photo_4k,7,quantize,1,2254918,83.3417987848698
imazen26-1029-planter-4k,photo_4k,7,smooth,1,2228042,83.1255080261115
imazen26-1029-planter-4k,photo_4k,7,weighted,1,2228830,83.08498005854139
imazen26-1029-planter-4k,photo_4k,7,both,1.39999997616,1826031,78.92731400041549
imazen26-1029-planter-4k,photo_4k,7,default,1.39999997616,1811871,78.770840685769
imazen26-1029-planter-4k,photo_4k,7,quantize,1.39999997616,1825485,78.99623973160183
imazen26-1029-planter-4k,photo_4k,7,smooth,1.39999997616,1797829,78.72251984951616
imazen26-1029-planter-4k,photo_4k,7,weighted,1.39999997616,1797092,78.770840685769
imazen26-1029-planter-4k,photo_4k,7,both,2,1427285,73.00800455204914
imazen26-1029-planter-4k,photo_4k,7,default,2,1414081,72.6065260846164
imazen26-1029-planter-4k,photo_4k,7,quantize,2,1426858,73.16838787257612
imazen26-1029-planter-4k,photo_4k,7,smooth,2,1400871,72.53398981211257
imazen26-1029-planter-4k,photo_4k,7,weighted,2,1400640,72.6065260846164
imazen26-1207-bedroom-noise-4k,photo_4k,3,both,0.5,2375384,90.34747465087177
imazen26-1207-bedroom-noise-4k,photo_4k,3,default,0.5,2367164,90.14002045112257
imazen26-1207-bedroom-noise-4k,photo_4k,3,quantize,0.5,2375385,90.39236986808085
imazen26-1207-bedroom-noise-4k,photo_4k,3,smooth,0.5,2348283,90.24987353851716
imazen26-1207-bedroom-noise-4k,photo_4k,3,weighted,0.5,2348284,90.14002045112257
imazen26-1207-bedroom-noise-4k,photo_4k,3,both,0.699999988079,1871447,88.35324362633308
imazen26-1207-bedroom-noise-4k,photo_4k,3,default,0.699999988079,1863985,88.20899086074724
imazen26-1207-bedroom-noise-4k,photo_4k,3,quantize,0.699999988079,1871448,88.40768263027783
imazen26-1207-bedroom-noise-4k,photo_4k,3,smooth,0.699999988079,1846070,88.19584119094793
imazen26-1207-bedroom-noise-4k,photo_4k,3,weighted,0.699999988079,1846071,88.20899086074724
imazen26-1207-bedroom-noise-4k,photo_4k,3,both,1,1398256,85.20691465720193
imazen26-1207-bedroom-noise-4k,photo_4k,3,default,1,1392275,84.99976008955097
imazen26-1207-bedroom-noise-4k,photo_4k,3,quantize,1,1398257,85.29815164024168
imazen26-1207-bedroom-noise-4k,photo_4k,3,smooth,1,1374605,84.95551181266366
imazen26-1207-bedroom-noise-4k,photo_4k,3,weighted,1,1374606,84.99976008955097
imazen26-1207-bedroom-noise-4k,photo_4k,3,both,1.39999997616,1019877,80.74176087985708
imazen26-1207-bedroom-noise-4k,photo_4k,3,default,1.39999997616,1014000,80.43496129069183
imazen26-1207-bedroom-noise-4k,photo_4k,3,quantize,1.39999997616,1019878,81.05591493545944
imazen26-1207-bedroom-noise-4k,photo_4k,3,smooth,1.39999997616,997780,80.35090996889097
imazen26-1207-bedroom-noise-4k,photo_4k,3,weighted,1.39999997616,997781,80.43496129069183
imazen26-1207-bedroom-noise-4k,photo_4k,3,both,2,716630,74.86018525951988
imazen26-1207-bedroom-noise-4k,photo_4k,3,default,2,713905,74.33558852409688
imazen26-1207-bedroom-noise-4k,photo_4k,3,quantize,2,716631,75.33076601362022
imazen26-1207-bedroom-noise-4k,photo_4k,3,smooth,2,698073,74.25679840480015
imazen26-1207-bedroom-noise-4k,photo_4k,3,weighted,2,698074,74.33558852409688
imazen26-1207-bedroom-noise-4k,photo_4k,4,both,0.5,2344663,90.16930913133976
imazen26-1207-bedroom-noise-4k,photo_4k,4,default,0.5,2343970,90.0651282399198
imazen26-1207-bedroom-noise-4k,photo_4k,4,quantize,0.5,2341868,90.19220689937477
imazen26-1207-bedroom-noise-4k,photo_4k,4,smooth,0.5,2326947,90.01427808703569
imazen26-1207-bedroom-noise-4k,photo_4k,4,weighted,0.5,2325091,90.0651282399198
imazen26-1207-bedroom-noise-4k,photo_4k,4,both,0.699999988079,1878334,88.2005225277872
imazen26-1207-bedroom-noise-4k,photo_4k,4,default,0.699999988079,1873843,87.91665683364033
imazen26-1207-bedroom-noise-4k,photo_4k,4,quantize,0.699999988079,1876321,88.32811705839904
imazen26-1207-bedroom-noise-4k,photo_4k,4,smooth,0.699999988079,1855823,88.07867394964437
imazen26-1207-bedroom-noise-4k,photo_4k,4,weighted,0.699999988079,1855959,87.91665683364033
imazen26-1207-bedroom-noise-4k,photo_4k,4,both,1,1384007,84.9374764208103
imazen26-1207-bedroom-noise-4k,photo_4k,4,default,1,1377589,84.55970989795527
imazen26-1207-bedroom-noise-4k,photo_4k,4,quantize,1,1377159,84.91181276165692
imazen26-1207-bedroom-noise-4k,photo_4k,4,smooth,1,1365515,84.72490836037547
imazen26-1207-bedroom-noise-4k,photo_4k,4,weighted,1,1360894,84.55970989795527
imazen26-1207-bedroom-noise-4k,photo_4k,4,both,1.39999997616,982520,80.14482965782616
imazen26-1207-bedroom-noise-4k,photo_4k,4,default,1.39999997616,977605,79.82209074417798
imazen26-1207-bedroom-noise-4k,photo_4k,4,quantize,1.39999997616,980486,80.3684969198414
imazen26-1207-bedroom-noise-4k,photo_4k,4,smooth,1.39999997616,962202,79.79363914614245
imazen26-1207-bedroom-noise-4k,photo_4k,4,weighted,1.39999997616,961313,79.82209074417798
imazen26-1207-bedroom-noise-4k,photo_4k,4,both,2,668714,73.53140693836583
imazen26-1207-bedroom-noise-4k,photo_4k,4,default,2,666933,73.05669755406072
imazen26-1207-bedroom-noise-4k,photo_4k,4,quantize,2,667323,73.9572211430572
imazen26-1207-bedroom-noise-4k,photo_4k,4,smooth,2,651808,72.96784171842319
imazen26-1207-bedroom-noise-4k,photo_4k,4,weighted,2,651266,73.05669755406072
imazen26-1207-bedroom-noise-4k,photo_4k,7,both,0.5,2346799,90.1652828140324
imazen26-1207-bedroom-noise-4k,photo_4k,7,default,0.5,2337818,90.03487907798393
imazen26-1207-bedroom-noise-4k,photo_4k,7,quantize,0.5,2348267,90.24059322582356
imazen26-1207-bedroom-noise-4k,photo_4k,7,smooth,0.5,2319116,90.01441037989714
imazen26-1207-bedroom-noise-4k,photo_4k,7,weighted,0.5,2318866,90.03487907798393
imazen26-1207-bedroom-noise-4k,photo_4k,7,both,0.699999988079,1783386,87.92627408412785
imazen26-1207-bedroom-noise-4k,photo_4k,7,default,0.699999988079,1780940,87.78304051748927
imazen26-1207-bedroom-noise-4k,photo_4k,7,quantize,0.699999988079,1777991,88.01409595289114
imazen26-1207-bedroom-noise-4k,photo_4k,7,smooth,0.699999988079,1765765,87.76047938419558
imazen26-1207-bedroom-noise-4k,photo_4k,7,weighted,0.699999988079,1762522,87.78304051748927
imazen26-1207-bedroom-noise-4k,photo_4k,7,both,1,1273240,84.7238763606155
imazen26-1207-bedroom-noise-4k,photo_4k,7,default,1,1270607,84.5604837300565
imazen26-1207-bedroom-noise-4k,photo_4k,7,quantize,1,1275984,84.88185478002246
imazen26-1207-bedroom-noise-4k,photo_4k,7,smooth,1,1251674,84.48053600309646
imazen26-1207-bedroom-noise-4k,photo_4k,7,weighted,1,1252309,84.5604837300565
imazen26-1207-bedroom-noise-4k,photo_4k,7,both,1.39999997616,915498,80.55777277753441
imazen26-1207-bedroom-noise-4k,photo_4k,7,default,1.39999997616,912173,80.14242900817132
imazen26-1207-bedroom-noise-4k,photo_4k,7,quantize,1.39999997616,913213,80.89335598306114
imazen26-1207-bedroom-noise-4k,photo_4k,7,smooth,1.39999997616,896833,80.08484266717339
imazen26-1207-bedroom-noise-4k,photo_4k,7,weighted,1.39999997616,895371,80.14242900817132
imazen26-1207-bedroom-noise-4k,photo_4k,7,both,2,624359,74.54228208242311
imazen26-1207-bedroom-noise-4k,photo_4k,7,default,2,623153,73.92862399170608
imazen26-1207-bedroom-noise-4k,photo_4k,7,quantize,2,622520,75.20945968185583
imazen26-1207-bedroom-noise-4k,photo_4k,7,smooth,2,607844,73.85306089386809
imazen26-1207-bedroom-noise-4k,photo_4k,7,weighted,2,607247,73.92862399170608
edge,compact,3,both,0.5,657,96.34448676982018
edge,compact,3,default,0.5,611,95.62888543329186
edge,compact,3,quantize,0.5,658,96.16608416356631
edge,compact,3,smooth,0.5,648,95.62888543329186
edge,compact,3,weighted,0.5,649,95.62888543329186
edge,compact,3,both,0.699999988079,664,96.32285843116163
edge,compact,3,default,0.699999988079,613,95.73078423649041
edge,compact,3,quantize,0.699999988079,665,96.22796666100122
edge,compact,3,smooth,0.699999988079,654,95.73078423649041
edge,compact,3,weighted,0.699999988079,655,95.73078423649041
edge,compact,3,both,1,621,94.93800974815997
edge,compact,3,default,1,581,95.70046418672958
edge,compact,3,quantize,1,622,95.6898467480325
edge,compact,3,smooth,1,616,94.65373502702079
edge,compact,3,weighted,1,617,95.70046418672958
edge,compact,3,both,1.39999997616,603,95.45693814589234
edge,compact,3,default,1.39999997616,566,95.70522878807554
edge,compact,3,quantize,1.39999997616,604,95.64258409998114
edge,compact,3,smooth,1.39999997616,597,95.28620942283906
edge,compact,3,weighted,1.39999997616,598,95.70522878807554
edge,compact,3,both,2,578,95.45550762798875
edge,compact,3,default,2,542,94.93507821806296
edge,compact,3,quantize,2,579,95.54195207541088
edge,compact,3,smooth,2,572,95.01915758353857
edge,compact,3,weighted,2,573,94.93507821806296
edge,compact,4,both,0.5,788,95.82639143427697
edge,compact,4,default,0.5,709,96.09025787566412
edge,compact,4,quantize,0.5,814,96.04737795044893
edge,compact,4,smooth,0.5,748,96.09025787566412
edge,compact,4,weighted,0.5,749,96.09025787566412
edge,compact,4,both,0.699999988079,767,95.20997299173193
edge,compact,4,default,0.699999988079,673,95.76700838682956
edge,compact,4,quantize,0.699999988079,760,94.75453387193525
edge,compact,4,smooth,0.699999988079,715,95.03824160872058
edge,compact,4,weighted,0.699999988079,716,95.76700838682956
edge,compact,4,both,1,713,95.57237339982197
edge,compact,4,default,1,650,95.48368613611642
edge,compact,4,quantize,1,723,95.77556650008742
edge,compact,4,smooth,1,710,95.48368613611642
edge,compact,4,weighted,1,711,95.48368613611642
edge,compact,4,both,1.39999997616,794,94.57673960305887
edge,compact,4,default,1.39999997616,709,96.75105569184625
edge,compact,4,quantize,1.39999997616,793,95.07681048372258
edge,compact,4,smooth,1.39999997616,761,94.2072167030233
edge,compact,4,weighted,1.39999997616,759,96.75105569184625
edge,compact,4,both,2,708,93.82805029355946
edge,compact,4,default,2,631,94.82300123280345
edge,compact,4,quantize,2,707,93.59611046099212
edge,compact,4,smooth,2,686,94.92057521991846
edge,compact,4,weighted,2,683,94.82300123280345
edge,compact,7,both,0.5,815,96.31331515417287
edge,compact,7,default,0.5,757,96.31995312335013
edge,compact,7,quantize,0.5,813,96.3967183959971
edge,compact,7,smooth,0.5,802,96.22891531246327
edge,compact,7,weighted,0.5,798,96.31995312335013
edge,compact,7,both,0.699999988079,769,95.81367052664615
edge,compact,7,default,0.699999988079,700,95.82202477541962
edge,compact,7,quantize,0.699999988079,764,95.9593147146233
edge,compact,7,smooth,0.699999988079,749,96.37329334214779
edge,compact,7,weighted,0.699999988079,754,95.82202477541962
edge,compact,7,both,1,732,95.53836143939793
edge,compact,7,default,1,668,95.51215799404562
edge,compact,7,quantize,1,737,94.73805682486089
edge,compact,7,smooth,1,716,95.51215799404562
edge,compact,7,weighted,1,717,95.51215799404562
edge,compact,7,both,1.39999997616,726,95.20662462885566
edge,compact,7,default,1.39999997616,657,95.30343494023789
edge,compact,7,quantize,1.39999997616,720,95.3207980948773
edge,compact,7,smooth,1.39999997616,703,95.65576594489465
edge,compact,7,weighted,1.39999997616,707,95.30343494023789
edge,compact,7,both,2,702,95.37396025185967
edge,compact,7,default,2,638,95.08750267147838
edge,compact,7,quantize,2,708,95.67065935703786
edge,compact,7,smooth,2,678,95.24982645591636
edge,compact,7,weighted,2,677,95.08750267147838
gradient,compact,3,both,0.5,1411,95.23612894593941
gradient,compact,3,default,0.5,1335,95.21635997950715
gradient,compact,3,quantize,0.5,1412,95.26880323782007
gradient,compact,3,smooth,0.5,1350,95.20182867559058
gradient,compact,3,weighted,0.5,1351,95.21635997950715
gradient,compact,3,both,0.699999988079,1234,94.16018397331459
gradient,compact,3,default,0.699999988079,1162,94.1083444430911
gradient,compact,3,quantize,0.699999988079,1235,94.15993786517794
gradient,compact,3,smooth,0.699999988079,1174,94.11835516268098
gradient,compact,3,weighted,0.699999988079,1175,94.1083444430911
gradient,compact,3,both,1,1086,93.1553358077166
gradient,compact,3,default,1,1017,92.68107582254343
gradient,compact,3,quantize,1,1087,93.14357029634934
gradient,compact,3,smooth,1,1040,92.74247745136121
gradient,compact,3,weighted,1,1041,92.68107582254343
gradient,compact,3,both,1.39999997616,1006,91.39798896035244
gradient,compact,3,default,1.39999997616,928,90.7769881716612
gradient,compact,3,quantize,1.39999997616,1007,91.33307641934609
gradient,compact,3,smooth,1.39999997616,943,90.88360003398638
gradient,compact,3,weighted,1.39999997616,944,90.7769881716612
gradient,compact,3,both,2,918,89.41857420176855
gradient,compact,3,default,2,851,88.10811053820728
gradient,compact,3,quantize,2,919,89.30167270569538
gradient,compact,3,smooth,2,870,88.43954387983145
gradient,compact,3,weighted,2,871,88.10811053820728
gradient,compact,4,both,0.5,1384,94.78422244067919
gradient,compact,4,default,0.5,1310,94.83392735094439
gradient,compact,4,quantize,0.5,1380,94.77846429838004
gradient,compact,4,smooth,0.5,1331,94.83920916761927
gradient,compact,4,weighted,0.5,1325,94.83392735094439
gradient,compact,4,both,0.699999988079,1218,94.33246847298946
gradient,compact,4,default,0.699999988079,1132,94.10533085021163
gradient,compact,4,quantize,0.699999988079,1216,94.09941703941497
gradient,compact,4,smooth,0.699999988079,1140,94.07721940367561
gradient,compact,4,weighted,0.699999988079,1138,94.10533085021163
gradient,compact,4,both,1,1086,92.30474618425198
gradient,compact,4,default,1,1012,92.26077440228927
gradient,compact,4,quantize,1,1095,92.44327492327473
gradient,compact,4,smooth,1,1034,92.47615254127605
gradient,compact,4,weighted,1,1026,92.26077440228927
gradient,compact,4,both,1.39999997616,999,90.67915102402243
gradient,compact,4,default,1.39999997616,931,89.83440156474916
gradient,compact,4,quantize,1.39999997616,1016,90.40081529661751
gradient,compact,4,smooth,1.39999997616,956,90.32328491695732
gradient,compact,4,weighted,1.39999997616,958,89.83440156474916
gradient,compact,4,both,2,895,88.5278596348364
gradient,compact,4,default,2,830,87.43716737456572
gradient,compact,4,quantize,2,890,88.0292139403
gradient,compact,4,smooth,2,842,87.7852964254835
gradient,compact,4,weighted,2,855,87.43716737456572
gradient,compact,7,both,0.5,1111,95.57925337955947
gradient,compact,7,default,0.5,1032,95.55354162819819
gradient,compact,7,quantize,0.5,1116,95.23873514841311
gradient,compact,7,smooth,0.5,1073,95.26348925102863
gradient,compact,7,weighted,0.5,1049,95.55354162819819
gradient,compact,7,both,0.699999988079,809,94.32920160858492
gradient,compact,7,default,0.699999988079,718,95.28253278860085
gradient,compact,7,quantize,0.699999988079,816,94.30276605320664
gradient,compact,7,smooth,0.699999988079,744,95.07785702880649
gradient,compact,7,weighted,0.699999988079,744,95.28253278860085
gradient,compact,7,both,1,942,94.44531158804176
gradient,compact,7,default,1,845,94.396259054709
gradient,compact,7,quantize,1,711,94.68160346207375
gradient,compact,7,smooth,1,876,94.45535350146103
gradient,compact,7,weighted,1,882,94.396259054709
gradient,compact,7,both,1.39999997616,629,93.91575156789601
gradient,compact,7,default,1.39999997616,533,93.84115777433878
gradient,compact,7,quantize,1.39999997616,640,94.03591443906907
gradient,compact,7,smooth,1.39999997616,573,93.840506890759
gradient,compact,7,weighted,1.39999997616,563,93.84115777433878
gradient,compact,7,both,2,564,93.24921346082056
gradient,compact,7,default,2,481,93.11618509315227
gradient,compact,7,quantize,2,555,92.84578676774342
gradient,compact,7,smooth,2,505,93.30809958629554
gradient,compact,7,weighted,2,506,93.11618509315227
saturated,compact,3,both,0.5,8688,81.64148298087511
saturated,compact,3,default,0.5,8619,81.62480240874856
saturated,compact,3,quantize,0.5,8689,81.64148298087511
saturated,compact,3,smooth,0.5,8615,81.62480240874856
saturated,compact,3,weighted,0.5,8616,81.62480240874856
saturated,compact,3,both,0.699999988079,7766,77.66824461847415
saturated,compact,3,default,0.699999988079,7709,77.69900026224165
saturated,compact,3,quantize,0.699999988079,7767,77.66824461847415
saturated,compact,3,smooth,0.699999988079,7691,77.69900026224165
saturated,compact,3,weighted,0.699999988079,7692,77.69900026224165
saturated,compact,3,both,1,6818,71.12552423631698
saturated,compact,3,default,1,6746,71.10937921778978
saturated,compact,3,quantize,1,6819,71.12552423631698
saturated,compact,3,smooth,1,6742,71.10937921778978
saturated,compact,3,weighted,1,6743,71.10937921778978
saturated,compact,3,both,1.39999997616,5920,64.8416666050641
saturated,compact,3,default,1.39999997616,5853,64.93787708644945
saturated,compact,3,quantize,1.39999997616,5921,64.8416666050641
saturated,compact,3,smooth,1.39999997616,5846,64.93787708644945
saturated,compact,3,weighted,1.39999997616,5847,64.93787708644945
saturated,compact,3,both,2,5165,62.02495718551083
saturated,compact,3,default,2,5094,62.06133263768355
saturated,compact,3,quantize,2,5166,62.02495718551083
saturated,compact,3,smooth,2,5094,62.06133263768355
saturated,compact,3,weighted,2,5095,62.06133263768355
saturated,compact,4,both,0.5,8354,80.93232666987959
saturated,compact,4,default,0.5,8238,80.97761678425911
saturated,compact,4,quantize,0.5,8355,80.93232666987959
saturated,compact,4,smooth,0.5,8219,80.97761678425911
saturated,compact,4,weighted,0.5,8220,80.97761678425911
saturated,compact,4,both,0.699999988079,7529,76.31353688803374
saturated,compact,4,default,0.699999988079,7476,76.10384998406485
saturated,compact,4,quantize,0.699999988079,7530,76.31353688803374
saturated,compact,4,smooth,0.699999988079,7457,76.10384998406485
saturated,compact,4,weighted,0.699999988079,7458,76.10384998406485
saturated,compact,4,both,1,6504,69.16374172188898
saturated,compact,4,default,1,6472,69.41955703092088
saturated,compact,4,quantize,1,6505,69.16374172188898
saturated,compact,4,smooth,1,6456,69.41955703092088
saturated,compact,4,weighted,1,6457,69.41955703092088
saturated,compact,4,both,1.39999997616,5577,65.78932842485922
saturated,compact,4,default,1.39999997616,5537,66.9690125948646
saturated,compact,4,quantize,1.39999997616,5578,65.78932842485922
saturated,compact,4,smooth,1.39999997616,5537,66.9690125948646
saturated,compact,4,weighted,1.39999997616,5538,66.9690125948646
saturated,compact,4,both,2,4778,60.256757953122936
saturated,compact,4,default,2,4693,60.49590549447681
saturated,compact,4,quantize,2,4779,60.256757953122936
saturated,compact,4,smooth,2,4688,60.49590549447681
saturated,compact,4,weighted,2,4689,60.49590549447681
saturated,compact,7,both,0.5,8927,84.16277857748383
saturated,compact,7,default,0.5,8858,83.83336596433894
saturated,compact,7,quantize,0.5,8928,84.16277857748383
saturated,compact,7,smooth,0.5,8861,83.83336596433894
saturated,compact,7,weighted,0.5,8862,83.83336596433894
saturated,compact,7,both,0.699999988079,8086,80.76671816192683
saturated,compact,7,default,0.699999988079,8055,80.62558320997451
saturated,compact,7,quantize,0.699999988079,8087,80.76671816192683
saturated,compact,7,smooth,0.699999988079,8044,80.62558320997451
saturated,compact,7,weighted,0.699999988079,8045,80.62558320997451
saturated,compact,7,both,1,7065,74.46837727048994
saturated,compact,7,default,1,7011,75.56426926337352
saturated,compact,7,quantize,1,7066,74.46837727048994
saturated,compact,7,smooth,1,6991,75.56426926337352
saturated,compact,7,weighted,1,6992,75.56426926337352
saturated,compact,7,both,1.39999997616,6208,69.86109421123732
saturated,compact,7,default,1.39999997616,6111,70.2928335691705
saturated,compact,7,quantize,1.39999997616,6209,69.86109421123732
saturated,compact,7,smooth,1.39999997616,6110,70.2928335691705
saturated,compact,7,weighted,1.39999997616,6111,70.2928335691705
saturated,compact,7,both,2,5307,61.259792520507894
saturated,compact,7,default,2,5154,62.16403723856504
saturated,compact,7,quantize,2,5308,61.259792520507894
saturated,compact,7,smooth,2,5144,62.16403723856504
saturated,compact,7,weighted,2,5145,62.16403723856504
texture,compact,3,both,0.5,13573,33.96854051337563
texture,compact,3,default,0.5,13507,33.91811157166188
texture,compact,3,quantize,0.5,13574,33.96854051337563
texture,compact,3,smooth,0.5,13502,33.91811157166188
texture,compact,3,weighted,0.5,13503,33.91811157166188
texture,compact,3,both,0.699999988079,11615,25.35810005699215
texture,compact,3,default,0.699999988079,11547,25.375127406006328
texture,compact,3,quantize,0.699999988079,11616,25.35810005699215
texture,compact,3,smooth,0.699999988079,11553,25.375127406006328
texture,compact,3,weighted,0.699999988079,11554,25.375127406006328
texture,compact,3,both,1,10542,21.31236856581249
texture,compact,3,default,1,10483,21.295174397813625
texture,compact,3,quantize,1,10543,21.31236856581249
texture,compact,3,smooth,1,10483,21.29807867290827
texture,compact,3,weighted,1,10484,21.295174397813625
texture,compact,3,both,1.39999997616,8744,16.393953079524852
texture,compact,3,default,1.39999997616,8687,16.349970544067265
texture,compact,3,quantize,1.39999997616,8745,16.39487355608196
texture,compact,3,smooth,1.39999997616,8690,16.349140523274492
texture,compact,3,weighted,1.39999997616,8691,16.349970544067265
texture,compact,3,both,2,7027,7.344760249666926
texture,compact,3,default,2,6973,7.359077832412666
texture,compact,3,quantize,2,7028,7.375779974690211
texture,compact,3,smooth,2,6977,7.378844201939447
texture,compact,3,weighted,2,6978,7.359077832412666
texture,compact,4,both,0.5,16530,52.432414389292035
texture,compact,4,default,0.5,16418,52.148567161653325
texture,compact,4,quantize,0.5,16531,52.432414389292035
texture,compact,4,smooth,0.5,16414,52.148567161653325
texture,compact,4,weighted,0.5,16415,52.148567161653325
texture,compact,4,both,0.699999988079,14093,39.73833406872867
texture,compact,4,default,0.699999988079,14085,39.98444303362181
texture,compact,4,quantize,0.699999988079,14094,39.73833406872867
texture,compact,4,smooth,0.699999988079,14087,39.98444303362181
texture,compact,4,weighted,0.699999988079,14088,39.98444303362181
texture,compact,4,both,1,11417,24.138590339394437
texture,compact,4,default,1,11359,24.081879088499623
texture,compact,4,quantize,1,11418,24.13717763288762
texture,compact,4,smooth,1,11344,24.07182153733949
texture,compact,4,weighted,1,11358,24.081879088499623
texture,compact,4,both,1.39999997616,9645,18.88859383390935
texture,compact,4,default,1.39999997616,9572,18.891443394100378
texture,compact,4,quantize,1.39999997616,9702,18.898980047499094
texture,compact,4,smooth,1.39999997616,9582,18.915210036110448
texture,compact,4,weighted,1.39999997616,9583,18.891443394100378
texture,compact,4,both,2,7689,10.863431019588354
texture,compact,4,default,2,7574,10.736104746667134
texture,compact,4,quantize,2,7696,10.870508613217371
texture,compact,4,smooth,2,7586,10.76783080679009
texture,compact,4,weighted,2,7581,10.736104746667134
texture,compact,7,both,0.5,17990,61.5712675949944
texture,compact,7,default,0.5,17924,61.22677669758839
texture,compact,7,quantize,0.5,17991,61.5712675949944
texture,compact,7,smooth,0.5,17918,61.22677669758839
texture,compact,7,weighted,0.5,17919,61.22677669758839
texture,compact,7,both,0.699999988079,13338,43.78887217126119
texture,compact,7,default,0.699999988079,13429,44.552486690774316
texture,compact,7,quantize,0.699999988079,13334,43.78233526115146
texture,compact,7,smooth,0.699999988079,13431,44.453464180839944
texture,compact,7,weighted,0.699999988079,13440,44.552486690774316
texture,compact,7,both,1,8764,33.50509537255355
texture,compact,7,default,1,8637,32.9498851713571
texture,compact,7,quantize,1,8757,33.700614243053224
texture,compact,7,smooth,1,8656,32.94786328340397
texture,compact,7,weighted,1,8657,32.9498851713571
texture,compact,7,both,1.39999997616,6524,22.192130835233492
texture,compact,7,default,1.39999997616,6344,21.63249402188521
texture,compact,7,quantize,1.39999997616,6439,21.707505090740213
texture,compact,7,smooth,1.39999997616,6376,21.637962546702383
texture,compact,7,weighted,1.39999997616,6377,21.63249402188521
texture,compact,7,both,2,5468,18.489455615051344
texture,compact,7,default,2,5497,18.403386067022627
texture,compact,7,quantize,2,5549,18.42530121961623
texture,compact,7,smooth,2,5525,18.52522940242837
texture,compact,7,weighted,2,5510,18.403386067022627
