resolution_class,effort,stage,mean_ms
12mp,1,aq.final_frame.dct8,4.265576333333333
12mp,1,aq.final_frame.final_cfl,2.6001735
12mp,1,aq.final_frame.quantizer,1.4976386666666663
12mp,1,aq.final_frame.reset,0.004687666666666666
12mp,1,aq.policy_bounds,0.12071516666666665
12mp,1,aq.reconstruction.forward.dct8,2.073382
12mp,1,frontend.initial_quantization,1.5768263333333332
12mp,1,frontend.quant_adjustment,0.0512915
12mp,2,aq.final_frame.dct8,3.867507
12mp,2,aq.final_frame.final_cfl,2.4812085
12mp,2,aq.final_frame.quantizer,1.4010904999999998
12mp,2,aq.final_frame.reset,0.0024026666666666667
12mp,2,aq.policy_bounds,0.014173666666666668
12mp,2,aq.reconstruction.forward.dct8,1.9931805000000002
12mp,2,frontend.initial_quantization,1.6762293333333333
12mp,2,frontend.quant_adjustment,0.11361116666666665
12mp,3,aq.final_frame.dct8,3.937923666666667
12mp,3,aq.final_frame.final_cfl,2.3946183333333333
12mp,3,aq.final_frame.quantizer,1.2936180000000002
12mp,3,aq.final_frame.reset,0.00234
12mp,3,aq.policy_bounds,0.013889
12mp,3,aq.reconstruction.forward.dct8,1.9303541666666668
12mp,3,frontend.initial_quantization,1.5535276666666666
12mp,3,frontend.quant_adjustment,0.028361333333333332
12mp,4,aq.final_frame.dc_quantization,1.677777833333333
12mp,4,aq.final_frame.dct8,3.0552500000000005
12mp,4,aq.final_frame.final_cfl,1.9164166666666667
12mp,4,aq.final_frame.quantizer,1.3725205
12mp,4,aq.final_frame.reset,0.0021668333333333335
12mp,4,aq.policy_bounds,0.012458499999999999
12mp,4,aq.reconstruction.forward.dct8,1.8550556666666667
12mp,4,frontend.initial_quantization,1.4645068333333333
12mp,4,frontend.quant_adjustment,0.026361166666666668
12mp,5,aq.epf.pass_1,1.8656806666666668
12mp,5,aq.epf_linear.pass_2,1.6552636666666665
12mp,5,aq.final_frame.dc_quantization,1.6592708333333333
12mp,5,aq.final_frame.dct16,0.2759371666666667
12mp,5,aq.final_frame.dct16x32,0.6208055
12mp,5,aq.final_frame.dct16x8,0.17300700000000002
12mp,5,aq.final_frame.dct32,1.5249235
12mp,5,aq.final_frame.dct32x16,0.460118
12mp,5,aq.final_frame.dct8,0.6951111666666666
12mp,5,aq.final_frame.dct8x16,0.2466598333333333
12mp,5,aq.final_frame.quantizer,0.45072933333333337
12mp,5,aq.gaborish,1.7499236666666667
12mp,5,aq.policy_bounds,0.011236166666666667
12mp,5,aq.policy_initialize,0.0219235
12mp,5,aq.policy_update,0.022180333333333333
12mp,5,aq.reconstruction.coefficients.dct16,0.2299375
12mp,5,aq.reconstruction.coefficients.dct16x32,0.4039516666666667
12mp,5,aq.reconstruction.coefficients.dct16x8,0.14896516666666668
12mp,5,aq.reconstruction.coefficients.dct32,1.2367293333333333
12mp,5,aq.reconstruction.coefficients.dct32x16,0.34454866666666667
12mp,5,aq.reconstruction.coefficients.dct8,0.5384028333333334
12mp,5,aq.reconstruction.coefficients.dct8x16,0.19577766666666666
12mp,5,aq.reconstruction.dc_llf,0.22882683333333334
12mp,5,aq.reconstruction.dc_quantization,1.6443196666666668
12mp,5,aq.reconstruction.dc_smoothing,0.027903
12mp,5,aq.reconstruction.dct16,0.08215283333333334
12mp,5,aq.reconstruction.dct16x32,0.15976416666666665
12mp,5,aq.reconstruction.dct16x8,0.08090966666666667
12mp,5,aq.reconstruction.dct32,0.6623128333333334
12mp,5,aq.reconstruction.dct32x16,0.10022216666666667
12mp,5,aq.reconstruction.dct8,0.380743
12mp,5,aq.reconstruction.dct8x16,0.10226400000000001
12mp,5,aq.reconstruction.final_cfl,1.6804168333333334
12mp,5,aq.reconstruction.forward.dct16,0.08365316666666667
12mp,5,aq.reconstruction.forward.dct16x32,0.1528955
12mp,5,aq.reconstruction.forward.dct16x8,0.07604166666666667
12mp,5,aq.reconstruction.forward.dct32,0.661264
12mp,5,aq.reconstruction.forward.dct32x16,0.1139585
12mp,5,aq.reconstruction.forward.dct8,0.38452099999999995
12mp,5,aq.reconstruction.forward.dct8x16,0.09688200000000001
12mp,5,aq.reconstruction.quantizer,0.488125
12mp,5,aq.reconstruction.reset,0.0020626666666666666
12mp,5,aq.strategy_dispatch,0.004389
12mp,5,butteraugli.malta.main,6.759923499999999
12mp,5,butteraugli.malta.sub,1.7962845000000003
12mp,5,butteraugli.mask.main,1.3245555
12mp,5,butteraugli.mask_final.sub,1.6391386666666667
12mp,5,butteraugli.psycho.main.high_x,1.6935416666666665
12mp,5,butteraugli.psycho.main.high_y,1.7162083333333333
12mp,5,butteraugli.psycho.main.low_medium,5.6870835
12mp,5,butteraugli.psycho.main.medium_b,1.4093054999999997
12mp,5,butteraugli.psycho.main.opsin,1.9976456666666664
12mp,5,butteraugli.psycho.main.suppress_x,0.6261873333333333
12mp,5,butteraugli.psycho.main.ultra_x,1.5840695
12mp,5,butteraugli.psycho.main.ultra_y,2.578291666666667
12mp,5,butteraugli.psycho.sub.high_x,0.41890966666666674
12mp,5,butteraugli.psycho.sub.high_y,0.3980416666666666
12mp,5,butteraugli.psycho.sub.low_medium,1.4064723333333333
12mp,5,butteraugli.psycho.sub.medium_b,0.35565966666666665
12mp,5,butteraugli.psycho.sub.opsin,1.5336386666666666
12mp,5,butteraugli.psycho.sub.suppress_x,0.202014
12mp,5,butteraugli.psycho.sub.ultra_x,0.37225700000000006
12mp,5,butteraugli.psycho.sub.ultra_y,0.6436248333333333
12mp,5,butteraugli.resident_reduction,6.391354166666666
12mp,5,frontend.ac_strategy.dct16,7.490583166666667
12mp,5,frontend.ac_strategy.dct16x32,4.925242833333333
12mp,5,frontend.ac_strategy.dct16x8,4.348097166666666
12mp,5,frontend.ac_strategy.dct32,8.586256999999998
12mp,5,frontend.ac_strategy.dct32x16,4.113944333333333
12mp,5,frontend.ac_strategy.dct8,2.4599721666666667
12mp,5,frontend.ac_strategy.dct8x16,4.138374833333334
12mp,5,frontend.ac_strategy.metadata,0.6474168333333333
12mp,5,frontend.ac_strategy.select,0.3778821666666666
12mp,5,frontend.initial_quantization,6.5813055
12mp,5,frontend.prepare_aq.reference.main.high_x,1.8476111666666668
12mp,5,frontend.prepare_aq.reference.main.high_y,1.7136803333333332
12mp,5,frontend.prepare_aq.reference.main.low_medium,5.511194666666667
12mp,5,frontend.prepare_aq.reference.main.mask,2.0113195000000004
12mp,5,frontend.prepare_aq.reference.main.medium_b,1.4019793333333332
12mp,5,frontend.prepare_aq.reference.main.opsin,2.0364861666666667
12mp,5,frontend.prepare_aq.reference.main.suppress_x,0.6199445
12mp,5,frontend.prepare_aq.reference.main.ultra_x,1.5808818333333334
12mp,5,frontend.prepare_aq.reference.main.ultra_y,2.5582361666666666
12mp,5,frontend.prepare_aq.reference.sub.high_x,0.4053541666666667
12mp,5,frontend.prepare_aq.reference.sub.high_y,0.39738883333333336
12mp,5,frontend.prepare_aq.reference.sub.low_medium,1.3608403333333332
12mp,5,frontend.prepare_aq.reference.sub.mask,0.5035835
12mp,5,frontend.prepare_aq.reference.sub.medium_b,0.3559791666666667
12mp,5,frontend.prepare_aq.reference.sub.opsin,1.5334651666666665
12mp,5,frontend.prepare_aq.reference.sub.suppress_x,0.16703483333333335
12mp,5,frontend.prepare_aq.reference.sub.ultra_x,0.36723633333333333
12mp,5,frontend.prepare_aq.reference.sub.ultra_y,0.6307568333333333
12mp,5,frontend.quant_adjustment,0.041333166666666664
12mp,6,aq.epf.pass_1,1.8437358333333334
12mp,6,aq.epf_linear.pass_2,1.6556875
12mp,6,aq.final_frame.dc_quantization,1.6712018333333332
12mp,6,aq.final_frame.dct16,0.2767013333333333
12mp,6,aq.final_frame.dct16x32,0.5615348333333333
12mp,6,aq.final_frame.dct16x8,0.18224333333333334
12mp,6,aq.final_frame.dct32,1.538882
12mp,6,aq.final_frame.dct32x16,0.40327783333333334
12mp,6,aq.final_frame.dct8,0.6965628333333335
12mp,6,aq.final_frame.dct8x16,0.26472199999999996
12mp,6,aq.final_frame.quantizer,0.45222233333333334
12mp,6,aq.gaborish,1.7507918333333334
12mp,6,aq.policy_bounds,0.011111166666666665
12mp,6,aq.policy_initialize,0.022958166666666665
12mp,6,aq.policy_update,0.021896
12mp,6,aq.reconstruction.coefficients.dct16,0.2299306666666667
12mp,6,aq.reconstruction.coefficients.dct16x32,0.4059791666666666
12mp,6,aq.reconstruction.coefficients.dct16x8,0.14902066666666666
12mp,6,aq.reconstruction.coefficients.dct32,1.2344998333333332
12mp,6,aq.reconstruction.coefficients.dct32x16,0.3471458333333333
12mp,6,aq.reconstruction.coefficients.dct8,0.578243
12mp,6,aq.reconstruction.coefficients.dct8x16,0.1956945
12mp,6,aq.reconstruction.dc_llf,0.2328475
12mp,6,aq.reconstruction.dc_quantization,1.6479583333333334
12mp,6,aq.reconstruction.dc_smoothing,0.029201500000000002
12mp,6,aq.reconstruction.dct16,0.08201416666666668
12mp,6,aq.reconstruction.dct16x32,0.16009033333333333
12mp,6,aq.reconstruction.dct16x8,0.08181266666666669
12mp,6,aq.reconstruction.dct32,0.6630903333333333
12mp,6,aq.reconstruction.dct32x16,0.10090266666666665
12mp,6,aq.reconstruction.dct8,0.38254866666666665
12mp,6,aq.reconstruction.dct8x16,0.10360416666666666
12mp,6,aq.reconstruction.final_cfl,1.6191178333333331
12mp,6,aq.reconstruction.forward.dct16,0.08313883333333334
12mp,6,aq.reconstruction.forward.dct16x32,0.15493749999999998
12mp,6,aq.reconstruction.forward.dct16x8,0.1504235
12mp,6,aq.reconstruction.forward.dct32,0.658417
12mp,6,aq.reconstruction.forward.dct32x16,0.11312500000000002
12mp,6,aq.reconstruction.forward.dct8,0.38613216666666667
12mp,6,aq.reconstruction.forward.dct8x16,0.09777766666666667
12mp,6,aq.reconstruction.quantizer,0.47980566666666663
12mp,6,aq.reconstruction.reset,0.002104166666666666
12mp,6,aq.strategy_dispatch,0.0034096666666666667
12mp,6,butteraugli.malta.main,6.746000333333334
12mp,6,butteraugli.malta.sub,1.7271876666666666
12mp,6,butteraugli.mask.main,1.3176111666666666
12mp,6,butteraugli.mask_final.sub,1.6569029999999998
12mp,6,butteraugli.psycho.main.high_x,1.7281180000000003
12mp,6,butteraugli.psycho.main.high_y,1.7107291666666669
12mp,6,butteraugli.psycho.main.low_medium,5.584472333333333
12mp,6,butteraugli.psycho.main.medium_b,1.4835695
12mp,6,butteraugli.psycho.main.opsin,1.967486
12mp,6,butteraugli.psycho.main.suppress_x,0.6271111666666666
12mp,6,butteraugli.psycho.main.ultra_x,1.7404583333333334
12mp,6,butteraugli.psycho.main.ultra_y,2.5688055000000003
12mp,6,butteraugli.psycho.sub.high_x,0.42474283333333335
12mp,6,butteraugli.psycho.sub.high_y,0.399521
12mp,6,butteraugli.psycho.sub.low_medium,1.3767153333333333
12mp,6,butteraugli.psycho.sub.medium_b,0.3549723333333334
12mp,6,butteraugli.psycho.sub.opsin,1.5297221666666667
12mp,6,butteraugli.psycho.sub.suppress_x,0.17152066666666668
12mp,6,butteraugli.psycho.sub.ultra_x,0.37634733333333337
12mp,6,butteraugli.psycho.sub.ultra_y,0.6438471666666666
12mp,6,butteraugli.resident_reduction,6.244270666666666
12mp,6,frontend.ac_strategy.dct16,7.498374999999999
12mp,6,frontend.ac_strategy.dct16x32,4.860416666666667
12mp,6,frontend.ac_strategy.dct16x8,4.3552290000000005
12mp,6,frontend.ac_strategy.dct32,8.448506666666667
12mp,6,frontend.ac_strategy.dct32x16,4.183868166666667
12mp,6,frontend.ac_strategy.dct8,2.4620138333333332
12mp,6,frontend.ac_strategy.dct8x16,4.1459585
12mp,6,frontend.ac_strategy.metadata,0.6435488333333333
12mp,6,frontend.ac_strategy.select,0.37879883333333336
12mp,6,frontend.initial_quantization,6.506097333333333
12mp,6,frontend.prepare_aq.reference.main.high_x,1.7035138333333333
12mp,6,frontend.prepare_aq.reference.main.high_y,1.6993613333333333
12mp,6,frontend.prepare_aq.reference.main.low_medium,5.656215333333333
12mp,6,frontend.prepare_aq.reference.main.mask,2.0400625
12mp,6,frontend.prepare_aq.reference.main.medium_b,1.4793958333333332
12mp,6,frontend.prepare_aq.reference.main.opsin,1.978889
12mp,6,frontend.prepare_aq.reference.main.suppress_x,0.6189861666666666
12mp,6,frontend.prepare_aq.reference.main.ultra_x,1.5855555000000001
12mp,6,frontend.prepare_aq.reference.main.ultra_y,2.568652666666667
12mp,6,frontend.prepare_aq.reference.sub.high_x,0.40454150000000005
12mp,6,frontend.prepare_aq.reference.sub.high_y,0.39486116666666665
12mp,6,frontend.prepare_aq.reference.sub.low_medium,1.3532358333333336
12mp,6,frontend.prepare_aq.reference.sub.mask,0.5053401666666667
12mp,6,frontend.prepare_aq.reference.sub.medium_b,0.3545138333333333
12mp,6,frontend.prepare_aq.reference.sub.opsin,1.509118
12mp,6,frontend.prepare_aq.reference.sub.suppress_x,0.16658350000000002
12mp,6,frontend.prepare_aq.reference.sub.ultra_x,0.37123599999999995
12mp,6,frontend.prepare_aq.reference.sub.ultra_y,0.632389
12mp,6,frontend.quant_adjustment,0.041611333333333334
12mp,7,aq.epf.pass_1,3.818
12mp,7,aq.epf_linear.pass_2,3.2985276666666667
12mp,7,aq.final_frame.dc_quantization,1.7374581666666666
12mp,7,aq.final_frame.dct16,0.2744931666666667
12mp,7,aq.final_frame.dct16x32,0.48274316666666667
12mp,7,aq.final_frame.dct16x8,0.17314566666666664
12mp,7,aq.final_frame.dct32,1.6681526666666666
12mp,7,aq.final_frame.dct32x16,0.39415283333333334
12mp,7,aq.final_frame.dct8,0.6873126666666667
12mp,7,aq.final_frame.dct8x16,0.246354
12mp,7,aq.final_frame.quantizer,0.5049583333333334
12mp,7,aq.gaborish,3.498326
12mp,7,aq.policy_bounds,0.011041666666666667
12mp,7,aq.policy_initialize,0.022083000000000002
12mp,7,aq.policy_update,0.04426349999999999
12mp,7,aq.reconstruction.coefficients.dct16,0.4592431666666667
12mp,7,aq.reconstruction.coefficients.dct16x32,0.8078748333333333
12mp,7,aq.reconstruction.coefficients.dct16x8,0.2984236666666667
12mp,7,aq.reconstruction.coefficients.dct32,2.4647221666666668
12mp,7,aq.reconstruction.coefficients.dct32x16,0.6910206666666667
12mp,7,aq.reconstruction.coefficients.dct8,1.1164934999999998
12mp,7,aq.reconstruction.coefficients.dct8x16,0.3921115
12mp,7,aq.reconstruction.dc_llf,0.4666318333333333
12mp,7,aq.reconstruction.dc_quantization,3.3934864999999994
12mp,7,aq.reconstruction.dc_smoothing,0.05763183333333333
12mp,7,aq.reconstruction.dct16,0.163
12mp,7,aq.reconstruction.dct16x32,0.31944433333333333
12mp,7,aq.reconstruction.dct16x8,0.16394433333333333
12mp,7,aq.reconstruction.dct32,1.3889233333333335
12mp,7,aq.reconstruction.dct32x16,0.20285416666666664
12mp,7,aq.reconstruction.dct8,0.7597776666666666
12mp,7,aq.reconstruction.dct8x16,0.209021
12mp,7,aq.reconstruction.final_cfl,1.6154651666666666
12mp,7,aq.reconstruction.forward.dct16,0.0838335
12mp,7,aq.reconstruction.forward.dct16x32,0.15419433333333332
12mp,7,aq.reconstruction.forward.dct16x8,0.07652766666666666
12mp,7,aq.reconstruction.forward.dct32,0.6547014999999999
12mp,7,aq.reconstruction.forward.dct32x16,0.11475666666666667
12mp,7,aq.reconstruction.forward.dct8,0.3962638333333333
12mp,7,aq.reconstruction.forward.dct8x16,0.0973195
12mp,7,aq.reconstruction.quantizer,0.9535278333333332
12mp,7,aq.reconstruction.reset,0.004916666666666667
12mp,7,aq.strategy_dispatch,0.0034514999999999997
12mp,7,butteraugli.malta.main,13.943763833333334
12mp,7,butteraugli.malta.sub,3.5373401666666666
12mp,7,butteraugli.mask.main,2.6959585
12mp,7,butteraugli.mask_final.sub,3.321388666666667
12mp,7,butteraugli.psycho.main.high_x,3.417097333333333
12mp,7,butteraugli.psycho.main.high_y,3.4561526666666667
12mp,7,butteraugli.psycho.main.low_medium,10.966917
12mp,7,butteraugli.psycho.main.medium_b,2.812743333333333
12mp,7,butteraugli.psycho.main.opsin,3.9970071666666662
12mp,7,butteraugli.psycho.main.suppress_x,1.2548816666666667
12mp,7,butteraugli.psycho.main.ultra_x,3.203368166666667
12mp,7,butteraugli.psycho.main.ultra_y,5.214298666666665
12mp,7,butteraugli.psycho.sub.high_x,0.8277844999999999
12mp,7,butteraugli.psycho.sub.high_y,0.7968261666666666
12mp,7,butteraugli.psycho.sub.low_medium,2.7262011666666663
12mp,7,butteraugli.psycho.sub.medium_b,0.7089655
12mp,7,butteraugli.psycho.sub.opsin,3.1082708333333335
12mp,7,butteraugli.psycho.sub.suppress_x,0.3385836666666666
12mp,7,butteraugli.psycho.sub.ultra_x,0.7421730000000001
12mp,7,butteraugli.psycho.sub.ultra_y,1.311285
12mp,7,butteraugli.resident_reduction,12.6083195
12mp,7,frontend.ac_strategy.dct16,7.637416666666667
12mp,7,frontend.ac_strategy.dct16x32,4.842881833333332
12mp,7,frontend.ac_strategy.dct16x8,4.447708166666667
12mp,7,frontend.ac_strategy.dct32,8.3751875
12mp,7,frontend.ac_strategy.dct32x16,4.174673666666666
12mp,7,frontend.ac_strategy.dct8,2.4640971666666664
12mp,7,frontend.ac_strategy.dct8x16,4.162041666666666
12mp,7,frontend.ac_strategy.metadata,0.6497566666666666
12mp,7,frontend.ac_strategy.select,0.37993066666666664
12mp,7,frontend.initial_quantization,6.568666666666668
12mp,7,frontend.prepare_aq.reference.main.high_x,1.7048055
12mp,7,frontend.prepare_aq.reference.main.high_y,1.7031176666666668
12mp,7,frontend.prepare_aq.reference.main.low_medium,5.605430833333333
12mp,7,frontend.prepare_aq.reference.main.mask,2.1267085
12mp,7,frontend.prepare_aq.reference.main.medium_b,1.4248123333333333
12mp,7,frontend.prepare_aq.reference.main.opsin,1.9497431666666667
12mp,7,frontend.prepare_aq.reference.main.suppress_x,0.6319723333333332
12mp,7,frontend.prepare_aq.reference.main.ultra_x,1.5979583333333336
12mp,7,frontend.prepare_aq.reference.main.ultra_y,2.6099443333333334
12mp,7,frontend.prepare_aq.reference.sub.high_x,0.4073056666666666
12mp,7,frontend.prepare_aq.reference.sub.high_y,0.3972361666666666
12mp,7,frontend.prepare_aq.reference.sub.low_medium,1.4273751666666665
12mp,7,frontend.prepare_aq.reference.sub.mask,0.503021
12mp,7,frontend.prepare_aq.reference.sub.medium_b,0.3545138333333333
12mp,7,frontend.prepare_aq.reference.sub.opsin,1.5252638333333335
12mp,7,frontend.prepare_aq.reference.sub.suppress_x,0.16640283333333336
12mp,7,frontend.prepare_aq.reference.sub.ultra_x,0.36518066666666665
12mp,7,frontend.prepare_aq.reference.sub.ultra_y,0.6353678333333334
12mp,7,frontend.quant_adjustment,0.042305333333333334
12mp,8,aq.epf.pass_1,5.641465166666666
12mp,8,aq.epf_linear.pass_2,5.023666666666666
12mp,8,aq.final_frame.dc_quantization,1.6727778333333336
12mp,8,aq.final_frame.dct16,0.27530550000000004
12mp,8,aq.final_frame.dct16x32,0.48906233333333327
12mp,8,aq.final_frame.dct16x8,0.17347933333333332
12mp,8,aq.final_frame.dct32,1.5421945000000001
12mp,8,aq.final_frame.dct32x16,0.39665316666666667
12mp,8,aq.final_frame.dct8,0.6927568333333333
12mp,8,aq.final_frame.dct8x16,0.24884716666666665
12mp,8,aq.final_frame.quantizer,0.49607633333333334
12mp,8,aq.gaborish,5.467791666666667
12mp,8,aq.policy_bounds,0.011069666666666667
12mp,8,aq.policy_initialize,0.021514000000000002
12mp,8,aq.policy_update,0.06735433333333334
12mp,8,aq.reconstruction.coefficients.dct16,0.6850206666666666
12mp,8,aq.reconstruction.coefficients.dct16x32,1.2157578333333334
12mp,8,aq.reconstruction.coefficients.dct16x8,0.43834049999999997
12mp,8,aq.reconstruction.coefficients.dct32,3.715492833333333
12mp,8,aq.reconstruction.coefficients.dct32x16,1.0392986666666666
12mp,8,aq.reconstruction.coefficients.dct8,1.7947501666666668
12mp,8,aq.reconstruction.coefficients.dct8x16,0.5749236666666666
12mp,8,aq.reconstruction.dc_llf,0.7723548333333333
12mp,8,aq.reconstruction.dc_quantization,4.936541833333334
12mp,8,aq.reconstruction.dc_smoothing,0.08254866666666667
12mp,8,aq.reconstruction.dct16,0.24274333333333334
12mp,8,aq.reconstruction.dct16x32,0.4779445
12mp,8,aq.reconstruction.dct16x8,0.2417015
12mp,8,aq.reconstruction.dct32,1.9643613333333334
12mp,8,aq.reconstruction.dct32x16,0.3014098333333333
12mp,8,aq.reconstruction.dct8,1.1591323333333334
12mp,8,aq.reconstruction.dct8x16,0.30811783333333337
12mp,8,aq.reconstruction.final_cfl,16.420652666666665
12mp,8,aq.reconstruction.forward.dct16,0.08247933333333334
12mp,8,aq.reconstruction.forward.dct16x32,0.15466666666666667
12mp,8,aq.reconstruction.forward.dct16x8,0.076528
12mp,8,aq.reconstruction.forward.dct32,0.6522359999999999
12mp,8,aq.reconstruction.forward.dct32x16,0.11350666666666666
12mp,8,aq.reconstruction.forward.dct8,0.385368
12mp,8,aq.reconstruction.forward.dct8x16,0.0967845
12mp,8,aq.reconstruction.quantizer,1.4590836666666667
12mp,8,aq.reconstruction.reset,0.006854
12mp,8,aq.strategy_dispatch,0.003645833333333333
12mp,8,butteraugli.malta.main,20.520264
12mp,8,butteraugli.malta.sub,5.155048833333333
12mp,8,butteraugli.mask.main,3.9136249999999997
12mp,8,butteraugli.mask_final.sub,5.065729166666666
12mp,8,butteraugli.psycho.main.high_x,5.162847500000001
12mp,8,butteraugli.psycho.main.high_y,5.175194666666667
12mp,8,butteraugli.psycho.main.low_medium,16.42195116666667
12mp,8,butteraugli.psycho.main.medium_b,4.226354333333334
12mp,8,butteraugli.psycho.main.opsin,5.862611166666667
12mp,8,butteraugli.psycho.main.suppress_x,1.9680556666666666
12mp,8,butteraugli.psycho.main.ultra_x,4.7765553333333335
12mp,8,butteraugli.psycho.main.ultra_y,7.9304655
12mp,8,butteraugli.psycho.sub.high_x,1.3213056666666667
12mp,8,butteraugli.psycho.sub.high_y,1.189986
12mp,8,butteraugli.psycho.sub.low_medium,4.069485833333333
12mp,8,butteraugli.psycho.sub.medium_b,1.0730621666666667
12mp,8,butteraugli.psycho.sub.opsin,4.553534833333334
12mp,8,butteraugli.psycho.sub.suppress_x,0.4999793333333333
12mp,8,butteraugli.psycho.sub.ultra_x,1.109514
12mp,8,butteraugli.psycho.sub.ultra_y,1.9090973333333332
12mp,8,butteraugli.resident_reduction,19.151326
12mp,8,frontend.ac_strategy.dct16,7.5235693333333336
12mp,8,frontend.ac_strategy.dct16x32,4.873104166666667
12mp,8,frontend.ac_strategy.dct16x8,4.3955416666666665
12mp,8,frontend.ac_strategy.dct32,8.302687333333333
12mp,8,frontend.ac_strategy.dct32x16,4.207174
12mp,8,frontend.ac_strategy.dct8,2.5744998333333338
12mp,8,frontend.ac_strategy.dct8x16,4.1870625
12mp,8,frontend.ac_strategy.metadata,0.6658958333333334
12mp,8,frontend.ac_strategy.select,0.3970905
12mp,8,frontend.initial_quantization,6.436555666666667
12mp,8,frontend.prepare_aq.reference.main.high_x,1.727396
12mp,8,frontend.prepare_aq.reference.main.high_y,1.7041526666666664
12mp,8,frontend.prepare_aq.reference.main.low_medium,5.472020833333333
12mp,8,frontend.prepare_aq.reference.main.mask,2.0249236666666666
12mp,8,frontend.prepare_aq.reference.main.medium_b,1.4819095000000002
12mp,8,frontend.prepare_aq.reference.main.opsin,2.001590333333333
12mp,8,frontend.prepare_aq.reference.main.suppress_x,0.6299096666666667
12mp,8,frontend.prepare_aq.reference.main.ultra_x,1.5854028333333332
12mp,8,frontend.prepare_aq.reference.main.ultra_y,2.661278
12mp,8,frontend.prepare_aq.reference.sub.high_x,0.402986
12mp,8,frontend.prepare_aq.reference.sub.high_y,0.4125971666666666
12mp,8,frontend.prepare_aq.reference.sub.low_medium,1.3523195
12mp,8,frontend.prepare_aq.reference.sub.mask,0.5016108333333333
12mp,8,frontend.prepare_aq.reference.sub.medium_b,0.355285
12mp,8,frontend.prepare_aq.reference.sub.opsin,1.6790345
12mp,8,frontend.prepare_aq.reference.sub.suppress_x,0.16685383333333334
12mp,8,frontend.prepare_aq.reference.sub.ultra_x,0.3635001666666667
12mp,8,frontend.prepare_aq.reference.sub.ultra_y,0.6281528333333334
12mp,8,frontend.quant_adjustment,0.04190266666666667
12mp,9,aq.epf.pass_1,7.634715
12mp,9,aq.epf_linear.pass_2,6.633937166666667
12mp,9,aq.final_frame.dc_quantization,1.6651458333333335
12mp,9,aq.final_frame.dct16,0.35304866666666673
12mp,9,aq.final_frame.dct16x32,0.498972
12mp,9,aq.final_frame.dct16x8,0.171458
12mp,9,aq.final_frame.dct32,1.5043543333333333
12mp,9,aq.final_frame.dct32x16,0.39503483333333334
12mp,9,aq.final_frame.dct8,0.6882361666666665
12mp,9,aq.final_frame.dct8x16,0.24590283333333338
12mp,9,aq.final_frame.quantizer,0.48467366666666667
12mp,9,aq.gaborish,7.0024231666666665
12mp,9,aq.policy_bounds,0.010840333333333334
12mp,9,aq.policy_initialize,0.021854333333333337
12mp,9,aq.policy_update,0.08956933333333333
12mp,9,aq.reconstruction.coefficients.dct16,0.9199793333333334
12mp,9,aq.reconstruction.coefficients.dct16x32,1.6180075
12mp,9,aq.reconstruction.coefficients.dct16x8,0.5902980000000001
12mp,9,aq.reconstruction.coefficients.dct32,4.998631666666667
12mp,9,aq.reconstruction.coefficients.dct32x16,1.4257986666666664
12mp,9,aq.reconstruction.coefficients.dct8,2.2543818333333334
12mp,9,aq.reconstruction.coefficients.dct8x16,0.7842641666666667
12mp,9,aq.reconstruction.dc_llf,0.952423
12mp,9,aq.reconstruction.dc_quantization,6.589194833333333
12mp,9,aq.reconstruction.dc_smoothing,0.11033383333333334
12mp,9,aq.reconstruction.dct16,0.32413933333333333
12mp,9,aq.reconstruction.dct16x32,0.6338401666666665
12mp,9,aq.reconstruction.dct16x8,0.3237778333333333
12mp,9,aq.reconstruction.dct32,2.6991805
12mp,9,aq.reconstruction.dct32x16,0.39973600000000004
12mp,9,aq.reconstruction.dct8,1.5358063333333334
12mp,9,aq.reconstruction.dct8x16,0.4132706666666666
12mp,9,aq.reconstruction.final_cfl,16.391576333333333
12mp,9,aq.reconstruction.forward.dct16,0.0953335
12mp,9,aq.reconstruction.forward.dct16x32,0.15397916666666667
12mp,9,aq.reconstruction.forward.dct16x8,0.07668766666666665
12mp,9,aq.reconstruction.forward.dct32,0.6556666666666667
12mp,9,aq.reconstruction.forward.dct32x16,0.11389583333333335
12mp,9,aq.reconstruction.forward.dct8,0.3856393333333334
12mp,9,aq.reconstruction.forward.dct8x16,0.09591683333333334
12mp,9,aq.reconstruction.quantizer,2.022937666666667
12mp,9,aq.reconstruction.reset,0.0099795
12mp,9,aq.strategy_dispatch,0.0032776666666666666
12mp,9,butteraugli.malta.main,27.42191683333333
12mp,9,butteraugli.malta.sub,6.9644866666666685
12mp,9,butteraugli.mask.main,5.264735833333333
12mp,9,butteraugli.mask_final.sub,6.796639
12mp,9,butteraugli.psycho.main.high_x,7.113410000000001
12mp,9,butteraugli.psycho.main.high_y,6.917903
12mp,9,butteraugli.psycho.main.low_medium,21.654576333333335
12mp,9,butteraugli.psycho.main.medium_b,5.720861
12mp,9,butteraugli.psycho.main.opsin,7.792840833333333
12mp,9,butteraugli.psycho.main.suppress_x,2.513931
12mp,9,butteraugli.psycho.main.ultra_x,6.433000500000001
12mp,9,butteraugli.psycho.main.ultra_y,10.477868
12mp,9,butteraugli.psycho.sub.high_x,1.6266461666666665
12mp,9,butteraugli.psycho.sub.high_y,1.7508471666666665
12mp,9,butteraugli.psycho.sub.low_medium,5.507006333333333
12mp,9,butteraugli.psycho.sub.medium_b,1.416403
12mp,9,butteraugli.psycho.sub.opsin,6.129722
12mp,9,butteraugli.psycho.sub.suppress_x,0.6716738333333333
12mp,9,butteraugli.psycho.sub.ultra_x,1.4749858333333332
12mp,9,butteraugli.psycho.sub.ultra_y,2.570270666666667
12mp,9,butteraugli.resident_reduction,25.354763666666667
12mp,9,frontend.ac_strategy.dct16,7.646639333333333
12mp,9,frontend.ac_strategy.dct16x32,4.883722166666667
12mp,9,frontend.ac_strategy.dct16x8,4.415763833333333
12mp,9,frontend.ac_strategy.dct32,8.343667000000002
12mp,9,frontend.ac_strategy.dct32x16,4.112145833333334
12mp,9,frontend.ac_strategy.dct8,2.631486
12mp,9,frontend.ac_strategy.dct8x16,4.177347333333334
12mp,9,frontend.ac_strategy.metadata,0.6513888333333334
12mp,9,frontend.ac_strategy.select,0.37825016666666667
12mp,9,frontend.initial_quantization,6.619923333333333
12mp,9,frontend.prepare_aq.reference.main.high_x,1.773479166666667
12mp,9,frontend.prepare_aq.reference.main.high_y,1.7050835
12mp,9,frontend.prepare_aq.reference.main.low_medium,5.3994721666666665
12mp,9,frontend.prepare_aq.reference.main.mask,2.0375691666666667
12mp,9,frontend.prepare_aq.reference.main.medium_b,1.4019931666666665
12mp,9,frontend.prepare_aq.reference.main.opsin,1.9473330000000002
12mp,9,frontend.prepare_aq.reference.main.suppress_x,0.6278611666666666
12mp,9,frontend.prepare_aq.reference.main.ultra_x,1.6048541666666667
12mp,9,frontend.prepare_aq.reference.main.ultra_y,2.7352709999999996
12mp,9,frontend.prepare_aq.reference.sub.high_x,0.404375
12mp,9,frontend.prepare_aq.reference.sub.high_y,0.39747916666666666
12mp,9,frontend.prepare_aq.reference.sub.low_medium,1.3540975
12mp,9,frontend.prepare_aq.reference.sub.mask,0.5010278333333334
12mp,9,frontend.prepare_aq.reference.sub.medium_b,0.35622916666666665
12mp,9,frontend.prepare_aq.reference.sub.opsin,1.5097428333333334
12mp,9,frontend.prepare_aq.reference.sub.suppress_x,0.16640283333333333
12mp,9,frontend.prepare_aq.reference.sub.ultra_x,0.36588899999999996
12mp,9,frontend.prepare_aq.reference.sub.ultra_y,0.6255415
12mp,9,frontend.quant_adjustment,0.04146483333333333
12mp,10,aq.epf.pass_1,7.616770833333333
12mp,10,aq.epf_linear.pass_2,6.581478833333333
12mp,10,aq.final_frame.dc_quantization,1.6538403333333331
12mp,10,aq.final_frame.dct16,0.26724283333333326
12mp,10,aq.final_frame.dct16x32,0.4863125
12mp,10,aq.final_frame.dct16x8,0.16695133333333334
12mp,10,aq.final_frame.dct32,1.5057289999999999
12mp,10,aq.final_frame.dct32x16,0.39365983333333326
12mp,10,aq.final_frame.dct8,0.6763751666666667
12mp,10,aq.final_frame.dct8x16,0.23711099999999996
12mp,10,aq.final_frame.quantizer,0.45195133333333337
12mp,10,aq.gaborish,6.990826500000001
12mp,10,aq.policy_bounds,0.011326666666666665
12mp,10,aq.policy_initialize,0.021999666666666667
12mp,10,aq.policy_update,0.16350716666666665
12mp,10,aq.reconstruction.coefficients.dct16,0.9000696666666665
12mp,10,aq.reconstruction.coefficients.dct16x32,1.6929170000000002
12mp,10,aq.reconstruction.coefficients.dct16x8,0.5812636666666666
12mp,10,aq.reconstruction.coefficients.dct32,5.116284666666666
12mp,10,aq.reconstruction.coefficients.dct32x16,1.4657223333333336
12mp,10,aq.reconstruction.coefficients.dct8,2.293667
12mp,10,aq.reconstruction.coefficients.dct8x16,0.7614511666666667
12mp,10,aq.reconstruction.dc_llf,0.9077630000000001
12mp,10,aq.reconstruction.dc_quantization,6.598972166666667
12mp,10,aq.reconstruction.dc_smoothing,0.11085383333333333
12mp,10,aq.reconstruction.dct16,0.3259306666666667
12mp,10,aq.reconstruction.dct16x32,0.645604
12mp,10,aq.reconstruction.dct16x8,0.3286806666666667
12mp,10,aq.reconstruction.dct32,2.6639031666666666
12mp,10,aq.reconstruction.dct32x16,0.4097501666666667
12mp,10,aq.reconstruction.dct8,1.5071803333333333
12mp,10,aq.reconstruction.dct8x16,0.4010765
12mp,10,aq.reconstruction.final_cfl,16.492027666666665
12mp,10,aq.reconstruction.forward.dct16,0.080507
12mp,10,aq.reconstruction.forward.dct16x32,0.15527066666666667
12mp,10,aq.reconstruction.forward.dct16x8,0.07581233333333333
12mp,10,aq.reconstruction.forward.dct32,0.6560831666666667
12mp,10,aq.reconstruction.forward.dct32x16,0.11443750000000001
12mp,10,aq.reconstruction.forward.dct8,0.376736
12mp,10,aq.reconstruction.forward.dct8x16,0.094764
12mp,10,aq.reconstruction.quantizer,1.9214926666666667
12mp,10,aq.reconstruction.reset,0.009750166666666667
12mp,10,butteraugli.malta.main,27.24350716666667
12mp,10,butteraugli.malta.sub,6.908374833333333
12mp,10,butteraugli.mask.main,5.3124726666666655
12mp,10,butteraugli.mask_final.sub,6.651569333333334
12mp,10,butteraugli.psycho.main.high_x,6.842208333333335
12mp,10,butteraugli.psycho.main.high_y,6.986097166666667
12mp,10,butteraugli.psycho.main.low_medium,21.800292
12mp,10,butteraugli.psycho.main.medium_b,5.653319499999999
12mp,10,butteraugli.psycho.main.opsin,7.887499666666666
12mp,10,butteraugli.psycho.main.suppress_x,2.6071805
12mp,10,butteraugli.psycho.main.ultra_x,6.563729333333334
12mp,10,butteraugli.psycho.main.ultra_y,10.413965333333332
12mp,10,butteraugli.psycho.sub.high_x,1.7121661666666663
12mp,10,butteraugli.psycho.sub.high_y,1.5848191666666667
12mp,10,butteraugli.psycho.sub.low_medium,5.522590166666667
12mp,10,butteraugli.psycho.sub.medium_b,1.4138401666666667
12mp,10,butteraugli.psycho.sub.opsin,6.1286179999999995
12mp,10,butteraugli.psycho.sub.suppress_x,0.6692298333333332
12mp,10,butteraugli.psycho.sub.ultra_x,1.5472155
12mp,10,butteraugli.psycho.sub.ultra_y,2.6166945
12mp,10,butteraugli.resident_reduction,25.184708333333333
12mp,10,frontend.ac_strategy.dct16,7.639492833333333
12mp,10,frontend.ac_strategy.dct16x32,12.822027499999999
12mp,10,frontend.ac_strategy.dct16x8,4.337999833333334
12mp,10,frontend.ac_strategy.dct32,21.620611166666666
12mp,10,frontend.ac_strategy.dct32x16,11.480472166666665
12mp,10,frontend.ac_strategy.dct8,2.4724793333333333
12mp,10,frontend.ac_strategy.dct8x16,4.147896
12mp,10,frontend.initial_quantization,6.523208166666667
12mp,10,frontend.prepare_aq.reference.main.high_x,1.7044306666666664
12mp,10,frontend.prepare_aq.reference.main.high_y,1.7064028333333334
12mp,10,frontend.prepare_aq.reference.main.low_medium,5.4559375
12mp,10,frontend.prepare_aq.reference.main.mask,2.016624833333333
12mp,10,frontend.prepare_aq.reference.main.medium_b,1.4047708333333333
12mp,10,frontend.prepare_aq.reference.main.opsin,2.0385
12mp,10,frontend.prepare_aq.reference.main.suppress_x,0.6223126666666666
12mp,10,frontend.prepare_aq.reference.main.ultra_x,1.6709236666666667
12mp,10,frontend.prepare_aq.reference.main.ultra_y,2.5903958333333335
12mp,10,frontend.prepare_aq.reference.sub.high_x,0.42300699999999997
12mp,10,frontend.prepare_aq.reference.sub.high_y,0.4168888333333334
12mp,10,frontend.prepare_aq.reference.sub.low_medium,1.3908891666666667
12mp,10,frontend.prepare_aq.reference.sub.mask,0.5024098333333334
12mp,10,frontend.prepare_aq.reference.sub.medium_b,0.3665835
12mp,10,frontend.prepare_aq.reference.sub.opsin,1.54341
12mp,10,frontend.prepare_aq.reference.sub.suppress_x,0.16825716666666668
12mp,10,frontend.prepare_aq.reference.sub.ultra_x,0.3666943333333333
12mp,10,frontend.prepare_aq.reference.sub.ultra_y,0.6303541666666667
12mp,10,frontend.quant_adjustment,0.03210416666666666
24mp,1,aq.final_frame.dct8,6.777471833333333
24mp,1,aq.final_frame.final_cfl,3.727527666666667
24mp,1,aq.final_frame.quantizer,2.299256833333333
24mp,1,aq.final_frame.reset,0.00216
24mp,1,aq.policy_bounds,0.015777833333333335
24mp,1,aq.reconstruction.forward.dct8,3.640521
24mp,1,frontend.initial_quantization,2.860173666666667
24mp,1,frontend.quant_adjustment,0.07186133333333333
24mp,2,aq.final_frame.dct8,6.6266039999999995
24mp,2,aq.final_frame.final_cfl,3.751222166666667
24mp,2,aq.final_frame.quantizer,2.3174445
24mp,2,aq.final_frame.reset,0.0023958333333333336
24mp,2,aq.policy_bounds,0.016472333333333335
24mp,2,aq.reconstruction.forward.dct8,3.6529513333333337
24mp,2,frontend.initial_quantization,2.9085276666666666
24mp,2,frontend.quant_adjustment,0.12730566666666665
24mp,3,aq.final_frame.dct8,6.671013833333333
24mp,3,aq.final_frame.final_cfl,3.6746806666666667
24mp,3,aq.final_frame.quantizer,2.4603751666666667
24mp,3,aq.final_frame.reset,0.0021458333333333334
24mp,3,aq.policy_bounds,0.0158265
24mp,3,aq.reconstruction.forward.dct8,3.8358125
24mp,3,frontend.initial_quantization,2.7787428333333337
24mp,3,frontend.quant_adjustment,0.0475555
24mp,4,aq.final_frame.dc_quantization,1.6255486666666663
24mp,4,aq.final_frame.dct8,6.086117999999999
24mp,4,aq.final_frame.final_cfl,3.725277833333333
24mp,4,aq.final_frame.quantizer,2.2982015
24mp,4,aq.final_frame.reset,0.002166666666666667
24mp,4,aq.policy_bounds,0.015868333333333335
24mp,4,aq.reconstruction.forward.dct8,3.6514513333333336
24mp,4,frontend.initial_quantization,2.8560695000000003
24mp,4,frontend.quant_adjustment,0.046958
24mp,5,aq.epf.pass_1,3.780638833333333
24mp,5,aq.epf_linear.pass_2,3.0402011666666664
24mp,5,aq.final_frame.dc_quantization,1.6193471666666666
24mp,5,aq.final_frame.dct16,0.19123616666666665
24mp,5,aq.final_frame.dct16x32,0.40995116666666664
24mp,5,aq.final_frame.dct16x8,0.15070133333333335
24mp,5,aq.final_frame.dct32,4.297507166666667
24mp,5,aq.final_frame.dct32x16,0.3647985
24mp,5,aq.final_frame.dct8,1.0289726666666665
24mp,5,aq.final_frame.dct8x16,0.1988195
24mp,5,aq.final_frame.quantizer,0.9260418333333332
24mp,5,aq.gaborish,3.5797638333333333
24mp,5,aq.policy_bounds,0.014826166666666666
24mp,5,aq.policy_initialize,0.042305666666666665
24mp,5,aq.policy_update,0.04220116666666667
24mp,5,aq.reconstruction.coefficients.dct16,0.1833195
24mp,5,aq.reconstruction.coefficients.dct16x32,0.3591803333333334
24mp,5,aq.reconstruction.coefficients.dct16x8,0.1354236666666667
24mp,5,aq.reconstruction.coefficients.dct32,3.3278960000000004
24mp,5,aq.reconstruction.coefficients.dct32x16,0.3276945
24mp,5,aq.reconstruction.coefficients.dct8,0.8002638333333333
24mp,5,aq.reconstruction.coefficients.dct8x16,0.16111816666666665
24mp,5,aq.reconstruction.dc_llf,0.46031299999999997
24mp,5,aq.reconstruction.dc_quantization,1.6189585
24mp,5,aq.reconstruction.dc_smoothing,0.053903
24mp,5,aq.reconstruction.dct16,0.042271
24mp,5,aq.reconstruction.dct16x32,0.10985400000000001
24mp,5,aq.reconstruction.dct16x8,0.07768083333333335
24mp,5,aq.reconstruction.dct32,2.1100625
24mp,5,aq.reconstruction.dct32x16,0.08183316666666667
24mp,5,aq.reconstruction.dct8,0.5786111666666667
24mp,5,aq.reconstruction.dct8x16,0.08120133333333333
24mp,5,aq.reconstruction.final_cfl,2.9058956666666664
24mp,5,aq.reconstruction.forward.dct16,0.045791500000000006
24mp,5,aq.reconstruction.forward.dct16x32,0.13261816666666665
24mp,5,aq.reconstruction.forward.dct16x8,0.066465
24mp,5,aq.reconstruction.forward.dct32,2.1940418333333334
24mp,5,aq.reconstruction.forward.dct32x16,0.092785
24mp,5,aq.reconstruction.forward.dct8,0.5809653333333333
24mp,5,aq.reconstruction.forward.dct8x16,0.07284716666666667
24mp,5,aq.reconstruction.quantizer,0.8941596666666666
24mp,5,aq.reconstruction.reset,0.002111
24mp,5,aq.strategy_dispatch,0.004166833333333333
24mp,5,butteraugli.malta.main,13.509583166666665
24mp,5,butteraugli.malta.sub,3.391875
24mp,5,butteraugli.mask.main,2.5229933333333334
24mp,5,butteraugli.mask_final.sub,3.0244443333333333
24mp,5,butteraugli.psycho.main.high_x,3.3906458333333336
24mp,5,butteraugli.psycho.main.high_y,3.2231248333333333
24mp,5,butteraugli.psycho.main.low_medium,10.743138833333333
24mp,5,butteraugli.psycho.main.medium_b,2.7220415
24mp,5,butteraugli.psycho.main.opsin,3.5432155
24mp,5,butteraugli.psycho.main.suppress_x,1.2392708333333335
24mp,5,butteraugli.psycho.main.ultra_x,3.061882
24mp,5,butteraugli.psycho.main.ultra_y,4.592041666666667
24mp,5,butteraugli.psycho.sub.high_x,0.7985136666666667
24mp,5,butteraugli.psycho.sub.high_y,0.800118
24mp,5,butteraugli.psycho.sub.low_medium,2.6553123333333333
24mp,5,butteraugli.psycho.sub.medium_b,0.6863821666666666
24mp,5,butteraugli.psycho.sub.opsin,2.719388666666667
24mp,5,butteraugli.psycho.sub.suppress_x,0.310521
24mp,5,butteraugli.psycho.sub.ultra_x,0.806493
24mp,5,butteraugli.psycho.sub.ultra_y,1.1329793333333333
24mp,5,butteraugli.resident_reduction,9.193076333333332
24mp,5,frontend.ac_strategy.dct16,15.355298333333332
24mp,5,frontend.ac_strategy.dct16x32,9.697597499999999
24mp,5,frontend.ac_strategy.dct16x8,8.761027833333335
24mp,5,frontend.ac_strategy.dct32,16.734909666666667
24mp,5,frontend.ac_strategy.dct32x16,8.252076166666667
24mp,5,frontend.ac_strategy.dct8,5.113784666666667
24mp,5,frontend.ac_strategy.dct8x16,8.443041666666668
24mp,5,frontend.ac_strategy.metadata,1.0090281666666667
24mp,5,frontend.ac_strategy.select,0.45868749999999997
24mp,5,frontend.initial_quantization,13.340902999999999
24mp,5,frontend.prepare_aq.reference.main.high_x,3.2355625000000003
24mp,5,frontend.prepare_aq.reference.main.high_y,3.2235971666666665
24mp,5,frontend.prepare_aq.reference.main.low_medium,10.695173833333333
24mp,5,frontend.prepare_aq.reference.main.mask,3.889715333333333
24mp,5,frontend.prepare_aq.reference.main.medium_b,2.735409833333333
24mp,5,frontend.prepare_aq.reference.main.opsin,3.549992833333333
24mp,5,frontend.prepare_aq.reference.main.suppress_x,1.2313404999999997
24mp,5,frontend.prepare_aq.reference.main.ultra_x,2.9734236666666667
24mp,5,frontend.prepare_aq.reference.main.ultra_y,4.598708333333334
24mp,5,frontend.prepare_aq.reference.sub.high_x,0.8782218333333334
24mp,5,frontend.prepare_aq.reference.sub.high_y,0.8072363333333334
24mp,5,frontend.prepare_aq.reference.sub.low_medium,2.673499833333333
24mp,5,frontend.prepare_aq.reference.sub.mask,0.9189514999999999
24mp,5,frontend.prepare_aq.reference.sub.medium_b,0.6905351666666667
24mp,5,frontend.prepare_aq.reference.sub.opsin,2.7092221666666663
24mp,5,frontend.prepare_aq.reference.sub.suppress_x,0.3868681666666667
24mp,5,frontend.prepare_aq.reference.sub.ultra_x,0.7363051666666666
24mp,5,frontend.prepare_aq.reference.sub.ultra_y,1.1443960000000002
24mp,5,frontend.quant_adjustment,0.05000000000000001
24mp,6,aq.epf.pass_1,3.843354333333334
24mp,6,aq.epf_linear.pass_2,2.938152666666667
24mp,6,aq.final_frame.dc_quantization,1.6146178333333332
24mp,6,aq.final_frame.dct16,0.18979866666666667
24mp,6,aq.final_frame.dct16x32,0.4087153333333333
24mp,6,aq.final_frame.dct16x8,0.149986
24mp,6,aq.final_frame.dct32,4.157451166666666
24mp,6,aq.final_frame.dct32x16,0.3769861666666667
24mp,6,aq.final_frame.dct8,1.0339721666666668
24mp,6,aq.final_frame.dct8x16,0.19870816666666666
24mp,6,aq.final_frame.quantizer,0.8579374999999999
24mp,6,aq.gaborish,3.5891454999999994
24mp,6,aq.policy_bounds,0.014750166666666667
24mp,6,aq.policy_initialize,0.043097166666666666
24mp,6,aq.policy_update,0.041347166666666664
24mp,6,aq.reconstruction.coefficients.dct16,0.18350716666666667
24mp,6,aq.reconstruction.coefficients.dct16x32,0.3515973333333333
24mp,6,aq.reconstruction.coefficients.dct16x8,0.13831916666666666
24mp,6,aq.reconstruction.coefficients.dct32,3.331868
24mp,6,aq.reconstruction.coefficients.dct32x16,0.32595850000000004
24mp,6,aq.reconstruction.coefficients.dct8,0.8149791666666668
24mp,6,aq.reconstruction.coefficients.dct8x16,0.16147233333333333
24mp,6,aq.reconstruction.dc_llf,0.46067316666666674
24mp,6,aq.reconstruction.dc_quantization,1.6393469999999999
24mp,6,aq.reconstruction.dc_smoothing,0.05384733333333334
24mp,6,aq.reconstruction.dct16,0.04134733333333334
24mp,6,aq.reconstruction.dct16x32,0.11095866666666666
24mp,6,aq.reconstruction.dct16x8,0.06797216666666668
24mp,6,aq.reconstruction.dct32,2.0280765
24mp,6,aq.reconstruction.dct32x16,0.08190266666666667
24mp,6,aq.reconstruction.dct8,0.5702916666666668
24mp,6,aq.reconstruction.dct8x16,0.07906266666666668
24mp,6,aq.reconstruction.final_cfl,2.933888833333333
24mp,6,aq.reconstruction.forward.dct16,0.04663900000000001
24mp,6,aq.reconstruction.forward.dct16x32,0.10676383333333334
24mp,6,aq.reconstruction.forward.dct16x8,0.07643033333333334
24mp,6,aq.reconstruction.forward.dct32,2.110305166666667
24mp,6,aq.reconstruction.forward.dct32x16,0.09250000000000001
24mp,6,aq.reconstruction.forward.dct8,0.5798333333333333
24mp,6,aq.reconstruction.forward.dct8x16,0.07818733333333334
24mp,6,aq.reconstruction.quantizer,0.8775138333333333
24mp,6,aq.reconstruction.reset,0.0020765
24mp,6,aq.strategy_dispatch,0.003416833333333333
24mp,6,butteraugli.malta.main,13.424263999999999
24mp,6,butteraugli.malta.sub,3.4082084999999993
24mp,6,butteraugli.mask.main,2.4932776666666663
24mp,6,butteraugli.mask_final.sub,3.012492833333333
24mp,6,butteraugli.psycho.main.high_x,3.2358886666666664
24mp,6,butteraugli.psycho.main.high_y,3.2339791666666664
24mp,6,butteraugli.psycho.main.low_medium,10.654319666666666
24mp,6,butteraugli.psycho.main.medium_b,2.8684168333333333
24mp,6,butteraugli.psycho.main.opsin,3.5986526666666667
24mp,6,butteraugli.psycho.main.suppress_x,1.2368819999999998
24mp,6,butteraugli.psycho.main.ultra_x,2.9331808333333336
24mp,6,butteraugli.psycho.main.ultra_y,4.655645833333334
24mp,6,butteraugli.psycho.sub.high_x,0.8044166666666666
24mp,6,butteraugli.psycho.sub.high_y,0.8840693333333333
24mp,6,butteraugli.psycho.sub.low_medium,2.7376318333333334
24mp,6,butteraugli.psycho.sub.medium_b,0.6899656666666667
24mp,6,butteraugli.psycho.sub.opsin,2.7141874999999995
24mp,6,butteraugli.psycho.sub.suppress_x,0.31150016666666663
24mp,6,butteraugli.psycho.sub.ultra_x,0.7430971666666665
24mp,6,butteraugli.psycho.sub.ultra_y,1.1660415
24mp,6,butteraugli.resident_reduction,9.363465499999998
24mp,6,frontend.ac_strategy.dct16,15.153916666666667
24mp,6,frontend.ac_strategy.dct16x32,9.770743000000001
24mp,6,frontend.ac_strategy.dct16x8,8.6855695
24mp,6,frontend.ac_strategy.dct32,16.695153
24mp,6,frontend.ac_strategy.dct32x16,8.430798666666668
24mp,6,frontend.ac_strategy.dct8,5.239375166666666
24mp,6,frontend.ac_strategy.dct8x16,8.391118166666667
24mp,6,frontend.ac_strategy.metadata,1.0178335
24mp,6,frontend.ac_strategy.select,0.488986
24mp,6,frontend.initial_quantization,13.356014
24mp,6,frontend.prepare_aq.reference.main.high_x,3.2764306666666663
24mp,6,frontend.prepare_aq.reference.main.high_y,3.2901181666666663
24mp,6,frontend.prepare_aq.reference.main.low_medium,10.735902666666666
24mp,6,frontend.prepare_aq.reference.main.mask,3.6306666666666665
24mp,6,frontend.prepare_aq.reference.main.medium_b,2.707715333333333
24mp,6,frontend.prepare_aq.reference.main.opsin,3.6402013333333336
24mp,6,frontend.prepare_aq.reference.main.suppress_x,1.2431526666666668
24mp,6,frontend.prepare_aq.reference.main.ultra_x,2.9840278333333337
24mp,6,frontend.prepare_aq.reference.main.ultra_y,4.506131833333333
24mp,6,frontend.prepare_aq.reference.sub.high_x,0.8184998333333332
24mp,6,frontend.prepare_aq.reference.sub.high_y,0.8043403333333333
24mp,6,frontend.prepare_aq.reference.sub.low_medium,2.6595831666666663
24mp,6,frontend.prepare_aq.reference.sub.mask,0.9921386666666665
24mp,6,frontend.prepare_aq.reference.sub.medium_b,0.6893261666666667
24mp,6,frontend.prepare_aq.reference.sub.opsin,2.8642571666666665
24mp,6,frontend.prepare_aq.reference.sub.suppress_x,0.3104373333333333
24mp,6,frontend.prepare_aq.reference.sub.ultra_x,0.7522986666666666
24mp,6,frontend.prepare_aq.reference.sub.ultra_y,1.21234
24mp,6,frontend.quant_adjustment,0.047882
24mp,7,aq.epf.pass_1,7.474027666666667
24mp,7,aq.epf_linear.pass_2,5.8335205
24mp,7,aq.final_frame.dc_quantization,1.6177015
24mp,7,aq.final_frame.dct16,0.19174283333333333
24mp,7,aq.final_frame.dct16x32,0.413132
24mp,7,aq.final_frame.dct16x8,0.15076366666666666
24mp,7,aq.final_frame.dct32,4.179118
24mp,7,aq.final_frame.dct32x16,0.3659165
24mp,7,aq.final_frame.dct8,1.1077985
24mp,7,aq.final_frame.dct8x16,0.20265266666666668
24mp,7,aq.final_frame.quantizer,0.8087846666666666
24mp,7,aq.gaborish,7.313652333333334
24mp,7,aq.policy_bounds,0.014784666666666666
24mp,7,aq.policy_initialize,0.04245833333333334
24mp,7,aq.policy_update,0.08338183333333334
24mp,7,aq.reconstruction.coefficients.dct16,0.36975
24mp,7,aq.reconstruction.coefficients.dct16x32,0.7078616666666666
24mp,7,aq.reconstruction.coefficients.dct16x8,0.2715625
24mp,7,aq.reconstruction.coefficients.dct32,6.697006833333333
24mp,7,aq.reconstruction.coefficients.dct32x16,0.6555136666666667
24mp,7,aq.reconstruction.coefficients.dct8,1.6442773333333334
24mp,7,aq.reconstruction.coefficients.dct8x16,0.32023650000000004
24mp,7,aq.reconstruction.dc_llf,0.9196036666666668
24mp,7,aq.reconstruction.dc_quantization,3.2905138333333332
24mp,7,aq.reconstruction.dc_smoothing,0.08650716666666665
24mp,7,aq.reconstruction.dct16,0.09497933333333335
24mp,7,aq.reconstruction.dct16x32,0.21840283333333332
24mp,7,aq.reconstruction.dct16x8,0.13625700000000002
24mp,7,aq.reconstruction.dct32,4.171694333333333
24mp,7,aq.reconstruction.dct32x16,0.16199933333333333
24mp,7,aq.reconstruction.dct8,1.1354723333333332
24mp,7,aq.reconstruction.dct8x16,0.15736150000000002
24mp,7,aq.reconstruction.final_cfl,2.9743123333333332
24mp,7,aq.reconstruction.forward.dct16,0.04610433333333333
24mp,7,aq.reconstruction.forward.dct16x32,0.106236
24mp,7,aq.reconstruction.forward.dct16x8,0.07704183333333335
24mp,7,aq.reconstruction.forward.dct32,2.10209
24mp,7,aq.reconstruction.forward.dct32x16,0.09283333333333332
24mp,7,aq.reconstruction.forward.dct8,0.5901178333333333
24mp,7,aq.reconstruction.forward.dct8x16,0.0783125
24mp,7,aq.reconstruction.quantizer,1.7228055
24mp,7,aq.reconstruction.reset,0.0046805
24mp,7,aq.strategy_dispatch,0.0033333333333333335
24mp,7,butteraugli.malta.main,26.927159833333334
24mp,7,butteraugli.malta.sub,6.656868333333333
24mp,7,butteraugli.mask.main,5.076840166666666
24mp,7,butteraugli.mask_final.sub,6.145229333333333
24mp,7,butteraugli.psycho.main.high_x,6.626353833333333
24mp,7,butteraugli.psycho.main.high_y,6.577374833333333
24mp,7,butteraugli.psycho.main.low_medium,21.4668195
24mp,7,butteraugli.psycho.main.medium_b,5.5216596666666655
24mp,7,butteraugli.psycho.main.opsin,7.122125166666667
24mp,7,butteraugli.psycho.main.suppress_x,2.4761391666666666
24mp,7,butteraugli.psycho.main.ultra_x,6.021805666666666
24mp,7,butteraugli.psycho.main.ultra_y,9.105882166666666
24mp,7,butteraugli.psycho.sub.high_x,1.6169721666666668
24mp,7,butteraugli.psycho.sub.high_y,1.6067498333333334
24mp,7,butteraugli.psycho.sub.low_medium,5.380958
24mp,7,butteraugli.psycho.sub.medium_b,1.3740556666666668
24mp,7,butteraugli.psycho.sub.opsin,5.5672985
24mp,7,butteraugli.psycho.sub.suppress_x,0.6214305
24mp,7,butteraugli.psycho.sub.ultra_x,1.4688539999999997
24mp,7,butteraugli.psycho.sub.ultra_y,2.3391668333333335
24mp,7,butteraugli.resident_reduction,18.582875333333334
24mp,7,frontend.ac_strategy.dct16,15.196576333333335
24mp,7,frontend.ac_strategy.dct16x32,9.996666666666668
24mp,7,frontend.ac_strategy.dct16x8,8.739513833333334
24mp,7,frontend.ac_strategy.dct32,16.711138833333333
24mp,7,frontend.ac_strategy.dct32x16,8.198027666666666
24mp,7,frontend.ac_strategy.dct8,5.0445278333333325
24mp,7,frontend.ac_strategy.dct8x16,8.4532225
24mp,7,frontend.ac_strategy.metadata,0.9722221666666666
24mp,7,frontend.ac_strategy.select,0.4035486666666666
24mp,7,frontend.initial_quantization,13.470930666666666
24mp,7,frontend.prepare_aq.reference.main.high_x,3.2004445
24mp,7,frontend.prepare_aq.reference.main.high_y,3.2246321666666673
24mp,7,frontend.prepare_aq.reference.main.low_medium,10.724006833333334
24mp,7,frontend.prepare_aq.reference.main.mask,3.754729166666667
24mp,7,frontend.prepare_aq.reference.main.medium_b,2.7251318333333328
24mp,7,frontend.prepare_aq.reference.main.opsin,3.6338338333333335
24mp,7,frontend.prepare_aq.reference.main.suppress_x,1.2617083333333332
24mp,7,frontend.prepare_aq.reference.main.ultra_x,3.0361736666666665
24mp,7,frontend.prepare_aq.reference.main.ultra_y,4.6753055
24mp,7,frontend.prepare_aq.reference.sub.high_x,0.8035139999999998
24mp,7,frontend.prepare_aq.reference.sub.high_y,0.8090276666666667
24mp,7,frontend.prepare_aq.reference.sub.low_medium,2.657854166666667
24mp,7,frontend.prepare_aq.reference.sub.mask,0.9162359999999999
24mp,7,frontend.prepare_aq.reference.sub.medium_b,0.6894860000000002
24mp,7,frontend.prepare_aq.reference.sub.opsin,2.833479
24mp,7,frontend.prepare_aq.reference.sub.suppress_x,0.308993
24mp,7,frontend.prepare_aq.reference.sub.ultra_x,0.7374026666666667
24mp,7,frontend.prepare_aq.reference.sub.ultra_y,1.1731526666666667
24mp,7,frontend.quant_adjustment,0.049784666666666665
24mp,8,aq.epf.pass_1,11.282944333333333
24mp,8,aq.epf_linear.pass_2,8.825243166666667
24mp,8,aq.final_frame.dc_quantization,1.636514
24mp,8,aq.final_frame.dct16,0.190375
24mp,8,aq.final_frame.dct16x32,0.4282638333333333
24mp,8,aq.final_frame.dct16x8,0.1502915
24mp,8,aq.final_frame.dct32,4.243229499999999
24mp,8,aq.final_frame.dct32x16,0.3647221666666666
24mp,8,aq.final_frame.dct8,1.0221598333333333
24mp,8,aq.final_frame.dct8x16,0.200271
24mp,8,aq.final_frame.quantizer,0.8696456666666667
24mp,8,aq.gaborish,10.921479333333332
24mp,8,aq.policy_bounds,0.014861
24mp,8,aq.policy_initialize,0.0428125
24mp,8,aq.policy_update,0.1436805
24mp,8,aq.reconstruction.coefficients.dct16,0.5513681666666667
24mp,8,aq.reconstruction.coefficients.dct16x32,1.0737223333333332
24mp,8,aq.reconstruction.coefficients.dct16x8,0.40666
24mp,8,aq.reconstruction.coefficients.dct32,10.089715166666666
24mp,8,aq.reconstruction.coefficients.dct32x16,1.0425765
24mp,8,aq.reconstruction.coefficients.dct8,2.449271
24mp,8,aq.reconstruction.coefficients.dct8x16,0.47515933333333327
24mp,8,aq.reconstruction.dc_llf,1.448923
24mp,8,aq.reconstruction.dc_quantization,4.866777333333333
24mp,8,aq.reconstruction.dc_smoothing,0.12904183333333333
24mp,8,aq.reconstruction.dct16,0.12502766666666668
24mp,8,aq.reconstruction.dct16x32,0.3312985
24mp,8,aq.reconstruction.dct16x8,0.2044653333333333
24mp,8,aq.reconstruction.dct32,6.136222166666666
24mp,8,aq.reconstruction.dct32x16,0.2435203333333333
24mp,8,aq.reconstruction.dct8,1.7250555
24mp,8,aq.reconstruction.dct8x16,0.2367775
24mp,8,aq.reconstruction.final_cfl,27.590979
24mp,8,aq.reconstruction.forward.dct16,0.04572216666666667
24mp,8,aq.reconstruction.forward.dct16x32,0.1063055
24mp,8,aq.reconstruction.forward.dct16x8,0.06531933333333333
24mp,8,aq.reconstruction.forward.dct32,2.1753611666666663
24mp,8,aq.reconstruction.forward.dct32x16,0.09225716666666667
24mp,8,aq.reconstruction.forward.dct8,0.5810138333333333
24mp,8,aq.reconstruction.forward.dct8x16,0.07366666666666667
24mp,8,aq.reconstruction.quantizer,2.5495973333333333
24mp,8,aq.reconstruction.reset,0.006534333333333333
24mp,8,aq.strategy_dispatch,0.0032638333333333334
24mp,8,butteraugli.malta.main,40.16890983333334
24mp,8,butteraugli.malta.sub,10.148909166666668
24mp,8,butteraugli.mask.main,7.8687775
24mp,8,butteraugli.mask_final.sub,9.223298166666666
24mp,8,butteraugli.psycho.main.high_x,9.893472666666666
24mp,8,butteraugli.psycho.main.high_y,9.913374833333334
24mp,8,butteraugli.psycho.main.low_medium,32.09927783333333
24mp,8,butteraugli.psycho.main.medium_b,8.2388685
24mp,8,butteraugli.psycho.main.opsin,10.688548666666668
24mp,8,butteraugli.psycho.main.suppress_x,3.8388261666666668
24mp,8,butteraugli.psycho.main.ultra_x,8.875041166666668
24mp,8,butteraugli.psycho.main.ultra_y,13.733180333333335
24mp,8,butteraugli.psycho.sub.high_x,2.410937166666667
24mp,8,butteraugli.psycho.sub.high_y,2.4238121666666665
24mp,8,butteraugli.psycho.sub.low_medium,8.2703685
24mp,8,butteraugli.psycho.sub.medium_b,2.059667166666667
24mp,8,butteraugli.psycho.sub.opsin,8.152055333333335
24mp,8,butteraugli.psycho.sub.suppress_x,0.9320351666666666
24mp,8,butteraugli.psycho.sub.ultra_x,2.209194666666667
24mp,8,butteraugli.psycho.sub.ultra_y,3.4891736666666664
24mp,8,butteraugli.resident_reduction,27.979124999999996
24mp,8,frontend.ac_strategy.dct16,15.156687500000002
24mp,8,frontend.ac_strategy.dct16x32,9.672527833333332
24mp,8,frontend.ac_strategy.dct16x8,8.999208333333334
24mp,8,frontend.ac_strategy.dct32,16.667778000000002
24mp,8,frontend.ac_strategy.dct32x16,8.418583333333332
24mp,8,frontend.ac_strategy.dct8,5.102104166666667
24mp,8,frontend.ac_strategy.dct8x16,8.325986166666667
24mp,8,frontend.ac_strategy.metadata,0.9718195000000001
24mp,8,frontend.ac_strategy.select,0.4104026666666667
24mp,8,frontend.initial_quantization,13.639708333333333
24mp,8,frontend.prepare_aq.reference.main.high_x,3.223896
24mp,8,frontend.prepare_aq.reference.main.high_y,3.288937666666667
24mp,8,frontend.prepare_aq.reference.main.low_medium,10.6704375
24mp,8,frontend.prepare_aq.reference.main.mask,3.707840333333333
24mp,8,frontend.prepare_aq.reference.main.medium_b,2.7828401666666664
24mp,8,frontend.prepare_aq.reference.main.opsin,3.619631833333333
24mp,8,frontend.prepare_aq.reference.main.suppress_x,1.260604
24mp,8,frontend.prepare_aq.reference.main.ultra_x,2.977513666666667
24mp,8,frontend.prepare_aq.reference.main.ultra_y,4.620590333333333
24mp,8,frontend.prepare_aq.reference.sub.high_x,0.8031041666666666
24mp,8,frontend.prepare_aq.reference.sub.high_y,0.8079650000000002
24mp,8,frontend.prepare_aq.reference.sub.low_medium,2.6809238333333334
24mp,8,frontend.prepare_aq.reference.sub.mask,0.9946386666666666
24mp,8,frontend.prepare_aq.reference.sub.medium_b,0.7006039999999999
24mp,8,frontend.prepare_aq.reference.sub.opsin,2.6847778333333334
24mp,8,frontend.prepare_aq.reference.sub.suppress_x,0.31156249999999996
24mp,8,frontend.prepare_aq.reference.sub.ultra_x,0.7361318333333333
24mp,8,frontend.prepare_aq.reference.sub.ultra_y,1.1365556666666665
24mp,8,frontend.quant_adjustment,0.05168033333333333
24mp,9,aq.epf.pass_1,15.108395500000002
24mp,9,aq.epf_linear.pass_2,12.156944166666667
24mp,9,aq.final_frame.dc_quantization,1.7006876666666668
24mp,9,aq.final_frame.dct16,0.19229183333333333
24mp,9,aq.final_frame.dct16x32,0.4164651666666667
24mp,9,aq.final_frame.dct16x8,0.15361850000000002
24mp,9,aq.final_frame.dct32,4.328986333333334
24mp,9,aq.final_frame.dct32x16,0.36885433333333334
24mp,9,aq.final_frame.dct8,1.1214100000000002
24mp,9,aq.final_frame.dct8x16,0.2000346666666667
24mp,9,aq.final_frame.quantizer,0.8580416666666667
24mp,9,aq.gaborish,14.8576805
24mp,9,aq.policy_bounds,0.014833166666666666
24mp,9,aq.policy_initialize,0.042478999999999996
24mp,9,aq.policy_update,0.17554150000000002
24mp,9,aq.reconstruction.coefficients.dct16,0.7398409999999999
24mp,9,aq.reconstruction.coefficients.dct16x32,1.425201333333333
24mp,9,aq.reconstruction.coefficients.dct16x8,0.6239515
24mp,9,aq.reconstruction.coefficients.dct32,13.615791333333332
24mp,9,aq.reconstruction.coefficients.dct32x16,1.3245345000000002
24mp,9,aq.reconstruction.coefficients.dct8,3.388152
24mp,9,aq.reconstruction.coefficients.dct8x16,0.6470138333333334
24mp,9,aq.reconstruction.dc_llf,1.8489033333333333
24mp,9,aq.reconstruction.dc_quantization,6.549270333333332
24mp,9,aq.reconstruction.dc_smoothing,0.1794025
24mp,9,aq.reconstruction.dct16,0.17065283333333336
24mp,9,aq.reconstruction.dct16x32,0.46738166666666675
24mp,9,aq.reconstruction.dct16x8,0.286715
24mp,9,aq.reconstruction.dct32,8.427069333333334
24mp,9,aq.reconstruction.dct32x16,0.3326323333333333
24mp,9,aq.reconstruction.dct8,2.326201166666667
24mp,9,aq.reconstruction.dct8x16,0.3235348333333334
24mp,9,aq.reconstruction.final_cfl,27.661569500000002
24mp,9,aq.reconstruction.forward.dct16,0.04703466666666667
24mp,9,aq.reconstruction.forward.dct16x32,0.11019449999999999
24mp,9,aq.reconstruction.forward.dct16x8,0.0666665
24mp,9,aq.reconstruction.forward.dct32,2.1799653333333335
24mp,9,aq.reconstruction.forward.dct32x16,0.09462483333333332
24mp,9,aq.reconstruction.forward.dct8,0.5945281666666666
24mp,9,aq.reconstruction.forward.dct8x16,0.073757
24mp,9,aq.reconstruction.quantizer,3.4208615000000004
24mp,9,aq.reconstruction.reset,0.008638666666666668
24mp,9,aq.strategy_dispatch,0.0035693333333333336
24mp,9,butteraugli.malta.main,54.199062833333336
24mp,9,butteraugli.malta.sub,13.451735999999999
24mp,9,butteraugli.mask.main,10.375201666666667
24mp,9,butteraugli.mask_final.sub,12.552902333333334
24mp,9,butteraugli.psycho.main.high_x,13.393687499999999
24mp,9,butteraugli.psycho.main.high_y,13.003542166666668
24mp,9,butteraugli.psycho.main.low_medium,42.77345133333333
24mp,9,butteraugli.psycho.main.medium_b,10.987124666666666
24mp,9,butteraugli.psycho.main.opsin,14.240187666666666
24mp,9,butteraugli.psycho.main.suppress_x,5.153582833333333
24mp,9,butteraugli.psycho.main.ultra_x,12.048639166666666
24mp,9,butteraugli.psycho.main.ultra_y,18.589673666666666
24mp,9,butteraugli.psycho.sub.high_x,3.2400831666666665
24mp,9,butteraugli.psycho.sub.high_y,3.2701388333333328
24mp,9,butteraugli.psycho.sub.low_medium,10.629972833333332
24mp,9,butteraugli.psycho.sub.medium_b,2.7786596666666665
24mp,9,butteraugli.psycho.sub.opsin,10.914638166666668
24mp,9,butteraugli.psycho.sub.suppress_x,1.3904305000000001
24mp,9,butteraugli.psycho.sub.ultra_x,3.015632
24mp,9,butteraugli.psycho.sub.ultra_y,4.694111166666667
24mp,9,butteraugli.resident_reduction,37.9490415
24mp,9,frontend.ac_strategy.dct16,15.298284833333334
24mp,9,frontend.ac_strategy.dct16x32,9.717986166666666
24mp,9,frontend.ac_strategy.dct16x8,8.729923666666666
24mp,9,frontend.ac_strategy.dct32,16.900569166666667
24mp,9,frontend.ac_strategy.dct32x16,8.208840333333335
24mp,9,frontend.ac_strategy.dct8,5.104159500000001
24mp,9,frontend.ac_strategy.dct8x16,8.683152666666667
24mp,9,frontend.ac_strategy.metadata,0.96584
24mp,9,frontend.ac_strategy.select,0.454722
24mp,9,frontend.initial_quantization,13.3947845
24mp,9,frontend.prepare_aq.reference.main.high_x,3.2691459999999997
24mp,9,frontend.prepare_aq.reference.main.high_y,3.303771
24mp,9,frontend.prepare_aq.reference.main.low_medium,10.737159666666665
24mp,9,frontend.prepare_aq.reference.main.mask,3.880402666666667
24mp,9,frontend.prepare_aq.reference.main.medium_b,2.775729
24mp,9,frontend.prepare_aq.reference.main.opsin,3.6259583333333336
24mp,9,frontend.prepare_aq.reference.main.suppress_x,1.2881528333333332
24mp,9,frontend.prepare_aq.reference.main.ultra_x,3.0522915000000004
24mp,9,frontend.prepare_aq.reference.main.ultra_y,4.7558055
24mp,9,frontend.prepare_aq.reference.sub.high_x,0.8101038333333334
24mp,9,frontend.prepare_aq.reference.sub.high_y,0.813764
24mp,9,frontend.prepare_aq.reference.sub.low_medium,2.730347333333333
24mp,9,frontend.prepare_aq.reference.sub.mask,0.9302429999999999
24mp,9,frontend.prepare_aq.reference.sub.medium_b,0.6916041666666667
24mp,9,frontend.prepare_aq.reference.sub.opsin,2.8638956666666666
24mp,9,frontend.prepare_aq.reference.sub.suppress_x,0.3928751666666666
24mp,9,frontend.prepare_aq.reference.sub.ultra_x,0.7528750000000001
24mp,9,frontend.prepare_aq.reference.sub.ultra_y,1.1733123333333333
24mp,9,frontend.quant_adjustment,0.050305833333333334
24mp,10,aq.epf.pass_1,14.874631500000001
24mp,10,aq.epf_linear.pass_2,12.081243500000001
24mp,10,aq.final_frame.dc_quantization,1.6162499999999997
24mp,10,aq.final_frame.dct16,0.1872845
24mp,10,aq.final_frame.dct16x32,0.4198126666666666
24mp,10,aq.final_frame.dct16x8,0.14403483333333333
24mp,10,aq.final_frame.dct32,4.348479333333334
24mp,10,aq.final_frame.dct32x16,0.37057650000000003
24mp,10,aq.final_frame.dct8,1.0204445
24mp,10,aq.final_frame.dct8x16,0.19331233333333334
24mp,10,aq.final_frame.quantizer,0.825097
24mp,10,aq.gaborish,14.625374666666668
24mp,10,aq.policy_bounds,0.015458333333333333
24mp,10,aq.policy_initialize,0.04408316666666667
24mp,10,aq.policy_update,0.18256183333333334
24mp,10,aq.reconstruction.coefficients.dct16,0.734118
24mp,10,aq.reconstruction.coefficients.dct16x32,1.4461181666666667
24mp,10,aq.reconstruction.coefficients.dct16x8,0.5298409999999999
24mp,10,aq.reconstruction.coefficients.dct32,14.014750499999998
24mp,10,aq.reconstruction.coefficients.dct32x16,1.4076798333333336
24mp,10,aq.reconstruction.coefficients.dct8,3.4426875
24mp,10,aq.reconstruction.coefficients.dct8x16,0.6324795000000001
24mp,10,aq.reconstruction.dc_llf,1.7748343333333334
24mp,10,aq.reconstruction.dc_quantization,6.5577145
24mp,10,aq.reconstruction.dc_smoothing,0.24232683333333335
24mp,10,aq.reconstruction.dct16,0.16634766666666667
24mp,10,aq.reconstruction.dct16x32,0.5011941666666666
24mp,10,aq.reconstruction.dct16x8,0.271195
24mp,10,aq.reconstruction.dct32,8.276570166666668
24mp,10,aq.reconstruction.dct32x16,0.3593335
24mp,10,aq.reconstruction.dct8,2.2692711666666665
24mp,10,aq.reconstruction.dct8x16,0.3032431666666667
24mp,10,aq.reconstruction.final_cfl,27.298986333333332
24mp,10,aq.reconstruction.forward.dct16,0.04634733333333333
24mp,10,aq.reconstruction.forward.dct16x32,0.11147266666666666
24mp,10,aq.reconstruction.forward.dct16x8,0.0815485
24mp,10,aq.reconstruction.forward.dct32,2.1374581666666663
24mp,10,aq.reconstruction.forward.dct32x16,0.09750716666666666
24mp,10,aq.reconstruction.forward.dct8,0.5665206666666667
24mp,10,aq.reconstruction.forward.dct8x16,0.08548616666666665
24mp,10,aq.reconstruction.quantizer,3.502257333333333
24mp,10,aq.reconstruction.reset,0.009320166666666668
24mp,10,butteraugli.malta.main,53.440549000000004
24mp,10,butteraugli.malta.sub,13.553902333333333
24mp,10,butteraugli.mask.main,10.3085835
24mp,10,butteraugli.mask_final.sub,12.509757333333333
24mp,10,butteraugli.psycho.main.high_x,13.175444166666667
24mp,10,butteraugli.psycho.main.high_y,13.121395666666666
24mp,10,butteraugli.psycho.main.low_medium,42.83425666666667
24mp,10,butteraugli.psycho.main.medium_b,10.938062333333333
24mp,10,butteraugli.psycho.main.opsin,14.451791666666667
24mp,10,butteraugli.psycho.main.suppress_x,5.304798000000001
24mp,10,butteraugli.psycho.main.ultra_x,12.1525555
24mp,10,butteraugli.psycho.main.ultra_y,18.857215
24mp,10,butteraugli.psycho.sub.high_x,3.3287776666666673
24mp,10,butteraugli.psycho.sub.high_y,3.4353890000000002
24mp,10,butteraugli.psycho.sub.low_medium,10.859764
24mp,10,butteraugli.psycho.sub.medium_b,2.750618
24mp,10,butteraugli.psycho.sub.opsin,11.048923666666667
24mp,10,butteraugli.psycho.sub.suppress_x,1.2525626666666667
24mp,10,butteraugli.psycho.sub.ultra_x,3.0607151666666663
24mp,10,butteraugli.psycho.sub.ultra_y,4.727958500000001
24mp,10,butteraugli.resident_reduction,37.71824966666667
24mp,10,frontend.ac_strategy.dct16,15.325090333333334
24mp,10,frontend.ac_strategy.dct16x32,25.786770833333332
24mp,10,frontend.ac_strategy.dct16x8,8.801979166666666
24mp,10,frontend.ac_strategy.dct32,43.243541666666665
24mp,10,frontend.ac_strategy.dct32x16,22.996145666666667
24mp,10,frontend.ac_strategy.dct8,5.147826333333334
24mp,10,frontend.ac_strategy.dct8x16,8.397444499999999
24mp,10,frontend.initial_quantization,13.359069499999999
24mp,10,frontend.prepare_aq.reference.main.high_x,3.2430420000000004
24mp,10,frontend.prepare_aq.reference.main.high_y,3.316437666666667
24mp,10,frontend.prepare_aq.reference.main.low_medium,10.611625
24mp,10,frontend.prepare_aq.reference.main.mask,3.7164376666666663
24mp,10,frontend.prepare_aq.reference.main.medium_b,2.878159833333333
24mp,10,frontend.prepare_aq.reference.main.opsin,3.6185834999999997
24mp,10,frontend.prepare_aq.reference.main.suppress_x,1.2838749999999999
24mp,10,frontend.prepare_aq.reference.main.ultra_x,2.989743166666667
24mp,10,frontend.prepare_aq.reference.main.ultra_y,4.698125166666666
24mp,10,frontend.prepare_aq.reference.sub.high_x,0.8079793333333333
24mp,10,frontend.prepare_aq.reference.sub.high_y,0.8138263333333332
24mp,10,frontend.prepare_aq.reference.sub.low_medium,2.7681873333333336
24mp,10,frontend.prepare_aq.reference.sub.mask,0.9200488333333334
24mp,10,frontend.prepare_aq.reference.sub.medium_b,0.7641873333333332
24mp,10,frontend.prepare_aq.reference.sub.opsin,2.7256596666666666
24mp,10,frontend.prepare_aq.reference.sub.suppress_x,0.3129098333333334
24mp,10,frontend.prepare_aq.reference.sub.ultra_x,0.7506043333333334
24mp,10,frontend.prepare_aq.reference.sub.ultra_y,1.2351181666666666
24mp,10,frontend.quant_adjustment,0.03827066666666667
48mp,1,aq.final_frame.dct8,13.424201166666668
48mp,1,aq.final_frame.final_cfl,7.287868
48mp,1,aq.final_frame.quantizer,6.198673499999999
48mp,1,aq.final_frame.reset,0.003257
48mp,1,aq.policy_bounds,0.036104166666666666
48mp,1,aq.reconstruction.forward.dct8,7.500694833333333
48mp,1,frontend.initial_quantization,5.8138681666666665
48mp,1,frontend.quant_adjustment,0.11487499999999999
48mp,2,aq.final_frame.dct8,13.208423333333334
48mp,2,aq.final_frame.final_cfl,7.8821805000000005
48mp,2,aq.final_frame.quantizer,8.051999833333333
48mp,2,aq.final_frame.reset,0.0039373333333333335
48mp,2,aq.policy_bounds,0.0488125
48mp,2,aq.reconstruction.forward.dct8,8.607090333333334
48mp,2,frontend.initial_quantization,5.969020999999999
48mp,2,frontend.quant_adjustment,0.1428265
48mp,3,aq.final_frame.dct8,13.400562833333334
48mp,3,aq.final_frame.final_cfl,7.625923833333334
48mp,3,aq.final_frame.quantizer,7.127236166666666
48mp,3,aq.final_frame.reset,0.0032431666666666663
48mp,3,aq.policy_bounds,0.03859716666666666
48mp,3,aq.reconstruction.forward.dct8,7.960611166666666
48mp,3,frontend.initial_quantization,5.7950558333333335
48mp,3,frontend.quant_adjustment,0.11938900000000001
48mp,4,aq.final_frame.dc_quantization,1.7654098333333332
48mp,4,aq.final_frame.dct8,12.3503615
48mp,4,aq.final_frame.final_cfl,7.3685211666666675
48mp,4,aq.final_frame.quantizer,4.541930333333334
48mp,4,aq.final_frame.reset,0.002146
48mp,4,aq.policy_bounds,0.02368066666666667
48mp,4,aq.reconstruction.forward.dct8,7.370312833333333
48mp,4,frontend.initial_quantization,5.751749999999999
48mp,4,frontend.quant_adjustment,0.08754183333333332
48mp,5,aq.epf.pass_1,8.074472
48mp,5,aq.epf_linear.pass_2,7.193784666666666
48mp,5,aq.final_frame.dc_quantization,1.7727083333333333
48mp,5,aq.final_frame.dct16,0.46988199999999997
48mp,5,aq.final_frame.dct16x32,0.5599375000000001
48mp,5,aq.final_frame.dct16x8,0.2705
48mp,5,aq.final_frame.dct32,7.945534666666667
48mp,5,aq.final_frame.dct32x16,0.47813883333333335
48mp,5,aq.final_frame.dct8,2.4238193333333338
48mp,5,aq.final_frame.dct8x16,0.32013216666666666
48mp,5,aq.final_frame.quantizer,1.6537361666666668
48mp,5,aq.gaborish,7.336131666666667
48mp,5,aq.policy_bounds,0.022840166666666665
48mp,5,aq.policy_initialize,0.07972216666666666
48mp,5,aq.policy_update,0.0791945
48mp,5,aq.reconstruction.coefficients.dct16,0.3767155
48mp,5,aq.reconstruction.coefficients.dct16x32,0.4510206666666667
48mp,5,aq.reconstruction.coefficients.dct16x8,0.21161833333333335
48mp,5,aq.reconstruction.coefficients.dct32,6.385715333333333
48mp,5,aq.reconstruction.coefficients.dct32x16,0.3949513333333334
48mp,5,aq.reconstruction.coefficients.dct8,1.8264443333333336
48mp,5,aq.reconstruction.coefficients.dct8x16,0.253757
48mp,5,aq.reconstruction.dc_llf,0.9101868333333333
48mp,5,aq.reconstruction.dc_quantization,1.7660556666666665
48mp,5,aq.reconstruction.dc_smoothing,0.0849865
48mp,5,aq.reconstruction.dct16,0.22481933333333334
48mp,5,aq.reconstruction.dct16x32,0.20669433333333334
48mp,5,aq.reconstruction.dct16x8,0.177868
48mp,5,aq.reconstruction.dct32,3.882486
48mp,5,aq.reconstruction.dct32x16,0.15917383333333332
48mp,5,aq.reconstruction.dct8,1.2860905
48mp,5,aq.reconstruction.dct8x16,0.1593195
48mp,5,aq.reconstruction.final_cfl,5.8169933333333335
48mp,5,aq.reconstruction.forward.dct16,0.19682633333333333
48mp,5,aq.reconstruction.forward.dct16x32,0.21539583333333331
48mp,5,aq.reconstruction.forward.dct16x8,0.1488055
48mp,5,aq.reconstruction.forward.dct32,3.843673666666666
48mp,5,aq.reconstruction.forward.dct32x16,0.16966650000000003
48mp,5,aq.reconstruction.forward.dct8,1.2958403333333333
48mp,5,aq.reconstruction.forward.dct8x16,0.1445763333333333
48mp,5,aq.reconstruction.quantizer,1.6736804999999997
48mp,5,aq.reconstruction.reset,0.0032290000000000005
48mp,5,aq.strategy_dispatch,0.0032845000000000005
48mp,5,butteraugli.malta.main,27.79172916666667
48mp,5,butteraugli.malta.sub,6.881152833333334
48mp,5,butteraugli.mask.main,5.611055333333334
48mp,5,butteraugli.mask_final.sub,6.950749666666667
48mp,5,butteraugli.psycho.main.high_x,7.5570208333333335
48mp,5,butteraugli.psycho.main.high_y,7.1403265
48mp,5,butteraugli.psycho.main.low_medium,21.4978125
48mp,5,butteraugli.psycho.main.medium_b,5.968229166666666
48mp,5,butteraugli.psycho.main.opsin,7.760117999999999
48mp,5,butteraugli.psycho.main.suppress_x,2.6769513333333332
48mp,5,butteraugli.psycho.main.ultra_x,7.2564651666666675
48mp,5,butteraugli.psycho.main.ultra_y,11.331256833333335
48mp,5,butteraugli.psycho.sub.high_x,1.799305333333333
48mp,5,butteraugli.psycho.sub.high_y,1.7594303333333332
48mp,5,butteraugli.psycho.sub.low_medium,5.456361166666667
48mp,5,butteraugli.psycho.sub.medium_b,1.4734094999999998
48mp,5,butteraugli.psycho.sub.opsin,6.3252638333333335
48mp,5,butteraugli.psycho.sub.suppress_x,0.6415766666666667
48mp,5,butteraugli.psycho.sub.ultra_x,1.7544441666666666
48mp,5,butteraugli.psycho.sub.ultra_y,2.8362014999999996
48mp,5,butteraugli.resident_reduction,22.979924
48mp,5,frontend.ac_strategy.dct16,30.513638999999998
48mp,5,frontend.ac_strategy.dct16x32,19.837381833333335
48mp,5,frontend.ac_strategy.dct16x8,17.7366875
48mp,5,frontend.ac_strategy.dct32,33.61034033333333
48mp,5,frontend.ac_strategy.dct32x16,16.55691
48mp,5,frontend.ac_strategy.dct8,9.893777666666667
48mp,5,frontend.ac_strategy.dct8x16,16.948250166666664
48mp,5,frontend.ac_strategy.metadata,1.7782501666666664
48mp,5,frontend.ac_strategy.select,0.6388404999999999
48mp,5,frontend.initial_quantization,25.212618333333335
48mp,5,frontend.prepare_aq.reference.main.high_x,7.176611333333334
48mp,5,frontend.prepare_aq.reference.main.high_y,7.113013666666666
48mp,5,frontend.prepare_aq.reference.main.low_medium,21.706750166666666
48mp,5,frontend.prepare_aq.reference.main.mask,8.577208166666667
48mp,5,frontend.prepare_aq.reference.main.medium_b,6.104527666666667
48mp,5,frontend.prepare_aq.reference.main.opsin,7.954229166666667
48mp,5,frontend.prepare_aq.reference.main.suppress_x,2.5985971666666665
48mp,5,frontend.prepare_aq.reference.main.ultra_x,6.980479166666666
48mp,5,frontend.prepare_aq.reference.main.ultra_y,11.292826333333332
48mp,5,frontend.prepare_aq.reference.sub.high_x,1.7408261666666665
48mp,5,frontend.prepare_aq.reference.sub.high_y,1.7899791666666667
48mp,5,frontend.prepare_aq.reference.sub.low_medium,5.462861333333334
48mp,5,frontend.prepare_aq.reference.sub.mask,2.2732221666666668
48mp,5,frontend.prepare_aq.reference.sub.medium_b,1.4594375000000002
48mp,5,frontend.prepare_aq.reference.sub.opsin,6.218604166666666
48mp,5,frontend.prepare_aq.reference.sub.suppress_x,0.6394998333333333
48mp,5,frontend.prepare_aq.reference.sub.ultra_x,1.7307223333333335
48mp,5,frontend.prepare_aq.reference.sub.ultra_y,2.7647151666666665
48mp,5,frontend.quant_adjustment,0.062757
48mp,6,aq.epf.pass_1,7.6471875
48mp,6,aq.epf_linear.pass_2,6.988638666666666
48mp,6,aq.final_frame.dc_quantization,1.7871598333333332
48mp,6,aq.final_frame.dct16,0.4718473333333333
48mp,6,aq.final_frame.dct16x32,0.6080835
48mp,6,aq.final_frame.dct16x8,0.270611
48mp,6,aq.final_frame.dct32,7.995458333333333
48mp,6,aq.final_frame.dct32x16,0.4755971666666667
48mp,6,aq.final_frame.dct8,2.2869514999999994
48mp,6,aq.final_frame.dct8x16,0.3190903333333333
48mp,6,aq.final_frame.quantizer,1.6589374999999997
48mp,6,aq.gaborish,7.3249445
48mp,6,aq.policy_bounds,0.023020833333333334
48mp,6,aq.policy_initialize,0.07981233333333333
48mp,6,aq.policy_update,0.07995833333333334
48mp,6,aq.reconstruction.coefficients.dct16,0.38633999999999996
48mp,6,aq.reconstruction.coefficients.dct16x32,0.4496043333333333
48mp,6,aq.reconstruction.coefficients.dct16x8,0.23456966666666668
48mp,6,aq.reconstruction.coefficients.dct32,6.308826333333333
48mp,6,aq.reconstruction.coefficients.dct32x16,0.395236
48mp,6,aq.reconstruction.coefficients.dct8,1.7919515000000004
48mp,6,aq.reconstruction.coefficients.dct8x16,0.3317913333333333
48mp,6,aq.reconstruction.dc_llf,0.8883611666666668
48mp,6,aq.reconstruction.dc_quantization,1.7662708333333335
48mp,6,aq.reconstruction.dc_smoothing,0.08465966666666667
48mp,6,aq.reconstruction.dct16,0.20529183333333334
48mp,6,aq.reconstruction.dct16x32,0.202757
48mp,6,aq.reconstruction.dct16x8,0.15972883333333332
48mp,6,aq.reconstruction.dct32,3.903534666666667
48mp,6,aq.reconstruction.dct32x16,0.15681933333333334
48mp,6,aq.reconstruction.dct8,1.2714516666666666
48mp,6,aq.reconstruction.dct8x16,0.15722250000000002
48mp,6,aq.reconstruction.final_cfl,5.858451166666666
48mp,6,aq.reconstruction.forward.dct16,0.19344416666666667
48mp,6,aq.reconstruction.forward.dct16x32,0.193535
48mp,6,aq.reconstruction.forward.dct16x8,0.1671735
48mp,6,aq.reconstruction.forward.dct32,3.9465835000000005
48mp,6,aq.reconstruction.forward.dct32x16,0.16743750000000002
48mp,6,aq.reconstruction.forward.dct8,1.2820278333333335
48mp,6,aq.reconstruction.forward.dct8x16,0.14329866666666666
48mp,6,aq.reconstruction.quantizer,1.6006875
48mp,6,aq.reconstruction.reset,0.0021318333333333332
48mp,6,aq.strategy_dispatch,0.003639
48mp,6,butteraugli.malta.main,27.659923333333335
48mp,6,butteraugli.malta.sub,6.849020833333333
48mp,6,butteraugli.mask.main,5.577499666666665
48mp,6,butteraugli.mask_final.sub,6.911437666666667
48mp,6,butteraugli.psycho.main.high_x,7.4666733333333335
48mp,6,butteraugli.psycho.main.high_y,7.290618000000001
48mp,6,butteraugli.psycho.main.low_medium,21.553492833333333
48mp,6,butteraugli.psycho.main.medium_b,5.942736166666666
48mp,6,butteraugli.psycho.main.opsin,7.9011594999999994
48mp,6,butteraugli.psycho.main.suppress_x,2.6376736666666663
48mp,6,butteraugli.psycho.main.ultra_x,7.079583
48mp,6,butteraugli.psycho.main.ultra_y,11.342604166666668
48mp,6,butteraugli.psycho.sub.high_x,1.8449721666666667
48mp,6,butteraugli.psycho.sub.high_y,1.7734931666666667
48mp,6,butteraugli.psycho.sub.low_medium,5.441097333333334
48mp,6,butteraugli.psycho.sub.medium_b,1.4689443333333336
48mp,6,butteraugli.psycho.sub.opsin,6.390104166666667
48mp,6,butteraugli.psycho.sub.suppress_x,0.6372705000000001
48mp,6,butteraugli.psycho.sub.ultra_x,1.7395623333333334
48mp,6,butteraugli.psycho.sub.ultra_y,2.7572221666666663
48mp,6,butteraugli.resident_reduction,22.857749833333333
48mp,6,frontend.ac_strategy.dct16,30.16855533333333
48mp,6,frontend.ac_strategy.dct16x32,19.816215333333332
48mp,6,frontend.ac_strategy.dct16x8,17.614986000000002
48mp,6,frontend.ac_strategy.dct32,33.309361333333335
48mp,6,frontend.ac_strategy.dct32x16,16.945951333333337
48mp,6,frontend.ac_strategy.dct8,10.014340166666669
48mp,6,frontend.ac_strategy.dct8x16,17.0898195
48mp,6,frontend.ac_strategy.metadata,1.7982845
48mp,6,frontend.ac_strategy.select,0.6991806666666666
48mp,6,frontend.initial_quantization,25.486868166666664
48mp,6,frontend.prepare_aq.reference.main.high_x,7.063937666666668
48mp,6,frontend.prepare_aq.reference.main.high_y,7.143965333333334
48mp,6,frontend.prepare_aq.reference.main.low_medium,21.899937500000004
48mp,6,frontend.prepare_aq.reference.main.mask,8.503152833333333
48mp,6,frontend.prepare_aq.reference.main.medium_b,5.965277833333334
48mp,6,frontend.prepare_aq.reference.main.opsin,7.9848056666666665
48mp,6,frontend.prepare_aq.reference.main.suppress_x,2.5956528333333333
48mp,6,frontend.prepare_aq.reference.main.ultra_x,7.0086319999999995
48mp,6,frontend.prepare_aq.reference.main.ultra_y,11.316757
48mp,6,frontend.prepare_aq.reference.sub.high_x,1.739507
48mp,6,frontend.prepare_aq.reference.sub.high_y,1.933257
48mp,6,frontend.prepare_aq.reference.sub.low_medium,5.538055833333334
48mp,6,frontend.prepare_aq.reference.sub.mask,2.105493
48mp,6,frontend.prepare_aq.reference.sub.medium_b,1.5526666666666669
48mp,6,frontend.prepare_aq.reference.sub.opsin,6.288326333333333
48mp,6,frontend.prepare_aq.reference.sub.suppress_x,0.654757
48mp,6,frontend.prepare_aq.reference.sub.ultra_x,1.7344375
48mp,6,frontend.prepare_aq.reference.sub.ultra_y,2.7437775
48mp,6,frontend.quant_adjustment,0.13913883333333332
48mp,7,aq.epf.pass_1,15.165736
48mp,7,aq.epf_linear.pass_2,14.331583499999999
48mp,7,aq.final_frame.dc_quantization,1.7656945000000002
48mp,7,aq.final_frame.dct16,0.4728751666666666
48mp,7,aq.final_frame.dct16x32,0.558396
48mp,7,aq.final_frame.dct16x8,0.2851805
48mp,7,aq.final_frame.dct32,8.144319666666666
48mp,7,aq.final_frame.dct32x16,0.4934236666666667
48mp,7,aq.final_frame.dct8,2.2877639999999997
48mp,7,aq.final_frame.dct8x16,0.32226416666666674
48mp,7,aq.final_frame.quantizer,1.5595486666666665
48mp,7,aq.gaborish,14.734736166666664
48mp,7,aq.policy_bounds,0.022916833333333334
48mp,7,aq.policy_initialize,0.07955566666666668
48mp,7,aq.policy_update,0.15910366666666667
48mp,7,aq.reconstruction.coefficients.dct16,0.7544233333333334
48mp,7,aq.reconstruction.coefficients.dct16x32,0.9044996666666667
48mp,7,aq.reconstruction.coefficients.dct16x8,0.43936783333333335
48mp,7,aq.reconstruction.coefficients.dct32,12.6384585
48mp,7,aq.reconstruction.coefficients.dct32x16,0.789965
48mp,7,aq.reconstruction.coefficients.dct8,3.6541246666666667
48mp,7,aq.reconstruction.coefficients.dct8x16,0.506743
48mp,7,aq.reconstruction.dc_llf,1.799152
48mp,7,aq.reconstruction.dc_quantization,3.559340166666667
48mp,7,aq.reconstruction.dc_smoothing,0.16995133333333334
48mp,7,aq.reconstruction.dct16,0.4623055
48mp,7,aq.reconstruction.dct16x32,0.41180583333333337
48mp,7,aq.reconstruction.dct16x8,0.3948403333333334
48mp,7,aq.reconstruction.dct32,7.8315003333333335
48mp,7,aq.reconstruction.dct32x16,0.31499299999999997
48mp,7,aq.reconstruction.dct8,2.567243
48mp,7,aq.reconstruction.dct8x16,0.31844483333333334
48mp,7,aq.reconstruction.final_cfl,5.916138833333334
48mp,7,aq.reconstruction.forward.dct16,0.1946805
48mp,7,aq.reconstruction.forward.dct16x32,0.191729
48mp,7,aq.reconstruction.forward.dct16x8,0.1472915
48mp,7,aq.reconstruction.forward.dct32,3.955076333333334
48mp,7,aq.reconstruction.forward.dct32x16,0.1669306666666667
48mp,7,aq.reconstruction.forward.dct8,1.2946873333333333
48mp,7,aq.reconstruction.forward.dct8x16,0.14159033333333335
48mp,7,aq.reconstruction.quantizer,3.2729166666666667
48mp,7,aq.reconstruction.reset,0.005298833333333333
48mp,7,aq.strategy_dispatch,0.003305666666666667
48mp,7,butteraugli.malta.main,55.6200135
48mp,7,butteraugli.malta.sub,13.659603833333334
48mp,7,butteraugli.mask.main,11.247652833333333
48mp,7,butteraugli.mask_final.sub,13.894305666666668
48mp,7,butteraugli.psycho.main.high_x,14.9294585
48mp,7,butteraugli.psycho.main.high_y,14.538000166666668
48mp,7,butteraugli.psycho.main.low_medium,43.14852066666666
48mp,7,butteraugli.psycho.main.medium_b,12.054319833333333
48mp,7,butteraugli.psycho.main.opsin,15.986138666666667
48mp,7,butteraugli.psycho.main.suppress_x,5.312264166666666
48mp,7,butteraugli.psycho.main.ultra_x,14.267506833333334
48mp,7,butteraugli.psycho.main.ultra_y,23.106854166666665
48mp,7,butteraugli.psycho.sub.high_x,3.5462433333333334
48mp,7,butteraugli.psycho.sub.high_y,3.552375
48mp,7,butteraugli.psycho.sub.low_medium,10.937235999999999
48mp,7,butteraugli.psycho.sub.medium_b,2.9245416666666664
48mp,7,butteraugli.psycho.sub.opsin,12.851215666666667
48mp,7,butteraugli.psycho.sub.suppress_x,1.4539586666666666
48mp,7,butteraugli.psycho.sub.ultra_x,3.6424306666666664
48mp,7,butteraugli.psycho.sub.ultra_y,5.628527999999999
48mp,7,butteraugli.resident_reduction,46.19485433333333
48mp,7,frontend.ac_strategy.dct16,30.09539583333333
48mp,7,frontend.ac_strategy.dct16x32,19.771729333333337
48mp,7,frontend.ac_strategy.dct16x8,17.429013666666666
48mp,7,frontend.ac_strategy.dct32,33.44716
48mp,7,frontend.ac_strategy.dct32x16,16.914673333333337
48mp,7,frontend.ac_strategy.dct8,10.089090166666667
48mp,7,frontend.ac_strategy.dct8x16,17.2384655
48mp,7,frontend.ac_strategy.metadata,1.8607918333333335
48mp,7,frontend.ac_strategy.select,0.6172848333333333
48mp,7,frontend.initial_quantization,25.503785000000004
48mp,7,frontend.prepare_aq.reference.main.high_x,7.120465333333333
48mp,7,frontend.prepare_aq.reference.main.high_y,7.175430666666666
48mp,7,frontend.prepare_aq.reference.main.low_medium,21.849388833333336
48mp,7,frontend.prepare_aq.reference.main.mask,8.5866805
48mp,7,frontend.prepare_aq.reference.main.medium_b,5.854271
48mp,7,frontend.prepare_aq.reference.main.opsin,7.952978833333333
48mp,7,frontend.prepare_aq.reference.main.suppress_x,2.6715138333333335
48mp,7,frontend.prepare_aq.reference.main.ultra_x,7.216264166666666
48mp,7,frontend.prepare_aq.reference.main.ultra_y,11.153437666666667
48mp,7,frontend.prepare_aq.reference.sub.high_x,1.7557916666666664
48mp,7,frontend.prepare_aq.reference.sub.high_y,1.7562569999999997
48mp,7,frontend.prepare_aq.reference.sub.low_medium,5.457159666666667
48mp,7,frontend.prepare_aq.reference.sub.mask,2.0978958333333333
48mp,7,frontend.prepare_aq.reference.sub.medium_b,1.4676318333333331
48mp,7,frontend.prepare_aq.reference.sub.opsin,6.407764
48mp,7,frontend.prepare_aq.reference.sub.suppress_x,0.6365208333333333
48mp,7,frontend.prepare_aq.reference.sub.ultra_x,1.8852846666666665
48mp,7,frontend.prepare_aq.reference.sub.ultra_y,2.7612291666666664
48mp,7,frontend.quant_adjustment,0.06472900000000001
48mp,8,aq.epf.pass_1,23.560687666666666
48mp,8,aq.epf_linear.pass_2,21.063903166666666
48mp,8,aq.final_frame.dc_quantization,1.7776666666666665
48mp,8,aq.final_frame.dct16,0.4759165
48mp,8,aq.final_frame.dct16x32,0.567535
48mp,8,aq.final_frame.dct16x8,0.2742155
48mp,8,aq.final_frame.dct32,8.118319166666668
48mp,8,aq.final_frame.dct32x16,0.48547250000000003
48mp,8,aq.final_frame.dct8,2.2999445
48mp,8,aq.final_frame.dct8x16,0.32502083333333337
48mp,8,aq.final_frame.quantizer,1.6460418333333333
48mp,8,aq.gaborish,22.475945
48mp,8,aq.policy_bounds,0.02275666666666667
48mp,8,aq.policy_initialize,0.07968066666666666
48mp,8,aq.policy_update,0.5085556666666666
48mp,8,aq.reconstruction.coefficients.dct16,1.1326593333333335
48mp,8,aq.reconstruction.coefficients.dct16x32,1.3724443333333334
48mp,8,aq.reconstruction.coefficients.dct16x8,0.6678609999999999
48mp,8,aq.reconstruction.coefficients.dct32,19.062333166666665
48mp,8,aq.reconstruction.coefficients.dct32x16,1.2698471666666666
48mp,8,aq.reconstruction.coefficients.dct8,5.6679725
48mp,8,aq.reconstruction.coefficients.dct8x16,0.7652150000000001
48mp,8,aq.reconstruction.dc_llf,2.7827976666666667
48mp,8,aq.reconstruction.dc_quantization,5.309645833333334
48mp,8,aq.reconstruction.dc_smoothing,0.29791033333333333
48mp,8,aq.reconstruction.dct16,0.6318754999999999
48mp,8,aq.reconstruction.dct16x32,0.6275141666666667
48mp,8,aq.reconstruction.dct16x8,0.5340280000000001
48mp,8,aq.reconstruction.dct32,11.717881666666665
48mp,8,aq.reconstruction.dct32x16,0.5510691666666667
48mp,8,aq.reconstruction.dct8,3.908416833333334
48mp,8,aq.reconstruction.dct8x16,0.4840768333333334
48mp,8,aq.reconstruction.final_cfl,45.70302083333333
48mp,8,aq.reconstruction.forward.dct16,0.19570833333333335
48mp,8,aq.reconstruction.forward.dct16x32,0.1983195
48mp,8,aq.reconstruction.forward.dct16x8,0.17906266666666668
48mp,8,aq.reconstruction.forward.dct32,3.8637986666666664
48mp,8,aq.reconstruction.forward.dct32x16,0.16951416666666666
48mp,8,aq.reconstruction.forward.dct8,1.281486166666667
48mp,8,aq.reconstruction.forward.dct8x16,0.145007
48mp,8,aq.reconstruction.quantizer,4.831527666666666
48mp,8,aq.reconstruction.reset,0.007645666666666666
48mp,8,aq.strategy_dispatch,0.0031873333333333333
48mp,8,butteraugli.malta.main,83.25040949999999
48mp,8,butteraugli.malta.sub,21.053610833333334
48mp,8,butteraugli.mask.main,17.209860833333334
48mp,8,butteraugli.mask_final.sub,20.750222499999996
48mp,8,butteraugli.psycho.main.high_x,22.640104000000004
48mp,8,butteraugli.psycho.main.high_y,22.10947916666667
48mp,8,butteraugli.psycho.main.low_medium,64.584264
48mp,8,butteraugli.psycho.main.medium_b,17.940181166666665
48mp,8,butteraugli.psycho.main.opsin,23.663875333333333
48mp,8,butteraugli.psycho.main.suppress_x,8.230284833333334
48mp,8,butteraugli.psycho.main.ultra_x,21.632680166666663
48mp,8,butteraugli.psycho.main.ultra_y,34.501256999999995
48mp,8,butteraugli.psycho.sub.high_x,5.357770666666667
48mp,8,butteraugli.psycho.sub.high_y,5.400173166666668
48mp,8,butteraugli.psycho.sub.low_medium,16.2904585
48mp,8,butteraugli.psycho.sub.medium_b,4.493632000000001
48mp,8,butteraugli.psycho.sub.opsin,19.254861166666668
48mp,8,butteraugli.psycho.sub.suppress_x,1.9596250000000002
48mp,8,butteraugli.psycho.sub.ultra_x,5.466562499999999
48mp,8,butteraugli.psycho.sub.ultra_y,8.562076166666667
48mp,8,butteraugli.resident_reduction,70.12194433333333
48mp,8,frontend.ac_strategy.dct16,30.350812166666667
48mp,8,frontend.ac_strategy.dct16x32,19.85203483333333
48mp,8,frontend.ac_strategy.dct16x8,17.507361
48mp,8,frontend.ac_strategy.dct32,33.34579133333333
48mp,8,frontend.ac_strategy.dct32x16,16.757291499999997
48mp,8,frontend.ac_strategy.dct8,10.055673333333331
48mp,8,frontend.ac_strategy.dct8x16,17.163187833333335
48mp,8,frontend.ac_strategy.metadata,1.770361
48mp,8,frontend.ac_strategy.select,0.7318956666666665
48mp,8,frontend.initial_quantization,25.553437666666667
48mp,8,frontend.prepare_aq.reference.main.high_x,7.111083333333334
48mp,8,frontend.prepare_aq.reference.main.high_y,7.196979333333334
48mp,8,frontend.prepare_aq.reference.main.low_medium,21.920507
48mp,8,frontend.prepare_aq.reference.main.mask,8.649750333333333
48mp,8,frontend.prepare_aq.reference.main.medium_b,6.009479166666666
48mp,8,frontend.prepare_aq.reference.main.opsin,8.031354166666667
48mp,8,frontend.prepare_aq.reference.main.suppress_x,2.607382
48mp,8,frontend.prepare_aq.reference.main.ultra_x,7.221937499999999
48mp,8,frontend.prepare_aq.reference.main.ultra_y,11.446735833333333
48mp,8,frontend.prepare_aq.reference.sub.high_x,1.8316804999999998
48mp,8,frontend.prepare_aq.reference.sub.high_y,1.7652985
48mp,8,frontend.prepare_aq.reference.sub.low_medium,5.523882166666667
48mp,8,frontend.prepare_aq.reference.sub.mask,2.0980066666666666
48mp,8,frontend.prepare_aq.reference.sub.medium_b,1.4529513333333337
48mp,8,frontend.prepare_aq.reference.sub.opsin,6.411520833333333
48mp,8,frontend.prepare_aq.reference.sub.suppress_x,0.7175485
48mp,8,frontend.prepare_aq.reference.sub.ultra_x,1.7781735
48mp,8,frontend.prepare_aq.reference.sub.ultra_y,2.8037848333333333
48mp,8,frontend.quant_adjustment,0.06257633333333333
48mp,9,aq.epf.pass_1,31.200208166666666
48mp,9,aq.epf_linear.pass_2,29.390291333333334
48mp,9,aq.final_frame.dc_quantization,1.7901873333333331
48mp,9,aq.final_frame.dct16,0.47520150000000005
48mp,9,aq.final_frame.dct16x32,0.5625693333333334
48mp,9,aq.final_frame.dct16x8,0.2735555
48mp,9,aq.final_frame.dct32,8.020826166666666
48mp,9,aq.final_frame.dct32x16,0.4795761666666667
48mp,9,aq.final_frame.dct8,2.4312363333333336
48mp,9,aq.final_frame.dct8x16,0.32270150000000003
48mp,9,aq.final_frame.quantizer,1.5604653333333334
48mp,9,aq.gaborish,29.946819666666666
48mp,9,aq.policy_bounds,0.022923500000000003
48mp,9,aq.policy_initialize,0.07952066666666667
48mp,9,aq.policy_update,0.7827916666666667
48mp,9,aq.reconstruction.coefficients.dct16,1.5031809999999999
48mp,9,aq.reconstruction.coefficients.dct16x32,1.8222289999999999
48mp,9,aq.reconstruction.coefficients.dct16x8,0.8990903333333335
48mp,9,aq.reconstruction.coefficients.dct32,25.55709033333333
48mp,9,aq.reconstruction.coefficients.dct32x16,1.5890276666666667
48mp,9,aq.reconstruction.coefficients.dct8,7.356298833333333
48mp,9,aq.reconstruction.coefficients.dct8x16,1.0313401666666666
48mp,9,aq.reconstruction.dc_llf,3.7425619999999995
48mp,9,aq.reconstruction.dc_quantization,7.084986166666667
48mp,9,aq.reconstruction.dc_smoothing,0.37274333333333337
48mp,9,aq.reconstruction.dct16,0.8385558333333334
48mp,9,aq.reconstruction.dct16x32,0.8331041666666666
48mp,9,aq.reconstruction.dct16x8,0.6967918333333333
48mp,9,aq.reconstruction.dct32,15.691763833333335
48mp,9,aq.reconstruction.dct32x16,0.6653335
48mp,9,aq.reconstruction.dct8,5.348104333333333
48mp,9,aq.reconstruction.dct8x16,0.6555626666666667
48mp,9,aq.reconstruction.final_cfl,45.13440966666666
48mp,9,aq.reconstruction.forward.dct16,0.19849983333333335
48mp,9,aq.reconstruction.forward.dct16x32,0.19887483333333333
48mp,9,aq.reconstruction.forward.dct16x8,0.14974333333333334
48mp,9,aq.reconstruction.forward.dct32,3.882146
48mp,9,aq.reconstruction.forward.dct32x16,0.1702155
48mp,9,aq.reconstruction.forward.dct8,1.2916740000000002
48mp,9,aq.reconstruction.forward.dct8x16,0.14637516666666667
48mp,9,aq.reconstruction.quantizer,6.395104166666667
48mp,9,aq.reconstruction.reset,0.10255500000000001
48mp,9,aq.strategy_dispatch,0.003409833333333333
48mp,9,butteraugli.malta.main,111.00318066666667
48mp,9,butteraugli.malta.sub,28.082416666666663
48mp,9,butteraugli.mask.main,23.53432666666667
48mp,9,butteraugli.mask_final.sub,27.501805666666666
48mp,9,butteraugli.psycho.main.high_x,30.23608383333333
48mp,9,butteraugli.psycho.main.high_y,29.229611000000002
48mp,9,butteraugli.psycho.main.low_medium,86.49139566666666
48mp,9,butteraugli.psycho.main.medium_b,24.22084033333333
48mp,9,butteraugli.psycho.main.opsin,31.577798333333334
48mp,9,butteraugli.psycho.main.suppress_x,11.077562666666667
48mp,9,butteraugli.psycho.main.ultra_x,29.262284000000005
48mp,9,butteraugli.psycho.main.ultra_y,46.16908333333333
48mp,9,butteraugli.psycho.sub.high_x,7.282180333333333
48mp,9,butteraugli.psycho.sub.high_y,7.204853833333334
48mp,9,butteraugli.psycho.sub.low_medium,21.754097333333334
48mp,9,butteraugli.psycho.sub.medium_b,6.084743333333333
48mp,9,butteraugli.psycho.sub.opsin,25.602458499999997
48mp,9,butteraugli.psycho.sub.suppress_x,2.6345206666666665
48mp,9,butteraugli.psycho.sub.ultra_x,7.2179996666666675
48mp,9,butteraugli.psycho.sub.ultra_y,11.703673666666667
48mp,9,butteraugli.resident_reduction,93.05404866666667
48mp,9,frontend.ac_strategy.dct16,30.243625166666664
48mp,9,frontend.ac_strategy.dct16x32,19.480215333333334
48mp,9,frontend.ac_strategy.dct16x8,17.582395666666667
48mp,9,frontend.ac_strategy.dct32,33.337111166666666
48mp,9,frontend.ac_strategy.dct32x16,17.127882166666666
48mp,9,frontend.ac_strategy.dct8,9.952909499999999
48mp,9,frontend.ac_strategy.dct8x16,16.9927225
48mp,9,frontend.ac_strategy.metadata,1.7009583333333333
48mp,9,frontend.ac_strategy.select,0.8100898333333334
48mp,9,frontend.initial_quantization,25.5923335
48mp,9,frontend.prepare_aq.reference.main.high_x,7.218340166666667
48mp,9,frontend.prepare_aq.reference.main.high_y,7.334937166666667
48mp,9,frontend.prepare_aq.reference.main.low_medium,21.832569333333335
48mp,9,frontend.prepare_aq.reference.main.mask,8.719416833333332
48mp,9,frontend.prepare_aq.reference.main.medium_b,5.886916833333333
48mp,9,frontend.prepare_aq.reference.main.opsin,8.048451666666667
48mp,9,frontend.prepare_aq.reference.main.suppress_x,2.691979166666666
48mp,9,frontend.prepare_aq.reference.main.ultra_x,7.2412358333333335
48mp,9,frontend.prepare_aq.reference.main.ultra_y,11.4768125
48mp,9,frontend.prepare_aq.reference.sub.high_x,1.7702221666666667
48mp,9,frontend.prepare_aq.reference.sub.high_y,1.7693265
48mp,9,frontend.prepare_aq.reference.sub.low_medium,5.554889
48mp,9,frontend.prepare_aq.reference.sub.mask,2.206958333333333
48mp,9,frontend.prepare_aq.reference.sub.medium_b,1.4719443333333333
48mp,9,frontend.prepare_aq.reference.sub.opsin,6.3648335000000005
48mp,9,frontend.prepare_aq.reference.sub.suppress_x,0.6679858333333334
48mp,9,frontend.prepare_aq.reference.sub.ultra_x,1.7657916666666669
48mp,9,frontend.prepare_aq.reference.sub.ultra_y,2.818034833333334
48mp,9,frontend.quant_adjustment,0.0643265
48mp,10,aq.epf.pass_1,31.16582633333333
48mp,10,aq.epf_linear.pass_2,28.390792000000005
48mp,10,aq.final_frame.dc_quantization,1.7702221666666667
48mp,10,aq.final_frame.dct16,0.455062
48mp,10,aq.final_frame.dct16x32,0.557708
48mp,10,aq.final_frame.dct16x8,0.25977066666666665
48mp,10,aq.final_frame.dct32,8.223076166666667
48mp,10,aq.final_frame.dct32x16,0.4789026666666667
48mp,10,aq.final_frame.dct8,2.2203055
48mp,10,aq.final_frame.dct8x16,0.3064651666666667
48mp,10,aq.final_frame.quantizer,1.5621805000000002
48mp,10,aq.gaborish,29.838583500000002
48mp,10,aq.policy_bounds,0.023159666666666665
48mp,10,aq.policy_initialize,0.0795
48mp,10,aq.policy_update,0.6131805
48mp,10,aq.reconstruction.coefficients.dct16,1.4857223333333334
48mp,10,aq.reconstruction.coefficients.dct16x32,1.8322636666666667
48mp,10,aq.reconstruction.coefficients.dct16x8,1.050333
48mp,10,aq.reconstruction.coefficients.dct32,26.509507
48mp,10,aq.reconstruction.coefficients.dct32x16,1.681187666666667
48mp,10,aq.reconstruction.coefficients.dct8,7.271034833333334
48mp,10,aq.reconstruction.coefficients.dct8x16,1.0054236666666667
48mp,10,aq.reconstruction.dc_llf,3.6286039999999997
48mp,10,aq.reconstruction.dc_quantization,7.112979
48mp,10,aq.reconstruction.dc_smoothing,0.35349933333333333
48mp,10,aq.reconstruction.dct16,0.8522916666666666
48mp,10,aq.reconstruction.dct16x32,0.8475626666666667
48mp,10,aq.reconstruction.dct16x8,0.6370073333333334
48mp,10,aq.reconstruction.dct32,15.78987483333333
48mp,10,aq.reconstruction.dct32x16,0.6687151666666667
48mp,10,aq.reconstruction.dct8,5.095409666666667
48mp,10,aq.reconstruction.dct8x16,0.6107356666666667
48mp,10,aq.reconstruction.final_cfl,45.1267775
48mp,10,aq.reconstruction.forward.dct16,0.1869165
48mp,10,aq.reconstruction.forward.dct16x32,0.19785399999999997
48mp,10,aq.reconstruction.forward.dct16x8,0.16600716666666668
48mp,10,aq.reconstruction.forward.dct32,3.8933958333333334
48mp,10,aq.reconstruction.forward.dct32x16,0.17186083333333335
48mp,10,aq.reconstruction.forward.dct8,1.2296181666666666
48mp,10,aq.reconstruction.forward.dct8x16,0.13755566666666666
48mp,10,aq.reconstruction.quantizer,6.508652666666666
48mp,10,aq.reconstruction.reset,0.008735833333333333
48mp,10,butteraugli.malta.main,110.94653516666666
48mp,10,butteraugli.malta.sub,27.583882
48mp,10,butteraugli.mask.main,22.950986166666667
48mp,10,butteraugli.mask_final.sub,27.5670415
48mp,10,butteraugli.psycho.main.high_x,29.786895333333334
48mp,10,butteraugli.psycho.main.high_y,28.865367833333337
48mp,10,butteraugli.psycho.main.low_medium,86.84201433333334
48mp,10,butteraugli.psycho.main.medium_b,24.42438866666667
48mp,10,butteraugli.psycho.main.opsin,31.484187666666667
48mp,10,butteraugli.psycho.main.suppress_x,10.57979216666667
48mp,10,butteraugli.psycho.main.ultra_x,28.875631499999997
48mp,10,butteraugli.psycho.main.ultra_y,45.628041833333334
48mp,10,butteraugli.psycho.sub.high_x,7.214791833333334
48mp,10,butteraugli.psycho.sub.high_y,7.247118499999999
48mp,10,butteraugli.psycho.sub.low_medium,22.089215333333332
48mp,10,butteraugli.psycho.sub.medium_b,6.047756833333334
48mp,10,butteraugli.psycho.sub.opsin,25.491625333333335
48mp,10,butteraugli.psycho.sub.suppress_x,2.7844166666666665
48mp,10,butteraugli.psycho.sub.ultra_x,7.184548666666668
48mp,10,butteraugli.psycho.sub.ultra_y,11.438340333333334
48mp,10,butteraugli.resident_reduction,91.95117366666666
48mp,10,frontend.ac_strategy.dct16,30.5186805
48mp,10,frontend.ac_strategy.dct16x32,51.32234033333333
48mp,10,frontend.ac_strategy.dct16x8,17.643263666666666
48mp,10,frontend.ac_strategy.dct32,86.82111783333333
48mp,10,frontend.ac_strategy.dct32x16,46.575000166666676
48mp,10,frontend.ac_strategy.dct8,10.132423666666668
48mp,10,frontend.ac_strategy.dct8x16,17.0099585
48mp,10,frontend.initial_quantization,25.594381833333333
48mp,10,frontend.prepare_aq.reference.main.high_x,7.3436666666666675
48mp,10,frontend.prepare_aq.reference.main.high_y,7.220173666666667
48mp,10,frontend.prepare_aq.reference.main.low_medium,21.842284833333334
48mp,10,frontend.prepare_aq.reference.main.mask,8.544173500000001
48mp,10,frontend.prepare_aq.reference.main.medium_b,5.890861166666667
48mp,10,frontend.prepare_aq.reference.main.opsin,8.277083333333334
48mp,10,frontend.prepare_aq.reference.main.suppress_x,2.627895833333333
48mp,10,frontend.prepare_aq.reference.main.ultra_x,7.079999833333335
48mp,10,frontend.prepare_aq.reference.main.ultra_y,11.463333166666665
48mp,10,frontend.prepare_aq.reference.sub.high_x,1.7551595000000002
48mp,10,frontend.prepare_aq.reference.sub.high_y,1.7912223333333335
48mp,10,frontend.prepare_aq.reference.sub.low_medium,5.533590333333334
48mp,10,frontend.prepare_aq.reference.sub.mask,2.1263401666666666
48mp,10,frontend.prepare_aq.reference.sub.medium_b,1.4831181666666666
48mp,10,frontend.prepare_aq.reference.sub.opsin,6.372895666666667
48mp,10,frontend.prepare_aq.reference.sub.suppress_x,0.6645070000000001
48mp,10,frontend.prepare_aq.reference.sub.ultra_x,1.8259514999999997
48mp,10,frontend.prepare_aq.reference.sub.ultra_y,2.7636803333333333
48mp,10,frontend.quant_adjustment,0.056742666666666663
clic_1_8_to_3_4mp,1,aq.final_frame.dct8,1.5309097500000002
clic_1_8_to_3_4mp,1,aq.final_frame.final_cfl,1.0974792500000001
clic_1_8_to_3_4mp,1,aq.final_frame.quantizer,0.7026804166666666
clic_1_8_to_3_4mp,1,aq.final_frame.reset,0.0033993333333333336
clic_1_8_to_3_4mp,1,aq.policy_bounds,0.01405225
clic_1_8_to_3_4mp,1,aq.reconstruction.forward.dct8,0.7383054166666668
clic_1_8_to_3_4mp,1,frontend.initial_quantization,0.6274479166666667
clic_1_8_to_3_4mp,1,frontend.quant_adjustment,0.014944500000000001
clic_1_8_to_3_4mp,2,aq.final_frame.dct8,1.6290244999999999
clic_1_8_to_3_4mp,2,aq.final_frame.final_cfl,1.4414966666666666
clic_1_8_to_3_4mp,2,aq.final_frame.quantizer,0.7231665833333335
clic_1_8_to_3_4mp,2,aq.final_frame.reset,0.003642333333333333
clic_1_8_to_3_4mp,2,aq.policy_bounds,0.015819583333333335
clic_1_8_to_3_4mp,2,aq.reconstruction.forward.dct8,0.8991110833333332
clic_1_8_to_3_4mp,2,frontend.initial_quantization,0.6262707500000001
clic_1_8_to_3_4mp,2,frontend.quant_adjustment,0.027496666666666666
clic_1_8_to_3_4mp,3,aq.final_frame.dct8,1.755034666666667
clic_1_8_to_3_4mp,3,aq.final_frame.final_cfl,1.126229
clic_1_8_to_3_4mp,3,aq.final_frame.quantizer,0.8261875
clic_1_8_to_3_4mp,3,aq.final_frame.reset,0.0034339999999999996
clic_1_8_to_3_4mp,3,aq.policy_bounds,0.014319499999999999
clic_1_8_to_3_4mp,3,aq.reconstruction.forward.dct8,0.7512639166666667
clic_1_8_to_3_4mp,3,frontend.initial_quantization,0.6564375833333335
clic_1_8_to_3_4mp,3,frontend.quant_adjustment,0.041951499999999996
clic_1_8_to_3_4mp,4,aq.final_frame.dc_quantization,2.123850583333333
clic_1_8_to_3_4mp,4,aq.final_frame.dct8,1.0349061666666668
clic_1_8_to_3_4mp,4,aq.final_frame.final_cfl,0.7943505000000001
clic_1_8_to_3_4mp,4,aq.final_frame.quantizer,0.5435069166666666
clic_1_8_to_3_4mp,4,aq.final_frame.reset,0.003537916666666667
clic_1_8_to_3_4mp,4,aq.policy_bounds,0.07220141666666667
clic_1_8_to_3_4mp,4,aq.reconstruction.forward.dct8,0.6115105833333333
clic_1_8_to_3_4mp,4,frontend.initial_quantization,0.5039827499999999
clic_1_8_to_3_4mp,4,frontend.quant_adjustment,0.012503416666666664
clic_1_8_to_3_4mp,5,aq.epf.pass_1,0.5126769999999999
clic_1_8_to_3_4mp,5,aq.epf_linear.pass_2,0.397882
clic_1_8_to_3_4mp,5,aq.final_frame.dc_quantization,1.52726025
clic_1_8_to_3_4mp,5,aq.final_frame.dct16,0.06866308333333333
clic_1_8_to_3_4mp,5,aq.final_frame.dct16x32,0.20343066666666665
clic_1_8_to_3_4mp,5,aq.final_frame.dct16x8,0.09205225
clic_1_8_to_3_4mp,5,aq.final_frame.dct32,0.9319828333333332
clic_1_8_to_3_4mp,5,aq.final_frame.dct32x16,0.20495841666666667
clic_1_8_to_3_4mp,5,aq.final_frame.dct8,0.11945499999999998
clic_1_8_to_3_4mp,5,aq.final_frame.dct8x16,0.06767033333333333
clic_1_8_to_3_4mp,5,aq.final_frame.quantizer,0.22132975000000002
clic_1_8_to_3_4mp,5,aq.gaborish,0.4416354166666667
clic_1_8_to_3_4mp,5,aq.policy_bounds,0.008611
clic_1_8_to_3_4mp,5,aq.policy_initialize,0.008350749999999999
clic_1_8_to_3_4mp,5,aq.policy_update,0.008472249999999999
clic_1_8_to_3_4mp,5,aq.reconstruction.coefficients.dct16,0.06322216666666666
clic_1_8_to_3_4mp,5,aq.reconstruction.coefficients.dct16x32,0.19669441666666673
clic_1_8_to_3_4mp,5,aq.reconstruction.coefficients.dct16x8,0.08689583333333334
clic_1_8_to_3_4mp,5,aq.reconstruction.coefficients.dct32,0.7788160833333334
clic_1_8_to_3_4mp,5,aq.reconstruction.coefficients.dct32x16,0.22610074999999996
clic_1_8_to_3_4mp,5,aq.reconstruction.coefficients.dct8,0.09613525
clic_1_8_to_3_4mp,5,aq.reconstruction.coefficients.dct8x16,0.06620158333333333
clic_1_8_to_3_4mp,5,aq.reconstruction.dc_llf,0.1023575
clic_1_8_to_3_4mp,5,aq.reconstruction.dc_quantization,1.5473264999999998
clic_1_8_to_3_4mp,5,aq.reconstruction.dc_smoothing,0.009732666666666666
clic_1_8_to_3_4mp,5,aq.reconstruction.dct16,0.0074895000000000005
clic_1_8_to_3_4mp,5,aq.reconstruction.dct16x32,0.029777749999999995
clic_1_8_to_3_4mp,5,aq.reconstruction.dct16x8,0.012326416666666668
clic_1_8_to_3_4mp,5,aq.reconstruction.dct32,0.29735408333333335
clic_1_8_to_3_4mp,5,aq.reconstruction.dct32x16,0.028906166666666667
clic_1_8_to_3_4mp,5,aq.reconstruction.dct8,0.047017416666666666
clic_1_8_to_3_4mp,5,aq.reconstruction.dct8x16,0.013232583333333334
clic_1_8_to_3_4mp,5,aq.reconstruction.final_cfl,0.49094091666666667
clic_1_8_to_3_4mp,5,aq.reconstruction.forward.dct16,0.008461749999999999
clic_1_8_to_3_4mp,5,aq.reconstruction.forward.dct16x32,0.029868083333333333
clic_1_8_to_3_4mp,5,aq.reconstruction.forward.dct16x8,0.014899166666666666
clic_1_8_to_3_4mp,5,aq.reconstruction.forward.dct32,0.2887465833333333
clic_1_8_to_3_4mp,5,aq.reconstruction.forward.dct32x16,0.02725341666666666
clic_1_8_to_3_4mp,5,aq.reconstruction.forward.dct8,0.048840333333333326
clic_1_8_to_3_4mp,5,aq.reconstruction.forward.dct8x16,0.014913250000000001
clic_1_8_to_3_4mp,5,aq.reconstruction.quantizer,0.2604134166666667
clic_1_8_to_3_4mp,5,aq.reconstruction.reset,0.002097333333333333
clic_1_8_to_3_4mp,5,aq.strategy_dispatch,0.0036494166666666667
clic_1_8_to_3_4mp,5,butteraugli.malta.main,1.8759236666666668
clic_1_8_to_3_4mp,5,butteraugli.malta.sub,0.49556949999999994
clic_1_8_to_3_4mp,5,butteraugli.mask.main,0.35192033333333334
clic_1_8_to_3_4mp,5,butteraugli.mask_final.sub,0.41597924999999997
clic_1_8_to_3_4mp,5,butteraugli.psycho.main.high_x,0.43551416666666665
clic_1_8_to_3_4mp,5,butteraugli.psycho.main.high_y,0.42164575
clic_1_8_to_3_4mp,5,butteraugli.psycho.main.low_medium,1.4835625
clic_1_8_to_3_4mp,5,butteraugli.psycho.main.medium_b,0.3836110833333333
clic_1_8_to_3_4mp,5,butteraugli.psycho.main.opsin,0.4901355
clic_1_8_to_3_4mp,5,butteraugli.psycho.main.suppress_x,0.17906249999999999
clic_1_8_to_3_4mp,5,butteraugli.psycho.main.ultra_x,0.3781285833333334
clic_1_8_to_3_4mp,5,butteraugli.psycho.main.ultra_y,0.6404165833333333
clic_1_8_to_3_4mp,5,butteraugli.psycho.sub.high_x,0.11319433333333334
clic_1_8_to_3_4mp,5,butteraugli.psycho.sub.high_y,0.11121191666666667
clic_1_8_to_3_4mp,5,butteraugli.psycho.sub.low_medium,0.3706945
clic_1_8_to_3_4mp,5,butteraugli.psycho.sub.medium_b,0.10529183333333335
clic_1_8_to_3_4mp,5,butteraugli.psycho.sub.opsin,0.3704654166666667
clic_1_8_to_3_4mp,5,butteraugli.psycho.sub.suppress_x,0.04780900000000001
clic_1_8_to_3_4mp,5,butteraugli.psycho.sub.ultra_x,0.08775008333333334
clic_1_8_to_3_4mp,5,butteraugli.psycho.sub.ultra_y,0.12132625000000001
clic_1_8_to_3_4mp,5,butteraugli.resident_reduction,1.2994025833333334
clic_1_8_to_3_4mp,5,frontend.ac_strategy.dct16,2.109656166666667
clic_1_8_to_3_4mp,5,frontend.ac_strategy.dct16x32,1.3439064166666668
clic_1_8_to_3_4mp,5,frontend.ac_strategy.dct16x8,1.1739028333333332
clic_1_8_to_3_4mp,5,frontend.ac_strategy.dct32,2.2159999166666666
clic_1_8_to_3_4mp,5,frontend.ac_strategy.dct32x16,1.2180415833333333
clic_1_8_to_3_4mp,5,frontend.ac_strategy.dct8,0.6624201666666667
clic_1_8_to_3_4mp,5,frontend.ac_strategy.dct8x16,1.1202708333333333
clic_1_8_to_3_4mp,5,frontend.ac_strategy.metadata,0.32745466666666667
clic_1_8_to_3_4mp,5,frontend.ac_strategy.select,0.339309
clic_1_8_to_3_4mp,5,frontend.initial_quantization,1.8077777500000003
clic_1_8_to_3_4mp,5,frontend.prepare_aq.reference.main.high_x,0.43296891666666665
clic_1_8_to_3_4mp,5,frontend.prepare_aq.reference.main.high_y,0.4218439166666667
clic_1_8_to_3_4mp,5,frontend.prepare_aq.reference.main.low_medium,1.47542725
clic_1_8_to_3_4mp,5,frontend.prepare_aq.reference.main.mask,0.5261005000000001
clic_1_8_to_3_4mp,5,frontend.prepare_aq.reference.main.medium_b,0.3811944999999999
clic_1_8_to_3_4mp,5,frontend.prepare_aq.reference.main.opsin,0.55971175
clic_1_8_to_3_4mp,5,frontend.prepare_aq.reference.main.suppress_x,0.17960416666666665
clic_1_8_to_3_4mp,5,frontend.prepare_aq.reference.main.ultra_x,0.38075358333333337
clic_1_8_to_3_4mp,5,frontend.prepare_aq.reference.main.ultra_y,0.6506877499999999
clic_1_8_to_3_4mp,5,frontend.prepare_aq.reference.sub.high_x,0.11612500000000002
clic_1_8_to_3_4mp,5,frontend.prepare_aq.reference.sub.high_y,0.14985416666666665
clic_1_8_to_3_4mp,5,frontend.prepare_aq.reference.sub.low_medium,0.36730550000000006
clic_1_8_to_3_4mp,5,frontend.prepare_aq.reference.sub.mask,0.14061116666666665
clic_1_8_to_3_4mp,5,frontend.prepare_aq.reference.sub.medium_b,0.10418066666666666
clic_1_8_to_3_4mp,5,frontend.prepare_aq.reference.sub.opsin,0.37979525
clic_1_8_to_3_4mp,5,frontend.prepare_aq.reference.sub.suppress_x,0.04812158333333333
clic_1_8_to_3_4mp,5,frontend.prepare_aq.reference.sub.ultra_x,0.09185416666666667
clic_1_8_to_3_4mp,5,frontend.prepare_aq.reference.sub.ultra_y,0.11789258333333334
clic_1_8_to_3_4mp,5,frontend.quant_adjustment,0.037455
clic_1_8_to_3_4mp,6,aq.epf.pass_1,0.51097925
clic_1_8_to_3_4mp,6,aq.epf_linear.pass_2,0.39699650000000003
clic_1_8_to_3_4mp,6,aq.final_frame.dc_quantization,1.51834725
clic_1_8_to_3_4mp,6,aq.final_frame.dct16,0.06821883333333334
clic_1_8_to_3_4mp,6,aq.final_frame.dct16x32,0.20119791666666667
clic_1_8_to_3_4mp,6,aq.final_frame.dct16x8,0.09140975
clic_1_8_to_3_4mp,6,aq.final_frame.dct32,0.9367430833333334
clic_1_8_to_3_4mp,6,aq.final_frame.dct32x16,0.204014
clic_1_8_to_3_4mp,6,aq.final_frame.dct8,0.12361116666666666
clic_1_8_to_3_4mp,6,aq.final_frame.dct8x16,0.06650683333333333
clic_1_8_to_3_4mp,6,aq.final_frame.quantizer,0.21756916666666667
clic_1_8_to_3_4mp,6,aq.gaborish,0.43828808333333336
clic_1_8_to_3_4mp,6,aq.policy_bounds,0.008510583333333334
clic_1_8_to_3_4mp,6,aq.policy_initialize,0.007770833333333334
clic_1_8_to_3_4mp,6,aq.policy_update,0.008617916666666664
clic_1_8_to_3_4mp,6,aq.reconstruction.coefficients.dct16,0.06290641666666667
clic_1_8_to_3_4mp,6,aq.reconstruction.coefficients.dct16x32,0.1946945833333333
clic_1_8_to_3_4mp,6,aq.reconstruction.coefficients.dct16x8,0.08440258333333334
clic_1_8_to_3_4mp,6,aq.reconstruction.coefficients.dct32,0.7824129166666668
clic_1_8_to_3_4mp,6,aq.reconstruction.coefficients.dct32x16,0.1973263333333333
clic_1_8_to_3_4mp,6,aq.reconstruction.coefficients.dct8,0.09640633333333333
clic_1_8_to_3_4mp,6,aq.reconstruction.coefficients.dct8x16,0.06526758333333334
clic_1_8_to_3_4mp,6,aq.reconstruction.dc_llf,0.10084391666666669
clic_1_8_to_3_4mp,6,aq.reconstruction.dc_quantization,1.5380314166666667
clic_1_8_to_3_4mp,6,aq.reconstruction.dc_smoothing,0.009177083333333334
clic_1_8_to_3_4mp,6,aq.reconstruction.dct16,0.008270833333333333
clic_1_8_to_3_4mp,6,aq.reconstruction.dct16x32,0.029809166666666668
clic_1_8_to_3_4mp,6,aq.reconstruction.dct16x8,0.012250000000000002
clic_1_8_to_3_4mp,6,aq.reconstruction.dct32,0.29900008333333333
clic_1_8_to_3_4mp,6,aq.reconstruction.dct32x16,0.028882083333333336
clic_1_8_to_3_4mp,6,aq.reconstruction.dct8,0.04902775000000001
clic_1_8_to_3_4mp,6,aq.reconstruction.dct8x16,0.013163166666666665
clic_1_8_to_3_4mp,6,aq.reconstruction.final_cfl,0.48983325
clic_1_8_to_3_4mp,6,aq.reconstruction.forward.dct16,0.008031166666666666
clic_1_8_to_3_4mp,6,aq.reconstruction.forward.dct16x32,0.029656166666666664
clic_1_8_to_3_4mp,6,aq.reconstruction.forward.dct16x8,0.01429175
clic_1_8_to_3_4mp,6,aq.reconstruction.forward.dct32,0.2877570833333333
clic_1_8_to_3_4mp,6,aq.reconstruction.forward.dct32x16,0.027802083333333335
clic_1_8_to_3_4mp,6,aq.reconstruction.forward.dct8,0.04918408333333333
clic_1_8_to_3_4mp,6,aq.reconstruction.forward.dct8x16,0.014774250000000001
clic_1_8_to_3_4mp,6,aq.reconstruction.quantizer,0.2468335
clic_1_8_to_3_4mp,6,aq.reconstruction.reset,0.0021285833333333335
clic_1_8_to_3_4mp,6,aq.strategy_dispatch,0.00352425
clic_1_8_to_3_4mp,6,butteraugli.malta.main,1.928059083333333
clic_1_8_to_3_4mp,6,butteraugli.malta.sub,0.49039933333333335
clic_1_8_to_3_4mp,6,butteraugli.mask.main,0.35970133333333326
clic_1_8_to_3_4mp,6,butteraugli.mask_final.sub,0.41133675000000003
clic_1_8_to_3_4mp,6,butteraugli.psycho.main.high_x,0.4261526666666667
clic_1_8_to_3_4mp,6,butteraugli.psycho.main.high_y,0.4574444166666667
clic_1_8_to_3_4mp,6,butteraugli.psycho.main.low_medium,1.477142416666667
clic_1_8_to_3_4mp,6,butteraugli.psycho.main.medium_b,0.38078474999999995
clic_1_8_to_3_4mp,6,butteraugli.psycho.main.opsin,0.49606941666666665
clic_1_8_to_3_4mp,6,butteraugli.psycho.main.suppress_x,0.17783341666666666
clic_1_8_to_3_4mp,6,butteraugli.psycho.main.ultra_x,0.38070825
clic_1_8_to_3_4mp,6,butteraugli.psycho.main.ultra_y,0.6436145833333333
clic_1_8_to_3_4mp,6,butteraugli.psycho.sub.high_x,0.11250349999999998
clic_1_8_to_3_4mp,6,butteraugli.psycho.sub.high_y,0.1103715
clic_1_8_to_3_4mp,6,butteraugli.psycho.sub.low_medium,0.3696979166666667
clic_1_8_to_3_4mp,6,butteraugli.psycho.sub.medium_b,0.10425366666666665
clic_1_8_to_3_4mp,6,butteraugli.psycho.sub.opsin,0.3603020833333333
clic_1_8_to_3_4mp,6,butteraugli.psycho.sub.suppress_x,0.04677091666666666
clic_1_8_to_3_4mp,6,butteraugli.psycho.sub.ultra_x,0.08601391666666668
clic_1_8_to_3_4mp,6,butteraugli.psycho.sub.ultra_y,0.12122566666666666
clic_1_8_to_3_4mp,6,butteraugli.resident_reduction,1.2861459166666667
clic_1_8_to_3_4mp,6,frontend.ac_strategy.dct16,2.0948365833333336
clic_1_8_to_3_4mp,6,frontend.ac_strategy.dct16x32,1.3026839166666668
clic_1_8_to_3_4mp,6,frontend.ac_strategy.dct16x8,1.1717396666666666
clic_1_8_to_3_4mp,6,frontend.ac_strategy.dct32,2.2496390833333333
clic_1_8_to_3_4mp,6,frontend.ac_strategy.dct32x16,1.1465766666666668
clic_1_8_to_3_4mp,6,frontend.ac_strategy.dct8,0.6686388333333332
clic_1_8_to_3_4mp,6,frontend.ac_strategy.dct8x16,1.1210313333333335
clic_1_8_to_3_4mp,6,frontend.ac_strategy.metadata,0.32373266666666667
clic_1_8_to_3_4mp,6,frontend.ac_strategy.select,0.33822225
clic_1_8_to_3_4mp,6,frontend.initial_quantization,1.8079896666666666
clic_1_8_to_3_4mp,6,frontend.prepare_aq.reference.main.high_x,0.425337
clic_1_8_to_3_4mp,6,frontend.prepare_aq.reference.main.high_y,0.42162158333333327
clic_1_8_to_3_4mp,6,frontend.prepare_aq.reference.main.low_medium,1.4751320833333335
clic_1_8_to_3_4mp,6,frontend.prepare_aq.reference.main.mask,0.5999930833333333
clic_1_8_to_3_4mp,6,frontend.prepare_aq.reference.main.medium_b,0.38121875
clic_1_8_to_3_4mp,6,frontend.prepare_aq.reference.main.opsin,0.53627775
clic_1_8_to_3_4mp,6,frontend.prepare_aq.reference.main.suppress_x,0.1780938333333333
clic_1_8_to_3_4mp,6,frontend.prepare_aq.reference.main.ultra_x,0.3773019166666667
clic_1_8_to_3_4mp,6,frontend.prepare_aq.reference.main.ultra_y,0.6398855
clic_1_8_to_3_4mp,6,frontend.prepare_aq.reference.sub.high_x,0.11131599999999998
clic_1_8_to_3_4mp,6,frontend.prepare_aq.reference.sub.high_y,0.10900008333333332
clic_1_8_to_3_4mp,6,frontend.prepare_aq.reference.sub.low_medium,0.36707300000000004
clic_1_8_to_3_4mp,6,frontend.prepare_aq.reference.sub.mask,0.14276733333333333
clic_1_8_to_3_4mp,6,frontend.prepare_aq.reference.sub.medium_b,0.10279508333333336
clic_1_8_to_3_4mp,6,frontend.prepare_aq.reference.sub.opsin,0.381125
clic_1_8_to_3_4mp,6,frontend.prepare_aq.reference.sub.suppress_x,0.04752458333333334
clic_1_8_to_3_4mp,6,frontend.prepare_aq.reference.sub.ultra_x,0.08582983333333333
clic_1_8_to_3_4mp,6,frontend.prepare_aq.reference.sub.ultra_y,0.12418416666666666
clic_1_8_to_3_4mp,6,frontend.quant_adjustment,0.04057316666666667
clic_1_8_to_3_4mp,7,aq.epf.pass_1,1.0216285833333332
clic_1_8_to_3_4mp,7,aq.epf_linear.pass_2,0.8383924166666666
clic_1_8_to_3_4mp,7,aq.final_frame.dc_quantization,1.5204755833333332
clic_1_8_to_3_4mp,7,aq.final_frame.dct16,0.06636458333333332
clic_1_8_to_3_4mp,7,aq.final_frame.dct16x32,0.20351758333333336
clic_1_8_to_3_4mp,7,aq.final_frame.dct16x8,0.09425008333333333
clic_1_8_to_3_4mp,7,aq.final_frame.dct32,0.9718471666666666
clic_1_8_to_3_4mp,7,aq.final_frame.dct32x16,0.20494808333333334
clic_1_8_to_3_4mp,7,aq.final_frame.dct8,0.11572224999999998
clic_1_8_to_3_4mp,7,aq.final_frame.dct8x16,0.06901708333333333
clic_1_8_to_3_4mp,7,aq.final_frame.quantizer,0.24461808333333335
clic_1_8_to_3_4mp,7,aq.gaborish,0.8745450000000002
clic_1_8_to_3_4mp,7,aq.policy_bounds,0.008611083333333333
clic_1_8_to_3_4mp,7,aq.policy_initialize,0.007715083333333335
clic_1_8_to_3_4mp,7,aq.policy_update,0.016343916666666666
clic_1_8_to_3_4mp,7,aq.reconstruction.coefficients.dct16,0.12448575000000002
clic_1_8_to_3_4mp,7,aq.reconstruction.coefficients.dct16x32,0.3897535833333334
clic_1_8_to_3_4mp,7,aq.reconstruction.coefficients.dct16x8,0.16686466666666666
clic_1_8_to_3_4mp,7,aq.reconstruction.coefficients.dct32,1.5701563333333333
clic_1_8_to_3_4mp,7,aq.reconstruction.coefficients.dct32x16,0.3960625
clic_1_8_to_3_4mp,7,aq.reconstruction.coefficients.dct8,0.2146078333333333
clic_1_8_to_3_4mp,7,aq.reconstruction.coefficients.dct8x16,0.12760075
clic_1_8_to_3_4mp,7,aq.reconstruction.dc_llf,0.1919134166666667
clic_1_8_to_3_4mp,7,aq.reconstruction.dc_quantization,3.05301725
clic_1_8_to_3_4mp,7,aq.reconstruction.dc_smoothing,0.016184
clic_1_8_to_3_4mp,7,aq.reconstruction.dct16,0.01455525
clic_1_8_to_3_4mp,7,aq.reconstruction.dct16x32,0.05701041666666667
clic_1_8_to_3_4mp,7,aq.reconstruction.dct16x8,0.024246666666666663
clic_1_8_to_3_4mp,7,aq.reconstruction.dct32,0.5976910000000001
clic_1_8_to_3_4mp,7,aq.reconstruction.dct32x16,0.05704158333333333
clic_1_8_to_3_4mp,7,aq.reconstruction.dct8,0.09861808333333333
clic_1_8_to_3_4mp,7,aq.reconstruction.dct8x16,0.026253416666666664
clic_1_8_to_3_4mp,7,aq.reconstruction.final_cfl,0.4941110833333333
clic_1_8_to_3_4mp,7,aq.reconstruction.forward.dct16,0.007551999999999999
clic_1_8_to_3_4mp,7,aq.reconstruction.forward.dct16x32,0.02857616666666667
clic_1_8_to_3_4mp,7,aq.reconstruction.forward.dct16x8,0.01358675
clic_1_8_to_3_4mp,7,aq.reconstruction.forward.dct32,0.28871891666666666
clic_1_8_to_3_4mp,7,aq.reconstruction.forward.dct32x16,0.027333249999999993
clic_1_8_to_3_4mp,7,aq.reconstruction.forward.dct8,0.04890641666666667
clic_1_8_to_3_4mp,7,aq.reconstruction.forward.dct8x16,0.01435075
clic_1_8_to_3_4mp,7,aq.reconstruction.quantizer,0.48899325000000005
clic_1_8_to_3_4mp,7,aq.reconstruction.reset,0.004340166666666667
clic_1_8_to_3_4mp,7,aq.strategy_dispatch,0.003531250000000001
clic_1_8_to_3_4mp,7,butteraugli.malta.main,3.7072082500000003
clic_1_8_to_3_4mp,7,butteraugli.malta.sub,0.9719650000000001
clic_1_8_to_3_4mp,7,butteraugli.mask.main,0.7035762500000001
clic_1_8_to_3_4mp,7,butteraugli.mask_final.sub,0.89953125
clic_1_8_to_3_4mp,7,butteraugli.psycho.main.high_x,0.8936354999999999
clic_1_8_to_3_4mp,7,butteraugli.psycho.main.high_y,0.8785416666666666
clic_1_8_to_3_4mp,7,butteraugli.psycho.main.low_medium,2.916756916666667
clic_1_8_to_3_4mp,7,butteraugli.psycho.main.medium_b,0.7615107499999999
clic_1_8_to_3_4mp,7,butteraugli.psycho.main.opsin,1.0156457499999998
clic_1_8_to_3_4mp,7,butteraugli.psycho.main.suppress_x,0.3556769166666667
clic_1_8_to_3_4mp,7,butteraugli.psycho.main.ultra_x,0.7570381666666668
clic_1_8_to_3_4mp,7,butteraugli.psycho.main.ultra_y,1.2771910833333335
clic_1_8_to_3_4mp,7,butteraugli.psycho.sub.high_x,0.22837850000000004
clic_1_8_to_3_4mp,7,butteraugli.psycho.sub.high_y,0.21724291666666665
clic_1_8_to_3_4mp,7,butteraugli.psycho.sub.low_medium,0.73776375
clic_1_8_to_3_4mp,7,butteraugli.psycho.sub.medium_b,0.20474300000000004
clic_1_8_to_3_4mp,7,butteraugli.psycho.sub.opsin,0.7259929999999999
clic_1_8_to_3_4mp,7,butteraugli.psycho.sub.suppress_x,0.09294800000000002
clic_1_8_to_3_4mp,7,butteraugli.psycho.sub.ultra_x,0.16872225
clic_1_8_to_3_4mp,7,butteraugli.psycho.sub.ultra_y,0.23779516666666664
clic_1_8_to_3_4mp,7,butteraugli.resident_reduction,2.58882975
clic_1_8_to_3_4mp,7,frontend.ac_strategy.dct16,2.0199201666666666
clic_1_8_to_3_4mp,7,frontend.ac_strategy.dct16x32,1.300475666666667
clic_1_8_to_3_4mp,7,frontend.ac_strategy.dct16x8,1.171309
clic_1_8_to_3_4mp,7,frontend.ac_strategy.dct32,2.2683438333333332
clic_1_8_to_3_4mp,7,frontend.ac_strategy.dct32x16,1.1104825833333336
clic_1_8_to_3_4mp,7,frontend.ac_strategy.dct8,0.7040276666666667
clic_1_8_to_3_4mp,7,frontend.ac_strategy.dct8x16,1.2059166666666667
clic_1_8_to_3_4mp,7,frontend.ac_strategy.metadata,0.3205659166666667
clic_1_8_to_3_4mp,7,frontend.ac_strategy.select,0.339736
clic_1_8_to_3_4mp,7,frontend.initial_quantization,1.8410417499999998
clic_1_8_to_3_4mp,7,frontend.prepare_aq.reference.main.high_x,0.42623950000000005
clic_1_8_to_3_4mp,7,frontend.prepare_aq.reference.main.high_y,0.4226595833333333
clic_1_8_to_3_4mp,7,frontend.prepare_aq.reference.main.low_medium,1.4373818333333332
clic_1_8_to_3_4mp,7,frontend.prepare_aq.reference.main.mask,0.53110075
clic_1_8_to_3_4mp,7,frontend.prepare_aq.reference.main.medium_b,0.39831274999999994
clic_1_8_to_3_4mp,7,frontend.prepare_aq.reference.main.opsin,0.4947186666666667
clic_1_8_to_3_4mp,7,frontend.prepare_aq.reference.main.suppress_x,0.18143758333333335
clic_1_8_to_3_4mp,7,frontend.prepare_aq.reference.main.ultra_x,0.37715975000000007
clic_1_8_to_3_4mp,7,frontend.prepare_aq.reference.main.ultra_y,0.6882429166666668
clic_1_8_to_3_4mp,7,frontend.prepare_aq.reference.sub.high_x,0.11601741666666666
clic_1_8_to_3_4mp,7,frontend.prepare_aq.reference.sub.high_y,0.10893741666666666
clic_1_8_to_3_4mp,7,frontend.prepare_aq.reference.sub.low_medium,0.40466308333333334
clic_1_8_to_3_4mp,7,frontend.prepare_aq.reference.sub.mask,0.13786108333333333
clic_1_8_to_3_4mp,7,frontend.prepare_aq.reference.sub.medium_b,0.1019895
clic_1_8_to_3_4mp,7,frontend.prepare_aq.reference.sub.opsin,0.3750834166666667
clic_1_8_to_3_4mp,7,frontend.prepare_aq.reference.sub.suppress_x,0.04755566666666666
clic_1_8_to_3_4mp,7,frontend.prepare_aq.reference.sub.ultra_x,0.08461433333333333
clic_1_8_to_3_4mp,7,frontend.prepare_aq.reference.sub.ultra_y,0.1175
clic_1_8_to_3_4mp,7,frontend.quant_adjustment,0.036857666666666664
clic_1_8_to_3_4mp,8,aq.epf.pass_1,1.5357151666666666
clic_1_8_to_3_4mp,8,aq.epf_linear.pass_2,1.204972
clic_1_8_to_3_4mp,8,aq.final_frame.dc_quantization,1.5571040833333332
clic_1_8_to_3_4mp,8,aq.final_frame.dct16,0.06783658333333333
clic_1_8_to_3_4mp,8,aq.final_frame.dct16x32,0.20552091666666664
clic_1_8_to_3_4mp,8,aq.final_frame.dct16x8,0.09146175000000001
clic_1_8_to_3_4mp,8,aq.final_frame.dct32,0.9687013333333333
clic_1_8_to_3_4mp,8,aq.final_frame.dct32x16,0.20829141666666665
clic_1_8_to_3_4mp,8,aq.final_frame.dct8,0.11937133333333333
clic_1_8_to_3_4mp,8,aq.final_frame.dct8x16,0.06714958333333333
clic_1_8_to_3_4mp,8,aq.final_frame.quantizer,0.23850724999999998
clic_1_8_to_3_4mp,8,aq.gaborish,1.3947848333333333
clic_1_8_to_3_4mp,8,aq.policy_bounds,0.008475666666666666
clic_1_8_to_3_4mp,8,aq.policy_initialize,0.008850666666666666
clic_1_8_to_3_4mp,8,aq.policy_update,0.028406333333333336
clic_1_8_to_3_4mp,8,aq.reconstruction.coefficients.dct16,0.3033575
clic_1_8_to_3_4mp,8,aq.reconstruction.coefficients.dct16x32,0.5927362500000001
clic_1_8_to_3_4mp,8,aq.reconstruction.coefficients.dct16x8,0.2590208333333333
clic_1_8_to_3_4mp,8,aq.reconstruction.coefficients.dct32,2.3702710833333334
clic_1_8_to_3_4mp,8,aq.reconstruction.coefficients.dct32x16,0.601177
clic_1_8_to_3_4mp,8,aq.reconstruction.coefficients.dct8,0.29712849999999996
clic_1_8_to_3_4mp,8,aq.reconstruction.coefficients.dct8x16,0.23121841666666665
clic_1_8_to_3_4mp,8,aq.reconstruction.dc_llf,0.3027258333333333
clic_1_8_to_3_4mp,8,aq.reconstruction.dc_quantization,4.6104965
clic_1_8_to_3_4mp,8,aq.reconstruction.dc_smoothing,0.026753916666666665
clic_1_8_to_3_4mp,8,aq.reconstruction.dct16,0.021530999999999998
clic_1_8_to_3_4mp,8,aq.reconstruction.dct16x32,0.08741308333333335
clic_1_8_to_3_4mp,8,aq.reconstruction.dct16x8,0.03674641666666666
clic_1_8_to_3_4mp,8,aq.reconstruction.dct32,0.8931461666666666
clic_1_8_to_3_4mp,8,aq.reconstruction.dct32x16,0.08607316666666666
clic_1_8_to_3_4mp,8,aq.reconstruction.dct8,0.14559358333333333
clic_1_8_to_3_4mp,8,aq.reconstruction.dct8x16,0.04094816666666667
clic_1_8_to_3_4mp,8,aq.reconstruction.final_cfl,4.094232583333333
clic_1_8_to_3_4mp,8,aq.reconstruction.forward.dct16,0.008159666666666666
clic_1_8_to_3_4mp,8,aq.reconstruction.forward.dct16x32,0.0300105
clic_1_8_to_3_4mp,8,aq.reconstruction.forward.dct16x8,0.014263916666666666
clic_1_8_to_3_4mp,8,aq.reconstruction.forward.dct32,0.28632625
clic_1_8_to_3_4mp,8,aq.reconstruction.forward.dct32x16,0.030100416666666668
clic_1_8_to_3_4mp,8,aq.reconstruction.forward.dct8,0.048934
clic_1_8_to_3_4mp,8,aq.reconstruction.forward.dct8x16,0.014437666666666666
clic_1_8_to_3_4mp,8,aq.reconstruction.quantizer,0.8313858333333334
clic_1_8_to_3_4mp,8,aq.reconstruction.reset,0.0071600000000000006
clic_1_8_to_3_4mp,8,aq.strategy_dispatch,0.004107833333333332
clic_1_8_to_3_4mp,8,butteraugli.malta.main,5.605729083333333
clic_1_8_to_3_4mp,8,butteraugli.malta.sub,1.4789896666666669
clic_1_8_to_3_4mp,8,butteraugli.mask.main,1.05072225
clic_1_8_to_3_4mp,8,butteraugli.mask_final.sub,1.233493166666667
clic_1_8_to_3_4mp,8,butteraugli.psycho.main.high_x,1.298906083333333
clic_1_8_to_3_4mp,8,butteraugli.psycho.main.high_y,1.2594375
clic_1_8_to_3_4mp,8,butteraugli.psycho.main.low_medium,4.348927
clic_1_8_to_3_4mp,8,butteraugli.psycho.main.medium_b,1.1451669999999998
clic_1_8_to_3_4mp,8,butteraugli.psycho.main.opsin,1.5439477499999998
clic_1_8_to_3_4mp,8,butteraugli.psycho.main.suppress_x,0.572854
clic_1_8_to_3_4mp,8,butteraugli.psycho.main.ultra_x,1.1335799166666667
clic_1_8_to_3_4mp,8,butteraugli.psycho.main.ultra_y,1.9291041666666666
clic_1_8_to_3_4mp,8,butteraugli.psycho.sub.high_x,0.3504444166666667
clic_1_8_to_3_4mp,8,butteraugli.psycho.sub.high_y,0.3324999166666667
clic_1_8_to_3_4mp,8,butteraugli.psycho.sub.low_medium,1.120100416666667
clic_1_8_to_3_4mp,8,butteraugli.psycho.sub.medium_b,0.31938566666666673
clic_1_8_to_3_4mp,8,butteraugli.psycho.sub.opsin,1.0893299166666668
clic_1_8_to_3_4mp,8,butteraugli.psycho.sub.suppress_x,0.14548958333333334
clic_1_8_to_3_4mp,8,butteraugli.psycho.sub.ultra_x,0.27129166666666665
clic_1_8_to_3_4mp,8,butteraugli.psycho.sub.ultra_y,0.3664825833333334
clic_1_8_to_3_4mp,8,butteraugli.resident_reduction,3.8191875
clic_1_8_to_3_4mp,8,frontend.ac_strategy.dct16,2.026527666666667
clic_1_8_to_3_4mp,8,frontend.ac_strategy.dct16x32,1.3408715833333333
clic_1_8_to_3_4mp,8,frontend.ac_strategy.dct16x8,1.1727465
clic_1_8_to_3_4mp,8,frontend.ac_strategy.dct32,2.25898975
clic_1_8_to_3_4mp,8,frontend.ac_strategy.dct32x16,1.1273229166666665
clic_1_8_to_3_4mp,8,frontend.ac_strategy.dct8,0.663045
clic_1_8_to_3_4mp,8,frontend.ac_strategy.dct8x16,1.135587
clic_1_8_to_3_4mp,8,frontend.ac_strategy.metadata,0.32319091666666666
clic_1_8_to_3_4mp,8,frontend.ac_strategy.select,0.33822925
clic_1_8_to_3_4mp,8,frontend.initial_quantization,1.8565345833333335
clic_1_8_to_3_4mp,8,frontend.prepare_aq.reference.main.high_x,0.4648195
clic_1_8_to_3_4mp,8,frontend.prepare_aq.reference.main.high_y,0.41936816666666665
clic_1_8_to_3_4mp,8,frontend.prepare_aq.reference.main.low_medium,1.4462150833333336
clic_1_8_to_3_4mp,8,frontend.prepare_aq.reference.main.mask,0.5267084166666666
clic_1_8_to_3_4mp,8,frontend.prepare_aq.reference.main.medium_b,0.38208333333333333
clic_1_8_to_3_4mp,8,frontend.prepare_aq.reference.main.opsin,0.5072778333333333
clic_1_8_to_3_4mp,8,frontend.prepare_aq.reference.main.suppress_x,0.1784860833333333
clic_1_8_to_3_4mp,8,frontend.prepare_aq.reference.main.ultra_x,0.3762743333333334
clic_1_8_to_3_4mp,8,frontend.prepare_aq.reference.main.ultra_y,0.6368334166666666
clic_1_8_to_3_4mp,8,frontend.prepare_aq.reference.sub.high_x,0.11329491666666665
clic_1_8_to_3_4mp,8,frontend.prepare_aq.reference.sub.high_y,0.11115966666666666
clic_1_8_to_3_4mp,8,frontend.prepare_aq.reference.sub.low_medium,0.37339933333333336
clic_1_8_to_3_4mp,8,frontend.prepare_aq.reference.sub.mask,0.13977425
clic_1_8_to_3_4mp,8,frontend.prepare_aq.reference.sub.medium_b,0.10361458333333333
clic_1_8_to_3_4mp,8,frontend.prepare_aq.reference.sub.opsin,0.37901041666666657
clic_1_8_to_3_4mp,8,frontend.prepare_aq.reference.sub.suppress_x,0.04818041666666667
clic_1_8_to_3_4mp,8,frontend.prepare_aq.reference.sub.ultra_x,0.08615641666666667
clic_1_8_to_3_4mp,8,frontend.prepare_aq.reference.sub.ultra_y,0.11659724999999999
clic_1_8_to_3_4mp,8,frontend.quant_adjustment,0.036947916666666664
clic_1_8_to_3_4mp,9,aq.epf.pass_1,2.0860973333333335
clic_1_8_to_3_4mp,9,aq.epf_linear.pass_2,1.6556354999999998
clic_1_8_to_3_4mp,9,aq.final_frame.dc_quantization,1.5183820833333332
clic_1_8_to_3_4mp,9,aq.final_frame.dct16,0.06728141666666666
clic_1_8_to_3_4mp,9,aq.final_frame.dct16x32,0.20610408333333333
clic_1_8_to_3_4mp,9,aq.final_frame.dct16x8,0.09251033333333335
clic_1_8_to_3_4mp,9,aq.final_frame.dct32,0.9448508333333333
clic_1_8_to_3_4mp,9,aq.final_frame.dct32x16,0.20974299999999999
clic_1_8_to_3_4mp,9,aq.final_frame.dct8,0.11979516666666667
clic_1_8_to_3_4mp,9,aq.final_frame.dct8x16,0.06737508333333332
clic_1_8_to_3_4mp,9,aq.final_frame.quantizer,0.28289916666666665
clic_1_8_to_3_4mp,9,aq.gaborish,1.7533714999999999
clic_1_8_to_3_4mp,9,aq.policy_bounds,0.008645916666666668
clic_1_8_to_3_4mp,9,aq.policy_initialize,0.008503416666666668
clic_1_8_to_3_4mp,9,aq.policy_update,0.033881749999999995
clic_1_8_to_3_4mp,9,aq.reconstruction.coefficients.dct16,0.26284341666666666
clic_1_8_to_3_4mp,9,aq.reconstruction.coefficients.dct16x32,0.7931075
clic_1_8_to_3_4mp,9,aq.reconstruction.coefficients.dct16x8,0.38354175
clic_1_8_to_3_4mp,9,aq.reconstruction.coefficients.dct32,3.215923333333334
clic_1_8_to_3_4mp,9,aq.reconstruction.coefficients.dct32x16,0.8083749166666667
clic_1_8_to_3_4mp,9,aq.reconstruction.coefficients.dct8,0.3967501666666666
clic_1_8_to_3_4mp,9,aq.reconstruction.coefficients.dct8x16,0.26736808333333334
clic_1_8_to_3_4mp,9,aq.reconstruction.dc_llf,0.40666208333333337
clic_1_8_to_3_4mp,9,aq.reconstruction.dc_quantization,6.132568916666667
clic_1_8_to_3_4mp,9,aq.reconstruction.dc_smoothing,0.0376045
clic_1_8_to_3_4mp,9,aq.reconstruction.dct16,0.029340583333333337
clic_1_8_to_3_4mp,9,aq.reconstruction.dct16x32,0.11584741666666666
clic_1_8_to_3_4mp,9,aq.reconstruction.dct16x8,0.048736083333333326
clic_1_8_to_3_4mp,9,aq.reconstruction.dct32,1.19902075
clic_1_8_to_3_4mp,9,aq.reconstruction.dct32x16,0.11412141666666668
clic_1_8_to_3_4mp,9,aq.reconstruction.dct8,0.19790241666666666
clic_1_8_to_3_4mp,9,aq.reconstruction.dct8x16,0.05238533333333333
clic_1_8_to_3_4mp,9,aq.reconstruction.final_cfl,4.097677
clic_1_8_to_3_4mp,9,aq.reconstruction.forward.dct16,0.008430416666666666
clic_1_8_to_3_4mp,9,aq.reconstruction.forward.dct16x32,0.030645749999999996
clic_1_8_to_3_4mp,9,aq.reconstruction.forward.dct16x8,0.014781416666666667
clic_1_8_to_3_4mp,9,aq.reconstruction.forward.dct32,0.284993
clic_1_8_to_3_4mp,9,aq.reconstruction.forward.dct32x16,0.03140275
clic_1_8_to_3_4mp,9,aq.reconstruction.forward.dct8,0.04849316666666667
clic_1_8_to_3_4mp,9,aq.reconstruction.forward.dct8x16,0.014850750000000001
clic_1_8_to_3_4mp,9,aq.reconstruction.quantizer,1.0483645000000001
clic_1_8_to_3_4mp,9,aq.reconstruction.reset,0.008802333333333334
clic_1_8_to_3_4mp,9,aq.strategy_dispatch,0.004256833333333334
clic_1_8_to_3_4mp,9,butteraugli.malta.main,7.481833416666667
clic_1_8_to_3_4mp,9,butteraugli.malta.sub,2.0144824166666666
clic_1_8_to_3_4mp,9,butteraugli.mask.main,1.4173574166666665
clic_1_8_to_3_4mp,9,butteraugli.mask_final.sub,1.6856423333333332
clic_1_8_to_3_4mp,9,butteraugli.psycho.main.high_x,1.770201666666667
clic_1_8_to_3_4mp,9,butteraugli.psycho.main.high_y,1.6996524166666667
clic_1_8_to_3_4mp,9,butteraugli.psycho.main.low_medium,5.838597333333333
clic_1_8_to_3_4mp,9,butteraugli.psycho.main.medium_b,1.5807120833333332
clic_1_8_to_3_4mp,9,butteraugli.psycho.main.opsin,2.0437980833333333
clic_1_8_to_3_4mp,9,butteraugli.psycho.main.suppress_x,0.7333958333333332
clic_1_8_to_3_4mp,9,butteraugli.psycho.main.ultra_x,1.5360901666666662
clic_1_8_to_3_4mp,9,butteraugli.psycho.main.ultra_y,2.6052189166666664
clic_1_8_to_3_4mp,9,butteraugli.psycho.sub.high_x,0.45702108333333324
clic_1_8_to_3_4mp,9,butteraugli.psycho.sub.high_y,0.4454685833333334
clic_1_8_to_3_4mp,9,butteraugli.psycho.sub.low_medium,1.4786213333333331
clic_1_8_to_3_4mp,9,butteraugli.psycho.sub.medium_b,0.4191248333333333
clic_1_8_to_3_4mp,9,butteraugli.psycho.sub.opsin,1.4695900833333333
clic_1_8_to_3_4mp,9,butteraugli.psycho.sub.suppress_x,0.19885783333333337
clic_1_8_to_3_4mp,9,butteraugli.psycho.sub.ultra_x,0.3539651666666666
clic_1_8_to_3_4mp,9,butteraugli.psycho.sub.ultra_y,0.48824300000000004
clic_1_8_to_3_4mp,9,butteraugli.resident_reduction,5.185111166666666
clic_1_8_to_3_4mp,9,frontend.ac_strategy.dct16,2.1008507499999998
clic_1_8_to_3_4mp,9,frontend.ac_strategy.dct16x32,1.3098475
clic_1_8_to_3_4mp,9,frontend.ac_strategy.dct16x8,1.173389
clic_1_8_to_3_4mp,9,frontend.ac_strategy.dct32,2.2150763333333336
clic_1_8_to_3_4mp,9,frontend.ac_strategy.dct32x16,1.1158750000000002
clic_1_8_to_3_4mp,9,frontend.ac_strategy.dct8,0.6739064166666667
clic_1_8_to_3_4mp,9,frontend.ac_strategy.dct8x16,1.1584029166666665
clic_1_8_to_3_4mp,9,frontend.ac_strategy.metadata,0.32625333333333334
clic_1_8_to_3_4mp,9,frontend.ac_strategy.select,0.3386595833333334
clic_1_8_to_3_4mp,9,frontend.initial_quantization,1.87521175
clic_1_8_to_3_4mp,9,frontend.prepare_aq.reference.main.high_x,0.4290555833333333
clic_1_8_to_3_4mp,9,frontend.prepare_aq.reference.main.high_y,0.4213993333333333
clic_1_8_to_3_4mp,9,frontend.prepare_aq.reference.main.low_medium,1.438295
clic_1_8_to_3_4mp,9,frontend.prepare_aq.reference.main.mask,0.5231283333333333
clic_1_8_to_3_4mp,9,frontend.prepare_aq.reference.main.medium_b,0.4196321666666667
clic_1_8_to_3_4mp,9,frontend.prepare_aq.reference.main.opsin,0.5056632499999999
clic_1_8_to_3_4mp,9,frontend.prepare_aq.reference.main.suppress_x,0.17763883333333333
clic_1_8_to_3_4mp,9,frontend.prepare_aq.reference.main.ultra_x,0.3792291666666667
clic_1_8_to_3_4mp,9,frontend.prepare_aq.reference.main.ultra_y,0.6403854999999999
clic_1_8_to_3_4mp,9,frontend.prepare_aq.reference.sub.high_x,0.11241658333333332
clic_1_8_to_3_4mp,9,frontend.prepare_aq.reference.sub.high_y,0.12285416666666665
clic_1_8_to_3_4mp,9,frontend.prepare_aq.reference.sub.low_medium,0.40444450000000004
clic_1_8_to_3_4mp,9,frontend.prepare_aq.reference.sub.mask,0.14103133333333337
clic_1_8_to_3_4mp,9,frontend.prepare_aq.reference.sub.medium_b,0.10482991666666669
clic_1_8_to_3_4mp,9,frontend.prepare_aq.reference.sub.opsin,0.37933308333333327
clic_1_8_to_3_4mp,9,frontend.prepare_aq.reference.sub.suppress_x,0.04887874999999999
clic_1_8_to_3_4mp,9,frontend.prepare_aq.reference.sub.ultra_x,0.08687149999999999
clic_1_8_to_3_4mp,9,frontend.prepare_aq.reference.sub.ultra_y,0.13040283333333333
clic_1_8_to_3_4mp,9,frontend.quant_adjustment,0.03702425
clic_1_8_to_3_4mp,10,aq.epf.pass_1,2.0468196666666665
clic_1_8_to_3_4mp,10,aq.epf_linear.pass_2,1.609934
clic_1_8_to_3_4mp,10,aq.final_frame.dc_quantization,1.5161319166666665
clic_1_8_to_3_4mp,10,aq.final_frame.dct16,0.06537166666666666
clic_1_8_to_3_4mp,10,aq.final_frame.dct16x32,0.20265275000000002
clic_1_8_to_3_4mp,10,aq.final_frame.dct16x8,0.08412858333333334
clic_1_8_to_3_4mp,10,aq.final_frame.dct32,0.9982118333333334
clic_1_8_to_3_4mp,10,aq.final_frame.dct32x16,0.20373275
clic_1_8_to_3_4mp,10,aq.final_frame.dct8,0.11422583333333335
clic_1_8_to_3_4mp,10,aq.final_frame.dct8x16,0.06280558333333335
clic_1_8_to_3_4mp,10,aq.final_frame.quantizer,0.2635243333333333
clic_1_8_to_3_4mp,10,aq.gaborish,1.7581664166666666
clic_1_8_to_3_4mp,10,aq.policy_bounds,0.008874916666666665
clic_1_8_to_3_4mp,10,aq.policy_initialize,0.008079916666666668
clic_1_8_to_3_4mp,10,aq.policy_update,0.03314283333333334
clic_1_8_to_3_4mp,10,aq.reconstruction.coefficients.dct16,0.24113833333333334
clic_1_8_to_3_4mp,10,aq.reconstruction.coefficients.dct16x32,0.7813089166666667
clic_1_8_to_3_4mp,10,aq.reconstruction.coefficients.dct16x8,0.3271739166666666
clic_1_8_to_3_4mp,10,aq.reconstruction.coefficients.dct32,3.184947916666667
clic_1_8_to_3_4mp,10,aq.reconstruction.coefficients.dct32x16,0.8317258333333334
clic_1_8_to_3_4mp,10,aq.reconstruction.coefficients.dct8,0.36954533333333334
clic_1_8_to_3_4mp,10,aq.reconstruction.coefficients.dct8x16,0.24935791666666665
clic_1_8_to_3_4mp,10,aq.reconstruction.dc_llf,0.366188
clic_1_8_to_3_4mp,10,aq.reconstruction.dc_quantization,6.278850583333334
clic_1_8_to_3_4mp,10,aq.reconstruction.dc_smoothing,0.0470275
clic_1_8_to_3_4mp,10,aq.reconstruction.dct16,0.028319583333333332
clic_1_8_to_3_4mp,10,aq.reconstruction.dct16x32,0.11820825000000001
clic_1_8_to_3_4mp,10,aq.reconstruction.dct16x8,0.04790991666666667
clic_1_8_to_3_4mp,10,aq.reconstruction.dct32,1.232646333333333
clic_1_8_to_3_4mp,10,aq.reconstruction.dct32x16,0.11277083333333332
clic_1_8_to_3_4mp,10,aq.reconstruction.dct8,0.185615
clic_1_8_to_3_4mp,10,aq.reconstruction.dct8x16,0.05012525
clic_1_8_to_3_4mp,10,aq.reconstruction.final_cfl,4.1159235
clic_1_8_to_3_4mp,10,aq.reconstruction.forward.dct16,0.008378499999999999
clic_1_8_to_3_4mp,10,aq.reconstruction.forward.dct16x32,0.029732499999999995
clic_1_8_to_3_4mp,10,aq.reconstruction.forward.dct16x8,0.014118083333333331
clic_1_8_to_3_4mp,10,aq.reconstruction.forward.dct32,0.29670141666666666
clic_1_8_to_3_4mp,10,aq.reconstruction.forward.dct32x16,0.027527833333333335
clic_1_8_to_3_4mp,10,aq.reconstruction.forward.dct8,0.049132
clic_1_8_to_3_4mp,10,aq.reconstruction.forward.dct8x16,0.014527749999999999
clic_1_8_to_3_4mp,10,aq.reconstruction.quantizer,0.9602607500000001
clic_1_8_to_3_4mp,10,aq.reconstruction.reset,0.008975249999999997
clic_1_8_to_3_4mp,10,butteraugli.malta.main,7.413416583333333
clic_1_8_to_3_4mp,10,butteraugli.malta.sub,1.967086583333333
clic_1_8_to_3_4mp,10,butteraugli.mask.main,1.4405624166666666
clic_1_8_to_3_4mp,10,butteraugli.mask_final.sub,1.65769825
clic_1_8_to_3_4mp,10,butteraugli.psycho.main.high_x,1.7577946666666666
clic_1_8_to_3_4mp,10,butteraugli.psycho.main.high_y,1.6866940000000001
clic_1_8_to_3_4mp,10,butteraugli.psycho.main.low_medium,5.883302
clic_1_8_to_3_4mp,10,butteraugli.psycho.main.medium_b,1.5303439166666666
clic_1_8_to_3_4mp,10,butteraugli.psycho.main.opsin,1.9857153333333333
clic_1_8_to_3_4mp,10,butteraugli.psycho.main.suppress_x,0.7251563333333334
clic_1_8_to_3_4mp,10,butteraugli.psycho.main.ultra_x,1.5257534999999998
clic_1_8_to_3_4mp,10,butteraugli.psycho.main.ultra_y,2.5671250833333334
clic_1_8_to_3_4mp,10,butteraugli.psycho.sub.high_x,0.449354
clic_1_8_to_3_4mp,10,butteraugli.psycho.sub.high_y,0.4413263333333333
clic_1_8_to_3_4mp,10,butteraugli.psycho.sub.low_medium,1.488166333333333
clic_1_8_to_3_4mp,10,butteraugli.psycho.sub.medium_b,0.4150973333333334
clic_1_8_to_3_4mp,10,butteraugli.psycho.sub.opsin,1.4912775
clic_1_8_to_3_4mp,10,butteraugli.psycho.sub.suppress_x,0.18942350000000005
clic_1_8_to_3_4mp,10,butteraugli.psycho.sub.ultra_x,0.3816106666666666
clic_1_8_to_3_4mp,10,butteraugli.psycho.sub.ultra_y,0.4963160833333333
clic_1_8_to_3_4mp,10,butteraugli.resident_reduction,5.092142416666667
clic_1_8_to_3_4mp,10,frontend.ac_strategy.dct16,2.0237395
clic_1_8_to_3_4mp,10,frontend.ac_strategy.dct16x32,3.386701416666666
clic_1_8_to_3_4mp,10,frontend.ac_strategy.dct16x8,1.2088404999999998
clic_1_8_to_3_4mp,10,frontend.ac_strategy.dct32,5.764198
clic_1_8_to_3_4mp,10,frontend.ac_strategy.dct32x16,3.1321317499999997
clic_1_8_to_3_4mp,10,frontend.ac_strategy.dct8,0.73364925
clic_1_8_to_3_4mp,10,frontend.ac_strategy.dct8x16,1.1196113333333333
clic_1_8_to_3_4mp,10,frontend.initial_quantization,1.8058194166666668
clic_1_8_to_3_4mp,10,frontend.prepare_aq.reference.main.high_x,0.4665484166666667
clic_1_8_to_3_4mp,10,frontend.prepare_aq.reference.main.high_y,0.41981941666666667
clic_1_8_to_3_4mp,10,frontend.prepare_aq.reference.main.low_medium,1.4807083333333333
clic_1_8_to_3_4mp,10,frontend.prepare_aq.reference.main.mask,0.5247257500000001
clic_1_8_to_3_4mp,10,frontend.prepare_aq.reference.main.medium_b,0.38132625000000003
clic_1_8_to_3_4mp,10,frontend.prepare_aq.reference.main.opsin,0.5695451666666668
clic_1_8_to_3_4mp,10,frontend.prepare_aq.reference.main.suppress_x,0.2155486666666667
clic_1_8_to_3_4mp,10,frontend.prepare_aq.reference.main.ultra_x,0.37806575
clic_1_8_to_3_4mp,10,frontend.prepare_aq.reference.main.ultra_y,0.6441701666666666
clic_1_8_to_3_4mp,10,frontend.prepare_aq.reference.sub.high_x,0.11168058333333332
clic_1_8_to_3_4mp,10,frontend.prepare_aq.reference.sub.high_y,0.11058658333333332
clic_1_8_to_3_4mp,10,frontend.prepare_aq.reference.sub.low_medium,0.3673400833333334
clic_1_8_to_3_4mp,10,frontend.prepare_aq.reference.sub.mask,0.17946533333333337
clic_1_8_to_3_4mp,10,frontend.prepare_aq.reference.sub.medium_b,0.10337858333333333
clic_1_8_to_3_4mp,10,frontend.prepare_aq.reference.sub.opsin,0.37644075
clic_1_8_to_3_4mp,10,frontend.prepare_aq.reference.sub.suppress_x,0.04715283333333333
clic_1_8_to_3_4mp,10,frontend.prepare_aq.reference.sub.ultra_x,0.08632983333333333
clic_1_8_to_3_4mp,10,frontend.prepare_aq.reference.sub.ultra_y,0.11702066666666668
clic_1_8_to_3_4mp,10,frontend.quant_adjustment,0.02498625
kodak_0_4mp,1,aq.final_frame.dct8,0.4877568333333333
kodak_0_4mp,1,aq.final_frame.final_cfl,0.9455206666666668
kodak_0_4mp,1,aq.final_frame.quantizer,0.23039583333333336
kodak_0_4mp,1,aq.final_frame.reset,0.006444333333333332
kodak_0_4mp,1,aq.policy_bounds,0.022604166666666665
kodak_0_4mp,1,aq.reconstruction.forward.dct8,0.18581250000000002
kodak_0_4mp,1,frontend.initial_quantization,0.8762916666666666
kodak_0_4mp,1,frontend.quant_adjustment,0.013146
kodak_0_4mp,2,aq.final_frame.dct8,0.46989583333333335
kodak_0_4mp,2,aq.final_frame.final_cfl,0.8836111666666667
kodak_0_4mp,2,aq.final_frame.quantizer,0.2133611666666667
kodak_0_4mp,2,aq.final_frame.reset,0.006152500000000001
kodak_0_4mp,2,aq.policy_bounds,0.02144433333333334
kodak_0_4mp,2,aq.reconstruction.forward.dct8,0.17135416666666667
kodak_0_4mp,2,frontend.initial_quantization,1.1133126666666666
kodak_0_4mp,2,frontend.quant_adjustment,0.012388999999999997
kodak_0_4mp,3,aq.final_frame.dct8,0.47162466666666675
kodak_0_4mp,3,aq.final_frame.final_cfl,0.9559306666666666
kodak_0_4mp,3,aq.final_frame.quantizer,0.23086799999999996
kodak_0_4mp,3,aq.final_frame.reset,0.006534666666666668
kodak_0_4mp,3,aq.policy_bounds,0.022701333333333337
kodak_0_4mp,3,aq.reconstruction.forward.dct8,0.18406933333333333
kodak_0_4mp,3,frontend.initial_quantization,0.8643679999999999
kodak_0_4mp,3,frontend.quant_adjustment,0.013757
kodak_0_4mp,4,aq.final_frame.dc_quantization,1.6154445
kodak_0_4mp,4,aq.final_frame.dct8,0.4013466666666667
kodak_0_4mp,4,aq.final_frame.final_cfl,0.8404166666666666
kodak_0_4mp,4,aq.final_frame.quantizer,0.20483316666666665
kodak_0_4mp,4,aq.final_frame.reset,0.005937666666666667
kodak_0_4mp,4,aq.policy_bounds,0.022124833333333333
kodak_0_4mp,4,aq.reconstruction.forward.dct8,0.1642915
kodak_0_4mp,4,frontend.initial_quantization,0.7705831666666666
kodak_0_4mp,4,frontend.quant_adjustment,0.012166666666666668
kodak_0_4mp,5,aq.epf.pass_1,0.0705765
kodak_0_4mp,5,aq.epf_linear.pass_2,0.03926383333333334
kodak_0_4mp,5,aq.final_frame.dc_quantization,0.4515206666666667
kodak_0_4mp,5,aq.final_frame.dct16,0.06374316666666667
kodak_0_4mp,5,aq.final_frame.dct16x32,0.10385416666666665
kodak_0_4mp,5,aq.final_frame.dct16x8,0.04546516666666667
kodak_0_4mp,5,aq.final_frame.dct32,0.18813883333333334
kodak_0_4mp,5,aq.final_frame.dct32x16,0.10220166666666668
kodak_0_4mp,5,aq.final_frame.dct8,0.098028
kodak_0_4mp,5,aq.final_frame.dct8x16,0.0563265
kodak_0_4mp,5,aq.final_frame.quantizer,0.037368
kodak_0_4mp,5,aq.gaborish,0.03681983333333333
kodak_0_4mp,5,aq.policy_bounds,0.0073125
kodak_0_4mp,5,aq.policy_initialize,0.0028679999999999995
kodak_0_4mp,5,aq.policy_update,0.004638833333333333
kodak_0_4mp,5,aq.reconstruction.coefficients.dct16,0.05876416666666667
kodak_0_4mp,5,aq.reconstruction.coefficients.dct16x32,0.0994095
kodak_0_4mp,5,aq.reconstruction.coefficients.dct16x8,0.04092333333333333
kodak_0_4mp,5,aq.reconstruction.coefficients.dct32,0.18484750000000003
kodak_0_4mp,5,aq.reconstruction.coefficients.dct32x16,0.0978195
kodak_0_4mp,5,aq.reconstruction.coefficients.dct8,0.09214566666666667
kodak_0_4mp,5,aq.reconstruction.coefficients.dct8x16,0.05079166666666666
kodak_0_4mp,5,aq.reconstruction.dc_llf,0.046632
kodak_0_4mp,5,aq.reconstruction.dc_quantization,0.44872200000000007
kodak_0_4mp,5,aq.reconstruction.dc_smoothing,0.0044515
kodak_0_4mp,5,aq.reconstruction.dct16,0.005409666666666667
kodak_0_4mp,5,aq.reconstruction.dct16x32,0.011131999999999998
kodak_0_4mp,5,aq.reconstruction.dct16x8,0.007576333333333333
kodak_0_4mp,5,aq.reconstruction.dct32,0.0078125
kodak_0_4mp,5,aq.reconstruction.dct32x16,0.0083055
kodak_0_4mp,5,aq.reconstruction.dct8,0.04703466666666667
kodak_0_4mp,5,aq.reconstruction.dct8x16,0.008430666666666668
kodak_0_4mp,5,aq.reconstruction.final_cfl,0.2514166666666667
kodak_0_4mp,5,aq.reconstruction.forward.dct16,0.0051735
kodak_0_4mp,5,aq.reconstruction.forward.dct16x32,0.010499833333333333
kodak_0_4mp,5,aq.reconstruction.forward.dct16x8,0.0073265
kodak_0_4mp,5,aq.reconstruction.forward.dct32,0.007493
kodak_0_4mp,5,aq.reconstruction.forward.dct32x16,0.007735833333333333
kodak_0_4mp,5,aq.reconstruction.forward.dct8,0.044146
kodak_0_4mp,5,aq.reconstruction.forward.dct8x16,0.008618333333333334
kodak_0_4mp,5,aq.reconstruction.quantizer,0.03732616666666667
kodak_0_4mp,5,aq.reconstruction.reset,0.002035
kodak_0_4mp,5,aq.strategy_dispatch,0.003159666666666666
kodak_0_4mp,5,butteraugli.malta.main,0.2393886666666667
kodak_0_4mp,5,butteraugli.malta.sub,0.0760485
kodak_0_4mp,5,butteraugli.mask.main,0.048868166666666664
kodak_0_4mp,5,butteraugli.mask_final.sub,0.0424515
kodak_0_4mp,5,butteraugli.psycho.main.high_x,0.05800683333333334
kodak_0_4mp,5,butteraugli.psycho.main.high_y,0.055027999999999994
kodak_0_4mp,5,butteraugli.psycho.main.low_medium,0.17956249999999999
kodak_0_4mp,5,butteraugli.psycho.main.medium_b,0.05304866666666667
kodak_0_4mp,5,butteraugli.psycho.main.opsin,0.06359716666666666
kodak_0_4mp,5,butteraugli.psycho.main.suppress_x,0.025048666666666667
kodak_0_4mp,5,butteraugli.psycho.main.ultra_x,0.0447015
kodak_0_4mp,5,butteraugli.psycho.main.ultra_y,0.0500555
kodak_0_4mp,5,butteraugli.psycho.sub.high_x,0.018361000000000002
kodak_0_4mp,5,butteraugli.psycho.sub.high_y,0.018270666666666668
kodak_0_4mp,5,butteraugli.psycho.sub.low_medium,0.048875
kodak_0_4mp,5,butteraugli.psycho.sub.medium_b,0.016979166666666667
kodak_0_4mp,5,butteraugli.psycho.sub.opsin,0.04854183333333333
kodak_0_4mp,5,butteraugli.psycho.sub.suppress_x,0.008729166666666668
kodak_0_4mp,5,butteraugli.psycho.sub.ultra_x,0.015583666666666668
kodak_0_4mp,5,butteraugli.psycho.sub.ultra_y,0.016729333333333336
kodak_0_4mp,5,butteraugli.resident_reduction,0.18002083333333332
kodak_0_4mp,5,frontend.ac_strategy.dct16,0.24920816666666668
kodak_0_4mp,5,frontend.ac_strategy.dct16x32,0.15597233333333335
kodak_0_4mp,5,frontend.ac_strategy.dct16x8,0.16390966666666665
kodak_0_4mp,5,frontend.ac_strategy.dct32,0.2647776666666667
kodak_0_4mp,5,frontend.ac_strategy.dct32x16,0.14181266666666667
kodak_0_4mp,5,frontend.ac_strategy.dct8,0.0865975
kodak_0_4mp,5,frontend.ac_strategy.dct8x16,0.13514583333333333
kodak_0_4mp,5,frontend.ac_strategy.metadata,0.24460449999999997
kodak_0_4mp,5,frontend.ac_strategy.select,0.3607358333333333
kodak_0_4mp,5,frontend.initial_quantization,0.5214719999999999
kodak_0_4mp,5,frontend.prepare_aq.reference.main.high_x,0.058423833333333335
kodak_0_4mp,5,frontend.prepare_aq.reference.main.high_y,0.0555835
kodak_0_4mp,5,frontend.prepare_aq.reference.main.low_medium,0.17962516666666664
kodak_0_4mp,5,frontend.prepare_aq.reference.main.mask,0.0724725
kodak_0_4mp,5,frontend.prepare_aq.reference.main.medium_b,0.05321516666666667
kodak_0_4mp,5,frontend.prepare_aq.reference.main.opsin,0.06504866666666667
kodak_0_4mp,5,frontend.prepare_aq.reference.main.suppress_x,0.025166666666666667
kodak_0_4mp,5,frontend.prepare_aq.reference.main.ultra_x,0.0451595
kodak_0_4mp,5,frontend.prepare_aq.reference.main.ultra_y,0.050041499999999996
kodak_0_4mp,5,frontend.prepare_aq.reference.sub.high_x,0.0178335
kodak_0_4mp,5,frontend.prepare_aq.reference.sub.high_y,0.018229000000000002
kodak_0_4mp,5,frontend.prepare_aq.reference.sub.low_medium,0.049208166666666664
kodak_0_4mp,5,frontend.prepare_aq.reference.sub.mask,0.024458333333333335
kodak_0_4mp,5,frontend.prepare_aq.reference.sub.medium_b,0.016854166666666667
kodak_0_4mp,5,frontend.prepare_aq.reference.sub.opsin,0.06229866666666667
kodak_0_4mp,5,frontend.prepare_aq.reference.sub.suppress_x,0.009229166666666667
kodak_0_4mp,5,frontend.prepare_aq.reference.sub.ultra_x,0.015395833333333333
kodak_0_4mp,5,frontend.prepare_aq.reference.sub.ultra_y,0.017159666666666667
kodak_0_4mp,5,frontend.quant_adjustment,0.031507
kodak_0_4mp,6,aq.epf.pass_1,0.07209049999999999
kodak_0_4mp,6,aq.epf_linear.pass_2,0.04132633333333333
kodak_0_4mp,6,aq.final_frame.dc_quantization,0.45154883333333334
kodak_0_4mp,6,aq.final_frame.dct16,0.064382
kodak_0_4mp,6,aq.final_frame.dct16x32,0.10476383333333333
kodak_0_4mp,6,aq.final_frame.dct16x8,0.046361000000000006
kodak_0_4mp,6,aq.final_frame.dct32,0.24178466666666668
kodak_0_4mp,6,aq.final_frame.dct32x16,0.10859716666666668
kodak_0_4mp,6,aq.final_frame.dct8,0.09959716666666667
kodak_0_4mp,6,aq.final_frame.dct8x16,0.056722166666666664
kodak_0_4mp,6,aq.final_frame.quantizer,0.03839583333333333
kodak_0_4mp,6,aq.gaborish,0.035374833333333335
kodak_0_4mp,6,aq.policy_bounds,0.007354166666666666
kodak_0_4mp,6,aq.policy_initialize,0.0030835
kodak_0_4mp,6,aq.policy_update,0.004944333333333334
kodak_0_4mp,6,aq.reconstruction.coefficients.dct16,0.060055666666666674
kodak_0_4mp,6,aq.reconstruction.coefficients.dct16x32,0.10222233333333335
kodak_0_4mp,6,aq.reconstruction.coefficients.dct16x8,0.04802766666666667
kodak_0_4mp,6,aq.reconstruction.coefficients.dct32,0.18670133333333336
kodak_0_4mp,6,aq.reconstruction.coefficients.dct32x16,0.1006945
kodak_0_4mp,6,aq.reconstruction.coefficients.dct8,0.09832633333333334
kodak_0_4mp,6,aq.reconstruction.coefficients.dct8x16,0.053389
kodak_0_4mp,6,aq.reconstruction.dc_llf,0.0498325
kodak_0_4mp,6,aq.reconstruction.dc_quantization,0.4507636666666666
kodak_0_4mp,6,aq.reconstruction.dc_smoothing,0.004479166666666667
kodak_0_4mp,6,aq.reconstruction.dct16,0.005326333333333333
kodak_0_4mp,6,aq.reconstruction.dct16x32,0.011187499999999998
kodak_0_4mp,6,aq.reconstruction.dct16x8,0.0078265
kodak_0_4mp,6,aq.reconstruction.dct32,0.008021
kodak_0_4mp,6,aq.reconstruction.dct32x16,0.0082915
kodak_0_4mp,6,aq.reconstruction.dct8,0.04697916666666666
kodak_0_4mp,6,aq.reconstruction.dct8x16,0.008381833333333333
kodak_0_4mp,6,aq.reconstruction.final_cfl,0.2520346666666667
kodak_0_4mp,6,aq.reconstruction.forward.dct16,0.005312166666666666
kodak_0_4mp,6,aq.reconstruction.forward.dct16x32,0.011090500000000001
kodak_0_4mp,6,aq.reconstruction.forward.dct16x8,0.007402833333333333
kodak_0_4mp,6,aq.reconstruction.forward.dct32,0.007451333333333333
kodak_0_4mp,6,aq.reconstruction.forward.dct32x16,0.007986
kodak_0_4mp,6,aq.reconstruction.forward.dct8,0.04409733333333333
kodak_0_4mp,6,aq.reconstruction.forward.dct8x16,0.008881833333333334
kodak_0_4mp,6,aq.reconstruction.quantizer,0.0388615
kodak_0_4mp,6,aq.reconstruction.reset,0.002104
kodak_0_4mp,6,aq.strategy_dispatch,0.003368333333333333
kodak_0_4mp,6,butteraugli.malta.main,0.2532221666666667
kodak_0_4mp,6,butteraugli.malta.sub,0.08124316666666669
kodak_0_4mp,6,butteraugli.mask.main,0.051389
kodak_0_4mp,6,butteraugli.mask_final.sub,0.04522233333333333
kodak_0_4mp,6,butteraugli.psycho.main.high_x,0.05994449999999999
kodak_0_4mp,6,butteraugli.psycho.main.high_y,0.05888200000000001
kodak_0_4mp,6,butteraugli.psycho.main.low_medium,0.18078450000000001
kodak_0_4mp,6,butteraugli.psycho.main.medium_b,0.056041833333333325
kodak_0_4mp,6,butteraugli.psycho.main.opsin,0.06484033333333333
kodak_0_4mp,6,butteraugli.psycho.main.suppress_x,0.02652083333333333
kodak_0_4mp,6,butteraugli.psycho.main.ultra_x,0.04669416666666667
kodak_0_4mp,6,butteraugli.psycho.main.ultra_y,0.05393766666666667
kodak_0_4mp,6,butteraugli.psycho.sub.high_x,0.0190345
kodak_0_4mp,6,butteraugli.psycho.sub.high_y,0.0184305
kodak_0_4mp,6,butteraugli.psycho.sub.low_medium,0.04952066666666668
kodak_0_4mp,6,butteraugli.psycho.sub.medium_b,0.016923833333333336
kodak_0_4mp,6,butteraugli.psycho.sub.opsin,0.050777666666666665
kodak_0_4mp,6,butteraugli.psycho.sub.suppress_x,0.008625166666666668
kodak_0_4mp,6,butteraugli.psycho.sub.ultra_x,0.015708333333333335
kodak_0_4mp,6,butteraugli.psycho.sub.ultra_y,0.016736166666666667
kodak_0_4mp,6,butteraugli.resident_reduction,0.192875
kodak_0_4mp,6,frontend.ac_strategy.dct16,0.24863883333333336
kodak_0_4mp,6,frontend.ac_strategy.dct16x32,0.15638883333333334
kodak_0_4mp,6,frontend.ac_strategy.dct16x8,0.1494515
kodak_0_4mp,6,frontend.ac_strategy.dct32,0.267979
kodak_0_4mp,6,frontend.ac_strategy.dct32x16,0.1414235
kodak_0_4mp,6,frontend.ac_strategy.dct8,0.15797233333333335
kodak_0_4mp,6,frontend.ac_strategy.dct8x16,0.13473616666666668
kodak_0_4mp,6,frontend.ac_strategy.metadata,0.24745833333333334
kodak_0_4mp,6,frontend.ac_strategy.select,0.36050716666666666
kodak_0_4mp,6,frontend.initial_quantization,0.46737483333333335
kodak_0_4mp,6,frontend.prepare_aq.reference.main.high_x,0.061396
kodak_0_4mp,6,frontend.prepare_aq.reference.main.high_y,0.05965283333333334
kodak_0_4mp,6,frontend.prepare_aq.reference.main.low_medium,0.18341683333333336
kodak_0_4mp,6,frontend.prepare_aq.reference.main.mask,0.07732616666666667
kodak_0_4mp,6,frontend.prepare_aq.reference.main.medium_b,0.05679883333333333
kodak_0_4mp,6,frontend.prepare_aq.reference.main.opsin,0.06954166666666667
kodak_0_4mp,6,frontend.prepare_aq.reference.main.suppress_x,0.027132000000000003
kodak_0_4mp,6,frontend.prepare_aq.reference.main.ultra_x,0.0489445
kodak_0_4mp,6,frontend.prepare_aq.reference.main.ultra_y,0.05490283333333334
kodak_0_4mp,6,frontend.prepare_aq.reference.sub.high_x,0.02038183333333333
kodak_0_4mp,6,frontend.prepare_aq.reference.sub.high_y,0.018423500000000002
kodak_0_4mp,6,frontend.prepare_aq.reference.sub.low_medium,0.05136116666666666
kodak_0_4mp,6,frontend.prepare_aq.reference.sub.mask,0.024541833333333336
kodak_0_4mp,6,frontend.prepare_aq.reference.sub.medium_b,0.017124666666666667
kodak_0_4mp,6,frontend.prepare_aq.reference.sub.opsin,0.07033316666666667
kodak_0_4mp,6,frontend.prepare_aq.reference.sub.suppress_x,0.008895833333333334
kodak_0_4mp,6,frontend.prepare_aq.reference.sub.ultra_x,0.015708166666666665
kodak_0_4mp,6,frontend.prepare_aq.reference.sub.ultra_y,0.017208
kodak_0_4mp,6,frontend.quant_adjustment,0.03393066666666667
kodak_0_4mp,7,aq.epf.pass_1,0.14274299999999998
kodak_0_4mp,7,aq.epf_linear.pass_2,0.08011833333333333
kodak_0_4mp,7,aq.final_frame.dc_quantization,0.4526943333333333
kodak_0_4mp,7,aq.final_frame.dct16,0.064743
kodak_0_4mp,7,aq.final_frame.dct16x32,0.1065765
kodak_0_4mp,7,aq.final_frame.dct16x8,0.04645816666666666
kodak_0_4mp,7,aq.final_frame.dct32,0.1908055
kodak_0_4mp,7,aq.final_frame.dct32x16,0.10600683333333333
kodak_0_4mp,7,aq.final_frame.dct8,0.10154166666666666
kodak_0_4mp,7,aq.final_frame.dct8x16,0.055722
kodak_0_4mp,7,aq.final_frame.quantizer,0.03875700000000001
kodak_0_4mp,7,aq.gaborish,0.07653433333333333
kodak_0_4mp,7,aq.policy_bounds,0.007562333333333333
kodak_0_4mp,7,aq.policy_initialize,0.0031386666666666663
kodak_0_4mp,7,aq.policy_update,0.009833166666666667
kodak_0_4mp,7,aq.reconstruction.coefficients.dct16,0.19627099999999997
kodak_0_4mp,7,aq.reconstruction.coefficients.dct16x32,0.2047635
kodak_0_4mp,7,aq.reconstruction.coefficients.dct16x8,0.09451366666666666
kodak_0_4mp,7,aq.reconstruction.coefficients.dct32,0.3764235
kodak_0_4mp,7,aq.reconstruction.coefficients.dct32x16,0.20172216666666665
kodak_0_4mp,7,aq.reconstruction.coefficients.dct8,0.22043049999999997
kodak_0_4mp,7,aq.reconstruction.coefficients.dct8x16,0.10899983333333331
kodak_0_4mp,7,aq.reconstruction.dc_llf,0.10047783333333334
kodak_0_4mp,7,aq.reconstruction.dc_quantization,0.8850345000000001
kodak_0_4mp,7,aq.reconstruction.dc_smoothing,0.012236666666666667
kodak_0_4mp,7,aq.reconstruction.dct16,0.010826333333333334
kodak_0_4mp,7,aq.reconstruction.dct16x32,0.022722666666666665
kodak_0_4mp,7,aq.reconstruction.dct16x8,0.015285
kodak_0_4mp,7,aq.reconstruction.dct32,0.016215333333333335
kodak_0_4mp,7,aq.reconstruction.dct32x16,0.0169305
kodak_0_4mp,7,aq.reconstruction.dct8,0.09202799999999998
kodak_0_4mp,7,aq.reconstruction.dct8x16,0.016451666666666667
kodak_0_4mp,7,aq.reconstruction.final_cfl,0.2630208333333333
kodak_0_4mp,7,aq.reconstruction.forward.dct16,0.005145833333333333
kodak_0_4mp,7,aq.reconstruction.forward.dct16x32,0.010750166666666665
kodak_0_4mp,7,aq.reconstruction.forward.dct16x8,0.0076458333333333335
kodak_0_4mp,7,aq.reconstruction.forward.dct32,0.0075348333333333335
kodak_0_4mp,7,aq.reconstruction.forward.dct32x16,0.007777833333333334
kodak_0_4mp,7,aq.reconstruction.forward.dct8,0.0442015
kodak_0_4mp,7,aq.reconstruction.forward.dct8x16,0.008590166666666668
kodak_0_4mp,7,aq.reconstruction.quantizer,0.07890283333333332
kodak_0_4mp,7,aq.reconstruction.reset,0.004583333333333334
kodak_0_4mp,7,aq.strategy_dispatch,0.0034931666666666666
kodak_0_4mp,7,butteraugli.malta.main,0.5032081666666666
kodak_0_4mp,7,butteraugli.malta.sub,0.163701
kodak_0_4mp,7,butteraugli.mask.main,0.10511116666666666
kodak_0_4mp,7,butteraugli.mask_final.sub,0.092611
kodak_0_4mp,7,butteraugli.psycho.main.high_x,0.13272883333333332
kodak_0_4mp,7,butteraugli.psycho.main.high_y,0.11895816666666666
kodak_0_4mp,7,butteraugli.psycho.main.low_medium,0.36381916666666664
kodak_0_4mp,7,butteraugli.psycho.main.medium_b,0.1154515
kodak_0_4mp,7,butteraugli.psycho.main.opsin,0.13070833333333332
kodak_0_4mp,7,butteraugli.psycho.main.suppress_x,0.05312516666666667
kodak_0_4mp,7,butteraugli.psycho.main.ultra_x,0.096153
kodak_0_4mp,7,butteraugli.psycho.main.ultra_y,0.10786166666666668
kodak_0_4mp,7,butteraugli.psycho.sub.high_x,0.03952783333333333
kodak_0_4mp,7,butteraugli.psycho.sub.high_y,0.036375
kodak_0_4mp,7,butteraugli.psycho.sub.low_medium,0.1006595
kodak_0_4mp,7,butteraugli.psycho.sub.medium_b,0.034319833333333334
kodak_0_4mp,7,butteraugli.psycho.sub.opsin,0.10031916666666667
kodak_0_4mp,7,butteraugli.psycho.sub.suppress_x,0.017548666666666667
kodak_0_4mp,7,butteraugli.psycho.sub.ultra_x,0.030951666666666666
kodak_0_4mp,7,butteraugli.psycho.sub.ultra_y,0.03361083333333333
kodak_0_4mp,7,butteraugli.resident_reduction,0.38919433333333336
kodak_0_4mp,7,frontend.ac_strategy.dct16,0.24883333333333332
kodak_0_4mp,7,frontend.ac_strategy.dct16x32,0.15534033333333333
kodak_0_4mp,7,frontend.ac_strategy.dct16x8,0.1493958333333333
kodak_0_4mp,7,frontend.ac_strategy.dct32,0.2670905
kodak_0_4mp,7,frontend.ac_strategy.dct32x16,0.14057633333333333
kodak_0_4mp,7,frontend.ac_strategy.dct8,0.08579166666666667
kodak_0_4mp,7,frontend.ac_strategy.dct8x16,0.1346041666666667
kodak_0_4mp,7,frontend.ac_strategy.metadata,0.25247916666666664
kodak_0_4mp,7,frontend.ac_strategy.select,0.3598333333333333
kodak_0_4mp,7,frontend.initial_quantization,0.4694446666666667
kodak_0_4mp,7,frontend.prepare_aq.reference.main.high_x,0.060889
kodak_0_4mp,7,frontend.prepare_aq.reference.main.high_y,0.056013833333333325
kodak_0_4mp,7,frontend.prepare_aq.reference.main.low_medium,0.1794375
kodak_0_4mp,7,frontend.prepare_aq.reference.main.mask,0.07688216666666665
kodak_0_4mp,7,frontend.prepare_aq.reference.main.medium_b,0.05528449999999999
kodak_0_4mp,7,frontend.prepare_aq.reference.main.opsin,0.0649865
kodak_0_4mp,7,frontend.prepare_aq.reference.main.suppress_x,0.026513666666666668
kodak_0_4mp,7,frontend.prepare_aq.reference.main.ultra_x,0.0480555
kodak_0_4mp,7,frontend.prepare_aq.reference.main.ultra_y,0.054833333333333324
kodak_0_4mp,7,frontend.prepare_aq.reference.sub.high_x,0.01893066666666667
kodak_0_4mp,7,frontend.prepare_aq.reference.sub.high_y,0.018437333333333333
kodak_0_4mp,7,frontend.prepare_aq.reference.sub.low_medium,0.049680499999999995
kodak_0_4mp,7,frontend.prepare_aq.reference.sub.mask,0.02457633333333333
kodak_0_4mp,7,frontend.prepare_aq.reference.sub.medium_b,0.017145833333333336
kodak_0_4mp,7,frontend.prepare_aq.reference.sub.opsin,0.06878466666666667
kodak_0_4mp,7,frontend.prepare_aq.reference.sub.suppress_x,0.009354166666666669
kodak_0_4mp,7,frontend.prepare_aq.reference.sub.ultra_x,0.015541666666666667
kodak_0_4mp,7,frontend.prepare_aq.reference.sub.ultra_y,0.017194333333333336
kodak_0_4mp,7,frontend.quant_adjustment,0.03411783333333334
kodak_0_4mp,8,aq.epf.pass_1,0.21350066666666667
kodak_0_4mp,8,aq.epf_linear.pass_2,0.11636799999999999
kodak_0_4mp,8,aq.final_frame.dc_quantization,0.4526043333333334
kodak_0_4mp,8,aq.final_frame.dct16,0.0658685
kodak_0_4mp,8,aq.final_frame.dct16x32,0.10543033333333333
kodak_0_4mp,8,aq.final_frame.dct16x8,0.04663183333333334
kodak_0_4mp,8,aq.final_frame.dct32,0.19156933333333334
kodak_0_4mp,8,aq.final_frame.dct32x16,0.10633999999999999
kodak_0_4mp,8,aq.final_frame.dct8,0.10056933333333333
kodak_0_4mp,8,aq.final_frame.dct8x16,0.060632
kodak_0_4mp,8,aq.final_frame.quantizer,0.03965266666666667
kodak_0_4mp,8,aq.gaborish,0.11648583333333334
kodak_0_4mp,8,aq.policy_bounds,0.0075695
kodak_0_4mp,8,aq.policy_initialize,0.0030136666666666667
kodak_0_4mp,8,aq.policy_update,0.014881833333333332
kodak_0_4mp,8,aq.reconstruction.coefficients.dct16,0.19422233333333336
kodak_0_4mp,8,aq.reconstruction.coefficients.dct16x32,0.3055346666666667
kodak_0_4mp,8,aq.reconstruction.coefficients.dct16x8,0.13599983333333332
kodak_0_4mp,8,aq.reconstruction.coefficients.dct32,0.5610488333333333
kodak_0_4mp,8,aq.reconstruction.coefficients.dct32x16,0.3630898333333333
kodak_0_4mp,8,aq.reconstruction.coefficients.dct8,0.2746033333333333
kodak_0_4mp,8,aq.reconstruction.coefficients.dct8x16,0.16242366666666666
kodak_0_4mp,8,aq.reconstruction.dc_llf,0.15147816666666666
kodak_0_4mp,8,aq.reconstruction.dc_quantization,1.3379375
kodak_0_4mp,8,aq.reconstruction.dc_smoothing,0.01856266666666667
kodak_0_4mp,8,aq.reconstruction.dct16,0.016007
kodak_0_4mp,8,aq.reconstruction.dct16x32,0.03440966666666667
kodak_0_4mp,8,aq.reconstruction.dct16x8,0.023555666666666666
kodak_0_4mp,8,aq.reconstruction.dct32,0.024228833333333335
kodak_0_4mp,8,aq.reconstruction.dct32x16,0.09649266666666668
kodak_0_4mp,8,aq.reconstruction.dct8,0.138639
kodak_0_4mp,8,aq.reconstruction.dct8x16,0.02439583333333333
kodak_0_4mp,8,aq.reconstruction.final_cfl,1.3017221666666665
kodak_0_4mp,8,aq.reconstruction.forward.dct16,0.006465333333333333
kodak_0_4mp,8,aq.reconstruction.forward.dct16x32,0.010708166666666666
kodak_0_4mp,8,aq.reconstruction.forward.dct16x8,0.0074305
kodak_0_4mp,8,aq.reconstruction.forward.dct32,0.007527833333333334
kodak_0_4mp,8,aq.reconstruction.forward.dct32x16,0.007861166666666667
kodak_0_4mp,8,aq.reconstruction.forward.dct8,0.04435416666666666
kodak_0_4mp,8,aq.reconstruction.forward.dct8x16,0.008722166666666666
kodak_0_4mp,8,aq.reconstruction.quantizer,0.11650016666666667
kodak_0_4mp,8,aq.reconstruction.reset,0.0067845
kodak_0_4mp,8,aq.strategy_dispatch,0.0033334999999999997
kodak_0_4mp,8,butteraugli.malta.main,0.8127773333333334
kodak_0_4mp,8,butteraugli.malta.sub,0.24052116666666667
kodak_0_4mp,8,butteraugli.mask.main,0.15716666666666668
kodak_0_4mp,8,butteraugli.mask_final.sub,0.13866633333333334
kodak_0_4mp,8,butteraugli.psycho.main.high_x,0.1828816666666667
kodak_0_4mp,8,butteraugli.psycho.main.high_y,0.17629216666666667
kodak_0_4mp,8,butteraugli.psycho.main.low_medium,0.5432571666666667
kodak_0_4mp,8,butteraugli.psycho.main.medium_b,0.1688331666666667
kodak_0_4mp,8,butteraugli.psycho.main.opsin,0.20515983333333332
kodak_0_4mp,8,butteraugli.psycho.main.suppress_x,0.08124266666666667
kodak_0_4mp,8,butteraugli.psycho.main.ultra_x,0.144923
kodak_0_4mp,8,butteraugli.psycho.main.ultra_y,0.16086083333333334
kodak_0_4mp,8,butteraugli.psycho.sub.high_x,0.0593405
kodak_0_4mp,8,butteraugli.psycho.sub.high_y,0.05448566666666666
kodak_0_4mp,8,butteraugli.psycho.sub.low_medium,0.15171516666666668
kodak_0_4mp,8,butteraugli.psycho.sub.medium_b,0.051736666666666674
kodak_0_4mp,8,butteraugli.psycho.sub.opsin,0.14824983333333333
kodak_0_4mp,8,butteraugli.psycho.sub.suppress_x,0.0262785
kodak_0_4mp,8,butteraugli.psycho.sub.ultra_x,0.04651366666666667
kodak_0_4mp,8,butteraugli.psycho.sub.ultra_y,0.050708
kodak_0_4mp,8,butteraugli.resident_reduction,0.569174
kodak_0_4mp,8,frontend.ac_strategy.dct16,0.24915949999999998
kodak_0_4mp,8,frontend.ac_strategy.dct16x32,0.15586816666666667
kodak_0_4mp,8,frontend.ac_strategy.dct16x8,0.14937516666666667
kodak_0_4mp,8,frontend.ac_strategy.dct32,0.2750973333333333
kodak_0_4mp,8,frontend.ac_strategy.dct32x16,0.141403
kodak_0_4mp,8,frontend.ac_strategy.dct8,0.085993
kodak_0_4mp,8,frontend.ac_strategy.dct8x16,0.13508366666666666
kodak_0_4mp,8,frontend.ac_strategy.metadata,0.250764
kodak_0_4mp,8,frontend.ac_strategy.select,0.3605833333333333
kodak_0_4mp,8,frontend.initial_quantization,0.4730831666666666
kodak_0_4mp,8,frontend.prepare_aq.reference.main.high_x,0.06065983333333333
kodak_0_4mp,8,frontend.prepare_aq.reference.main.high_y,0.056972
kodak_0_4mp,8,frontend.prepare_aq.reference.main.low_medium,0.18037483333333335
kodak_0_4mp,8,frontend.prepare_aq.reference.main.mask,0.07683333333333332
kodak_0_4mp,8,frontend.prepare_aq.reference.main.medium_b,0.05552066666666666
kodak_0_4mp,8,frontend.prepare_aq.reference.main.opsin,0.06506250000000001
kodak_0_4mp,8,frontend.prepare_aq.reference.main.suppress_x,0.025986000000000006
kodak_0_4mp,8,frontend.prepare_aq.reference.main.ultra_x,0.0479445
kodak_0_4mp,8,frontend.prepare_aq.reference.main.ultra_y,0.0530695
kodak_0_4mp,8,frontend.prepare_aq.reference.sub.high_x,0.018993333333333334
kodak_0_4mp,8,frontend.prepare_aq.reference.sub.high_y,0.018486166666666668
kodak_0_4mp,8,frontend.prepare_aq.reference.sub.low_medium,0.050110999999999996
kodak_0_4mp,8,frontend.prepare_aq.reference.sub.mask,0.024451500000000004
kodak_0_4mp,8,frontend.prepare_aq.reference.sub.medium_b,0.017187333333333336
kodak_0_4mp,8,frontend.prepare_aq.reference.sub.opsin,0.06697216666666668
kodak_0_4mp,8,frontend.prepare_aq.reference.sub.suppress_x,0.009097333333333334
kodak_0_4mp,8,frontend.prepare_aq.reference.sub.ultra_x,0.015708166666666665
kodak_0_4mp,8,frontend.prepare_aq.reference.sub.ultra_y,0.017215166666666667
kodak_0_4mp,8,frontend.quant_adjustment,0.034041833333333334
kodak_0_4mp,9,aq.epf.pass_1,0.28663183333333336
kodak_0_4mp,9,aq.epf_linear.pass_2,0.15572216666666666
kodak_0_4mp,9,aq.final_frame.dc_quantization,0.4543471666666667
kodak_0_4mp,9,aq.final_frame.dct16,0.064868
kodak_0_4mp,9,aq.final_frame.dct16x32,0.10486116666666666
kodak_0_4mp,9,aq.final_frame.dct16x8,0.04700716666666666
kodak_0_4mp,9,aq.final_frame.dct32,0.19138216666666666
kodak_0_4mp,9,aq.final_frame.dct32x16,0.10622233333333332
kodak_0_4mp,9,aq.final_frame.dct8,0.10075683333333334
kodak_0_4mp,9,aq.final_frame.dct8x16,0.05874283333333333
kodak_0_4mp,9,aq.final_frame.quantizer,0.03829183333333333
kodak_0_4mp,9,aq.gaborish,0.15320916666666667
kodak_0_4mp,9,aq.policy_bounds,0.007055666666666666
kodak_0_4mp,9,aq.policy_initialize,0.0031321666666666668
kodak_0_4mp,9,aq.policy_update,0.01969483333333333
kodak_0_4mp,9,aq.reconstruction.coefficients.dct16,0.2527705
kodak_0_4mp,9,aq.reconstruction.coefficients.dct16x32,0.40675700000000004
kodak_0_4mp,9,aq.reconstruction.coefficients.dct16x8,0.17815950000000003
kodak_0_4mp,9,aq.reconstruction.coefficients.dct32,0.7452846666666667
kodak_0_4mp,9,aq.reconstruction.coefficients.dct32x16,0.40189616666666667
kodak_0_4mp,9,aq.reconstruction.coefficients.dct8,0.3648541666666667
kodak_0_4mp,9,aq.reconstruction.coefficients.dct8x16,0.21438216666666665
kodak_0_4mp,9,aq.reconstruction.dc_llf,0.20104
kodak_0_4mp,9,aq.reconstruction.dc_quantization,1.8425071666666666
kodak_0_4mp,9,aq.reconstruction.dc_smoothing,0.023632333333333335
kodak_0_4mp,9,aq.reconstruction.dct16,0.021471833333333332
kodak_0_4mp,9,aq.reconstruction.dct16x32,0.045353833333333336
kodak_0_4mp,9,aq.reconstruction.dct16x8,0.030937000000000003
kodak_0_4mp,9,aq.reconstruction.dct32,0.03208316666666667
kodak_0_4mp,9,aq.reconstruction.dct32x16,0.033562
kodak_0_4mp,9,aq.reconstruction.dct8,0.1858465
kodak_0_4mp,9,aq.reconstruction.dct8x16,0.03300033333333333
kodak_0_4mp,9,aq.reconstruction.final_cfl,1.2759233333333333
kodak_0_4mp,9,aq.reconstruction.forward.dct16,0.005076000000000001
kodak_0_4mp,9,aq.reconstruction.forward.dct16x32,0.0107985
kodak_0_4mp,9,aq.reconstruction.forward.dct16x8,0.007375
kodak_0_4mp,9,aq.reconstruction.forward.dct32,0.007465333333333333
kodak_0_4mp,9,aq.reconstruction.forward.dct32x16,0.007646
kodak_0_4mp,9,aq.reconstruction.forward.dct8,0.04405566666666666
kodak_0_4mp,9,aq.reconstruction.forward.dct8x16,0.008930666666666668
kodak_0_4mp,9,aq.reconstruction.quantizer,0.15481916666666665
kodak_0_4mp,9,aq.reconstruction.reset,0.009444333333333334
kodak_0_4mp,9,aq.strategy_dispatch,0.0033265
kodak_0_4mp,9,butteraugli.malta.main,1.0162918333333335
kodak_0_4mp,9,butteraugli.malta.sub,0.32627049999999996
kodak_0_4mp,9,butteraugli.mask.main,0.20651366666666668
kodak_0_4mp,9,butteraugli.mask_final.sub,0.18227066666666666
kodak_0_4mp,9,butteraugli.psycho.main.high_x,0.23713866666666664
kodak_0_4mp,9,butteraugli.psycho.main.high_y,0.229861
kodak_0_4mp,9,butteraugli.psycho.main.low_medium,0.7233545
kodak_0_4mp,9,butteraugli.psycho.main.medium_b,0.2216878333333333
kodak_0_4mp,9,butteraugli.psycho.main.opsin,0.25972216666666664
kodak_0_4mp,9,butteraugli.psycho.main.suppress_x,0.1052435
kodak_0_4mp,9,butteraugli.psycho.main.ultra_x,0.19374283333333334
kodak_0_4mp,9,butteraugli.psycho.main.ultra_y,0.2143058333333333
kodak_0_4mp,9,butteraugli.psycho.sub.high_x,0.07851399999999999
kodak_0_4mp,9,butteraugli.psycho.sub.high_y,0.07309716666666666
kodak_0_4mp,9,butteraugli.psycho.sub.low_medium,0.203167
kodak_0_4mp,9,butteraugli.psycho.sub.medium_b,0.06907633333333334
kodak_0_4mp,9,butteraugli.psycho.sub.opsin,0.19560366666666665
kodak_0_4mp,9,butteraugli.psycho.sub.suppress_x,0.034229333333333334
kodak_0_4mp,9,butteraugli.psycho.sub.ultra_x,0.06224333333333334
kodak_0_4mp,9,butteraugli.psycho.sub.ultra_y,0.06790266666666668
kodak_0_4mp,9,butteraugli.resident_reduction,0.7611321666666667
kodak_0_4mp,9,frontend.ac_strategy.dct16,0.31992366666666666
kodak_0_4mp,9,frontend.ac_strategy.dct16x32,0.15911783333333332
kodak_0_4mp,9,frontend.ac_strategy.dct16x8,0.14937483333333332
kodak_0_4mp,9,frontend.ac_strategy.dct32,0.2739931666666666
kodak_0_4mp,9,frontend.ac_strategy.dct32x16,0.14086116666666668
kodak_0_4mp,9,frontend.ac_strategy.dct8,0.08574316666666666
kodak_0_4mp,9,frontend.ac_strategy.dct8x16,0.148132
kodak_0_4mp,9,frontend.ac_strategy.metadata,0.2529375
kodak_0_4mp,9,frontend.ac_strategy.select,0.36084716666666666
kodak_0_4mp,9,frontend.initial_quantization,0.47961816666666673
kodak_0_4mp,9,frontend.prepare_aq.reference.main.high_x,0.06098599999999999
kodak_0_4mp,9,frontend.prepare_aq.reference.main.high_y,0.05847233333333334
kodak_0_4mp,9,frontend.prepare_aq.reference.main.low_medium,0.17961800000000003
kodak_0_4mp,9,frontend.prepare_aq.reference.main.mask,0.077389
kodak_0_4mp,9,frontend.prepare_aq.reference.main.medium_b,0.05502766666666667
kodak_0_4mp,9,frontend.prepare_aq.reference.main.opsin,0.06611833333333335
kodak_0_4mp,9,frontend.prepare_aq.reference.main.suppress_x,0.026604333333333337
kodak_0_4mp,9,frontend.prepare_aq.reference.main.ultra_x,0.0483125
kodak_0_4mp,9,frontend.prepare_aq.reference.main.ultra_y,0.052902666666666674
kodak_0_4mp,9,frontend.prepare_aq.reference.sub.high_x,0.01928466666666667
kodak_0_4mp,9,frontend.prepare_aq.reference.sub.high_y,0.018375
kodak_0_4mp,9,frontend.prepare_aq.reference.sub.low_medium,0.05022933333333333
kodak_0_4mp,9,frontend.prepare_aq.reference.sub.mask,0.024590333333333336
kodak_0_4mp,9,frontend.prepare_aq.reference.sub.medium_b,0.017020833333333336
kodak_0_4mp,9,frontend.prepare_aq.reference.sub.opsin,0.06692383333333334
kodak_0_4mp,9,frontend.prepare_aq.reference.sub.suppress_x,0.008930500000000001
kodak_0_4mp,9,frontend.prepare_aq.reference.sub.ultra_x,0.015659666666666665
kodak_0_4mp,9,frontend.prepare_aq.reference.sub.ultra_y,0.017076333333333336
kodak_0_4mp,9,frontend.quant_adjustment,0.033444499999999995
kodak_0_4mp,10,aq.epf.pass_1,0.28489549999999997
kodak_0_4mp,10,aq.epf_linear.pass_2,0.15379850000000003
kodak_0_4mp,10,aq.final_frame.dc_quantization,0.45100000000000007
kodak_0_4mp,10,aq.final_frame.dct16,0.06154166666666666
kodak_0_4mp,10,aq.final_frame.dct16x32,0.10202783333333332
kodak_0_4mp,10,aq.final_frame.dct16x8,0.043361000000000004
kodak_0_4mp,10,aq.final_frame.dct32,0.1870696666666667
kodak_0_4mp,10,aq.final_frame.dct32x16,0.102896
kodak_0_4mp,10,aq.final_frame.dct8,0.09475716666666667
kodak_0_4mp,10,aq.final_frame.dct8x16,0.051541833333333335
kodak_0_4mp,10,aq.final_frame.quantizer,0.037604
kodak_0_4mp,10,aq.gaborish,0.154965
kodak_0_4mp,10,aq.policy_bounds,0.0074025
kodak_0_4mp,10,aq.policy_initialize,0.0036458333333333325
kodak_0_4mp,10,aq.policy_update,0.018923333333333334
kodak_0_4mp,10,aq.reconstruction.coefficients.dct16,0.23340983333333334
kodak_0_4mp,10,aq.reconstruction.coefficients.dct16x32,0.4630895
kodak_0_4mp,10,aq.reconstruction.coefficients.dct16x8,0.18158300000000002
kodak_0_4mp,10,aq.reconstruction.coefficients.dct32,0.7524173333333333
kodak_0_4mp,10,aq.reconstruction.coefficients.dct32x16,0.3961253333333333
kodak_0_4mp,10,aq.reconstruction.coefficients.dct8,0.3472566666666667
kodak_0_4mp,10,aq.reconstruction.coefficients.dct8x16,0.198632
kodak_0_4mp,10,aq.reconstruction.dc_llf,0.13462433333333332
kodak_0_4mp,10,aq.reconstruction.dc_quantization,1.8021318333333332
kodak_0_4mp,10,aq.reconstruction.dc_smoothing,0.022624833333333334
kodak_0_4mp,10,aq.reconstruction.dct16,0.021507
kodak_0_4mp,10,aq.reconstruction.dct16x32,0.04766
kodak_0_4mp,10,aq.reconstruction.dct16x8,0.031
kodak_0_4mp,10,aq.reconstruction.dct32,0.03209
kodak_0_4mp,10,aq.reconstruction.dct32x16,0.035146166666666666
kodak_0_4mp,10,aq.reconstruction.dct8,0.20338866666666666
kodak_0_4mp,10,aq.reconstruction.dct8x16,0.03257650000000001
kodak_0_4mp,10,aq.reconstruction.final_cfl,1.3004795
kodak_0_4mp,10,aq.reconstruction.forward.dct16,0.005138833333333334
kodak_0_4mp,10,aq.reconstruction.forward.dct16x32,0.011791333333333332
kodak_0_4mp,10,aq.reconstruction.forward.dct16x8,0.007090333333333334
kodak_0_4mp,10,aq.reconstruction.forward.dct32,0.007520833333333333
kodak_0_4mp,10,aq.reconstruction.forward.dct32x16,0.007819666666666667
kodak_0_4mp,10,aq.reconstruction.forward.dct8,0.043909833333333335
kodak_0_4mp,10,aq.reconstruction.forward.dct8x16,0.008479333333333334
kodak_0_4mp,10,aq.reconstruction.quantizer,0.15043716666666665
kodak_0_4mp,10,aq.reconstruction.reset,0.009056
kodak_0_4mp,10,butteraugli.malta.main,0.9789583333333334
kodak_0_4mp,10,butteraugli.malta.sub,0.3115551666666667
kodak_0_4mp,10,butteraugli.mask.main,0.20247216666666668
kodak_0_4mp,10,butteraugli.mask_final.sub,0.17693766666666666
kodak_0_4mp,10,butteraugli.psycho.main.high_x,0.23845133333333335
kodak_0_4mp,10,butteraugli.psycho.main.high_y,0.23822933333333332
kodak_0_4mp,10,butteraugli.psycho.main.low_medium,0.7213818333333334
kodak_0_4mp,10,butteraugli.psycho.main.medium_b,0.22204883333333336
kodak_0_4mp,10,butteraugli.psycho.main.opsin,0.25758983333333335
kodak_0_4mp,10,butteraugli.psycho.main.suppress_x,0.104722
kodak_0_4mp,10,butteraugli.psycho.main.ultra_x,0.18594466666666667
kodak_0_4mp,10,butteraugli.psycho.main.ultra_y,0.21143766666666666
kodak_0_4mp,10,butteraugli.psycho.sub.high_x,0.15213900000000002
kodak_0_4mp,10,butteraugli.psycho.sub.high_y,0.07318783333333333
kodak_0_4mp,10,butteraugli.psycho.sub.low_medium,0.19970116666666668
kodak_0_4mp,10,butteraugli.psycho.sub.medium_b,0.06827083333333334
kodak_0_4mp,10,butteraugli.psycho.sub.opsin,0.19468716666666666
kodak_0_4mp,10,butteraugli.psycho.sub.suppress_x,0.03447216666666667
kodak_0_4mp,10,butteraugli.psycho.sub.ultra_x,0.06243033333333333
kodak_0_4mp,10,butteraugli.psycho.sub.ultra_y,0.067403
kodak_0_4mp,10,butteraugli.resident_reduction,0.7292986666666667
kodak_0_4mp,10,frontend.ac_strategy.dct16,0.24797916666666667
kodak_0_4mp,10,frontend.ac_strategy.dct16x32,0.4010278333333333
kodak_0_4mp,10,frontend.ac_strategy.dct16x8,0.15100699999999997
kodak_0_4mp,10,frontend.ac_strategy.dct32,0.6831456666666668
kodak_0_4mp,10,frontend.ac_strategy.dct32x16,0.3779653333333333
kodak_0_4mp,10,frontend.ac_strategy.dct8,0.08609033333333334
kodak_0_4mp,10,frontend.ac_strategy.dct8x16,0.13522933333333334
kodak_0_4mp,10,frontend.initial_quantization,0.46445833333333336
kodak_0_4mp,10,frontend.prepare_aq.reference.main.high_x,0.06008316666666667
kodak_0_4mp,10,frontend.prepare_aq.reference.main.high_y,0.058937500000000004
kodak_0_4mp,10,frontend.prepare_aq.reference.main.low_medium,0.17941683333333336
kodak_0_4mp,10,frontend.prepare_aq.reference.main.mask,0.07626383333333332
kodak_0_4mp,10,frontend.prepare_aq.reference.main.medium_b,0.05512516666666667
kodak_0_4mp,10,frontend.prepare_aq.reference.main.opsin,0.137993
kodak_0_4mp,10,frontend.prepare_aq.reference.main.suppress_x,0.026173500000000002
kodak_0_4mp,10,frontend.prepare_aq.reference.main.ultra_x,0.04755566666666667
kodak_0_4mp,10,frontend.prepare_aq.reference.main.ultra_y,0.05326383333333334
kodak_0_4mp,10,frontend.prepare_aq.reference.sub.high_x,0.01904883333333333
kodak_0_4mp,10,frontend.prepare_aq.reference.sub.high_y,0.0183055
kodak_0_4mp,10,frontend.prepare_aq.reference.sub.low_medium,0.050319499999999996
kodak_0_4mp,10,frontend.prepare_aq.reference.sub.mask,0.024652833333333332
kodak_0_4mp,10,frontend.prepare_aq.reference.sub.medium_b,0.016937666666666667
kodak_0_4mp,10,frontend.prepare_aq.reference.sub.opsin,0.06662483333333333
kodak_0_4mp,10,frontend.prepare_aq.reference.sub.suppress_x,0.009319500000000001
kodak_0_4mp,10,frontend.prepare_aq.reference.sub.ultra_x,0.015604
kodak_0_4mp,10,frontend.prepare_aq.reference.sub.ultra_y,0.017291333333333336
kodak_0_4mp,10,frontend.quant_adjustment,0.019354
